,Unnamed: 0_x,person_id,arrest_id_x,charge_degree,offense_category,arrest_date_event,Unnamed: 0_y,arrest_id_y,age_at_arrest,sex,race,arrest_date_univ,date_diff,id_diff,y,current_charge_felony,num_fel_arrests_last_year
1957,1222,65316,6276380,misdemeanor,violent,2017-01-04,429,6863214,36.42739726027397,M,Black,2016-07-08,180.0,0.0,0,0.0,1
3125,6085,98350,7825454,misdemeanor,other,2015-10-24,183,4251991,53.772602739726025,M,Black,2018-03-02,-1559.0,0.0,0,0.0,1
1303,1834,45181,3466210,felony,other,2018-07-10,207,3488332,19.26849315068493,M,Black,2018-07-05,-206.0,0.0,1,0.0,2
809,6401,26596,7716503,misdemeanor,other,2015-11-27,137,7370720,46.40547945205479,M,mixed,2016-03-09,-2.0,0.0,0,0.0,0
5715,3106,1354979,10824060,misdemeanor,drug,2013-02-01,509,7473272,34.85479452054795,F,White,2016-02-11,-1105.0,0.0,0,0.0,0
3276,3835,162419,9440643,felony,drug,2014-05-21,329,7017218,33.38082191780822,M,Black,2016-05-25,-735.0,0.0,0,0.0,0
5250,2757,1113786,7916721,misdemeanor,property,2015-09-27,620,7061405,21.46027397260274,F,Black,2016-05-13,681.0,0.0,0,0.0,1
546,107,19918,11937347,misdemeanor,violent,2015-07-14,562,2977729,27.96712328767123,M,White,2018-09-22,0.0,0.0,0,0.0,0
2923,3635,91883,556446,misdemeanor,property,2019-12-07,903,7408614,25.14246575342466,F,Black,2016-02-27,122.0,0.0,0,0.0,0
3575,3534,275082,3083081,misdemeanor,other,2018-09-04,303,3083081,48.989041095890414,M,Black,2018-09-04,-801.0,0.0,0,0.0,0
393,96,14773,858015,misdemeanor,violent,2019-10-07,792,6072762,28.04383561643836,M,White,2017-02-25,1006.0,360.0,0,0.0,1
5731,6244,1423711,5972614,misdemeanor,other,2017-03-25,310,5972614,19.38082191780822,M,White,2017-03-25,-171.0,2686.0,0,0.0,0
381,257,14260,12007268,misdemeanor,violent,2018-08-27,625,12005344,19.30958904109589,M,,2018-01-15,-178.0,0.0,0,0.0,0
702,5426,25238,6126549,misdemeanor,drug,2017-02-13,595,6595530,20.353424657534248,M,White,2016-09-26,891.0,0.0,0,0.0,0
1420,798,48528,7476118,felony,violent,2016-02-10,155,3851361,25.53972602739726,M,White,2018-04-29,633.0,0.0,0,0.0,0
851,4254,27249,5019693,misdemeanor,property,2017-10-13,960,6478529,22.87945205479452,M,Black,2016-11-01,508.0,0.0,0,0.0,3
1800,1801,57776,5263490,misdemeanor,drug,2020-09-09,500,7308318,21.936986301369863,M,Black,2016-03-25,455.0,0.0,0,0.0,1
5798,1451,1488855,11325980,misdemeanor,drug,2012-08-03,245,4207288,31.80821917808219,F,mixed,2018-03-09,-2037.0,13138.0,0,0.0,0
6253,3129,2594951,3824510,misdemeanor,violent,2018-05-04,515,3824510,19.32602739726028,M,,2018-05-04,403.0,1264.0,0,0.0,0
1759,5026,57265,8917563,misdemeanor,property,2014-11-05,116,5435848,31.40821917808219,M,Black,2017-07-29,-950.0,0.0,0,0.0,0
5183,5930,1072559,5634714,misdemeanor,other,2017-06-16,467,6845142,55.02739726027397,M,White,2016-07-15,56.0,0.0,0,0.0,0
1987,3349,65834,5658290,misdemeanor,other,2017-06-12,485,5660831,20.065753424657533,M,Black,2017-06-10,-494.0,0.0,0,0.0,1
540,1278,19626,4180689,felony,violent,2018-03-14,263,4180689,21.15890410958904,F,mixed,2018-03-14,0.0,0.0,1,0.0,0
1424,4569,48528,3851361,misdemeanor,drug,2018-04-29,155,3851361,25.53972602739726,M,White,2018-04-29,-42.0,0.0,0,0.0,0
5473,1616,1241445,5996044,misdemeanor,property,2017-03-19,732,6213037,27.578082191780823,M,White,2017-01-21,1725.0,0.0,0,0.0,0
1189,5252,38602,7787122,misdemeanor,other,2015-11-05,853,6235576,43.96986301369863,M,Black,2017-01-14,-1135.0,0.0,0,0.0,0
4655,4851,940651,10771411,misdemeanor,other,2013-02-20,601,3015248,40.293150684931504,F,mixed,2018-09-15,-649.0,0.0,0,0.0,0
1255,5106,43195,2640373,misdemeanor,drug,2018-11-26,23,2766114,20.693150684931503,M,Black,2018-11-01,327.0,0.0,0,0.0,1
5870,1306,1543625,8828583,misdemeanor,property,2014-12-06,441,4283852,56.85753424657534,M,Black,2018-02-25,270.0,0.0,0,0.0,0
3595,280,306222,8099736,misdemeanor,drug,2015-08-01,409,6809493,24.671232876712327,M,Black,2016-07-26,-1679.0,4609.0,0,0.0,2
6126,625,2202943,9545427,misdemeanor,other,2014-04-14,525,4763108,48.704109589041096,F,White,2017-11-23,-1319.0,0.0,0,0.0,0
3543,4478,259056,8163797,felony,other,2015-07-13,59,4219078,40.772602739726025,M,Black,2018-03-08,-1791.0,0.0,0,0.0,1
4870,1796,1009066,270908,misdemeanor,violent,2020-02-06,67,5067540,20.96712328767123,M,Black,2017-10-04,-13.0,0.0,0,0.0,0
3239,3977,126282,10423298,felony,other,2013-06-21,3,3573863,36.465753424657535,M,Black,2018-06-20,-2310.0,0.0,0,0.0,0
414,188,14780,9502200,felony,property,2014-04-28,175,11966928,22.197260273972603,M,White,2016-04-12,-1951.0,0.0,0,0.0,1
2579,1193,80524,6978316,felony,violent,2016-06-06,828,6978316,38.4,M,Black,2016-06-06,214.0,0.0,1,0.0,5
5686,3998,1335744,2635310,misdemeanor,drug,2018-11-27,833,6148186,32.846575342465755,F,Black,2017-02-07,1609.0,0.0,0,0.0,0
175,1381,8089,8008834,misdemeanor,other,2015-08-30,586,4652942,22.35890410958904,M,Black,2017-12-12,316.0,0.0,0,0.0,0
4231,3708,709462,6798949,misdemeanor,property,2016-07-29,783,6798949,43.88767123287671,M,Black,2016-07-29,33.0,2438.0,0,0.0,0
3916,2174,351751,7846634,misdemeanor,violent,2015-10-18,171,6215292,23.90410958904109,F,White,2017-01-20,-144.0,0.0,0,0.0,0
3236,3547,126282,1498893,misdemeanor,property,2019-06-06,3,3573863,36.465753424657535,M,Black,2018-06-20,559.0,0.0,0,0.0,0
1712,716,56946,10222850,felony,drug,2013-08-28,786,5140950,38.2027397260274,M,Black,2017-09-21,-2101.0,0.0,0,0.0,0
4403,5765,860034,1070818,misdemeanor,property,2019-08-28,530,4689683,41.83287671232877,M,Black,2017-12-06,825.0,0.0,0,0.0,0
2034,508,66832,13582607,misdemeanor,drug,2012-07-30,892,4100820,33.62465753424657,M,Black,2018-03-28,42.0,0.0,0,0.0,1
3308,50,184900,7157228,misdemeanor,other,2016-05-06,554,7157228,24.46849315068493,M,Black,2016-05-06,-77.0,0.0,0,0.0,0
5720,6242,1407719,4860302,misdemeanor,other,2017-11-07,559,4860301,56.50684931506849,M,White,2017-11-07,0.0,0.0,0,0.0,0
3602,3731,306222,5252269,misdemeanor,property,2017-09-04,409,6809493,24.671232876712327,M,Black,2016-07-26,1530.0,0.0,0,0.0,2
930,4179,27586,278874,felony,property,2020-02-05,145,6049427,22.48767123287672,M,mixed,2017-03-03,152.0,0.0,1,1.0,0
1714,859,56946,1531302,misdemeanor,drug,2019-05-30,786,5140950,38.2027397260274,M,Black,2017-09-21,1961.0,0.0,0,0.0,0
956,5416,27836,6794553,misdemeanor,other,2016-07-30,576,6766557,36.69041095890411,M,White,2016-08-09,383.0,0.0,0,0.0,1
4836,1628,1000558,63279,misdemeanor,violent,2020-03-27,497,5049840,36.57808219178082,M,mixed,2017-10-08,1807.0,0.0,0,0.0,0
920,6454,27558,4520599,misdemeanor,property,2018-01-12,54,4448872,37.512328767123286,M,Black,2018-01-25,454.0,0.0,0,0.0,1
2461,0,78786,3835604,felony,property,2018-05-01,479,6645202,24.15068493150685,M,White,2016-09-12,71.0,287.0,0,0.0,2
3484,3880,243705,6532455,felony,property,2016-10-17,481,6532455,18.654794520547945,M,Black,2016-10-17,-884.0,0.0,0,0.0,1
2665,5645,82277,1216514,misdemeanor,drug,2019-07-30,725,7591971,30.315068493150687,M,Black,2016-01-06,-24.0,0.0,0,0.0,1
1423,3374,48528,3627021,misdemeanor,other,2018-06-10,155,3851361,25.53972602739726,M,White,2018-04-29,-525.0,0.0,0,0.0,0
3940,1620,358578,2511968,felony,violent,2018-12-19,423,2511968,38.64109589041096,M,,2018-12-19,1489.0,0.0,0,0.0,2
3448,3827,235227,10423855,misdemeanor,drug,2013-06-21,317,5726487,39.8986301369863,F,Black,2017-05-27,130.0,0.0,0,0.0,0
1443,793,49472,7147586,felony,drug,2016-05-09,119,7563566,32.298630136986304,M,Black,2016-01-14,371.0,0.0,0,0.0,0
2444,2754,77608,8792751,misdemeanor,property,2014-12-18,934,4613060,36.35890410958904,F,White,2017-12-20,0.0,0.0,0,0.0,1
4934,1329,1026471,5693666,misdemeanor,drug,2017-06-01,197,5775568,21.797260273972604,M,Black,2017-05-14,-259.0,0.0,0,0.0,1
4725,907,964750,9256209,misdemeanor,other,2014-07-13,957,6232325,43.64383561643836,M,Black,2017-01-16,-28.0,2931.0,0,0.0,0
277,1034,10237,3013712,misdemeanor,violent,2018-09-16,516,3013712,26.4986301369863,M,Black,2018-09-16,2256.0,0.0,0,0.0,0
5341,5120,1127005,3246697,misdemeanor,other,2018-07-31,234,3052452,52.342465753424655,M,White,2018-09-08,-34.0,0.0,0,0.0,0
4853,2054,1002535,2300525,misdemeanor,violent,2019-02-01,388,5559287,23.715068493150685,M,Black,2017-07-04,37.0,0.0,0,0.0,0
1078,4037,33016,11103213,misdemeanor,drug,2012-10-19,43,6443817,28.084931506849315,F,mixed,2016-11-13,-270.0,226.0,0,0.0,0
4466,1021,909315,3926165,misdemeanor,violent,2018-04-16,410,4524392,22.035616438356165,M,Black,2018-01-11,95.0,0.0,0,0.0,0
3238,3638,126282,804028,misdemeanor,property,2019-10-18,3,3573863,36.465753424657535,M,Black,2018-06-20,2264.0,0.0,0,0.0,0
4311,6209,746888,4981381,misdemeanor,other,2017-10-20,561,4981381,47.06575342465754,F,Black,2017-10-20,-15.0,0.0,0,0.0,0
3989,4679,419322,2517907,misdemeanor,drug,2018-12-18,742,3227956,20.736986301369864,M,White,2018-08-03,-109.0,0.0,0,0.0,0
2686,1152,82604,8740690,felony,drug,2015-01-10,129,2576292,34.865753424657534,M,Black,2018-12-07,604.0,0.0,0,0.0,2
3719,1506,324828,3377463,misdemeanor,violent,2018-07-24,789,3377463,34.227397260273975,M,Black,2018-07-24,-161.0,0.0,0,0.0,0
5514,5282,1268621,6975690,misdemeanor,violent,2016-06-07,193,6783898,50.276712328767125,M,White,2016-08-03,-57.0,0.0,0,0.0,0
371,5221,13605,7137668,misdemeanor,other,2016-05-11,115,7137668,44.14520547945205,F,Asian,2016-05-11,58.0,0.0,0,0.0,0
4919,598,1023093,1991202,misdemeanor,violent,2019-03-27,64,3493710,18.852054794520548,M,Black,2018-07-04,337.0,887.0,0,0.0,0
987,5430,28614,3033487,misdemeanor,other,2018-09-12,983,6045036,25.895890410958906,M,Black,2017-03-05,556.0,0.0,0,0.0,0
4001,269,451627,10408316,misdemeanor,property,2013-06-26,293,6724161,44.64109589041096,M,Black,2016-08-21,68.0,0.0,0,0.0,1
4714,1444,961194,2905481,misdemeanor,property,2018-10-05,945,3394043,55.55068493150685,M,Black,2018-07-20,15.0,0.0,0,0.0,0
3126,6089,98350,5742205,misdemeanor,other,2017-05-23,183,4251991,53.772602739726025,M,Black,2018-03-02,577.0,0.0,0,0.0,1
4075,2644,531993,8337014,misdemeanor,property,2015-05-18,802,5598101,52.59178082191781,M,White,2017-06-23,80.0,0.0,0,0.0,1
5928,5742,1609935,586033,misdemeanor,other,2019-12-03,406,7395386,41.40547945205479,,,2016-03-02,1371.0,0.0,0,0.0,0
6026,5250,1773950,10456712,misdemeanor,drug,2013-06-10,114,7550575,37.12054794520548,M,Black,2016-01-17,-723.0,0.0,0,0.0,0
1711,693,56946,1531303,misdemeanor,property,2019-05-30,786,5140950,38.2027397260274,M,Black,2017-09-21,963.0,494.0,0,0.0,0
5614,2640,1307676,9553536,misdemeanor,violent,2014-04-11,383,6704112,35.09315068493151,M,White,2016-08-26,-927.0,0.0,0,0.0,0
3798,441,339988,11213780,misdemeanor,property,2012-09-11,139,5998375,56.57534246575342,M,,2017-03-17,-1228.0,0.0,0,0.0,0
1825,1639,59002,7765697,misdemeanor,violent,2015-11-12,902,4481139,39.21095890410959,M,Black,2018-01-19,-749.0,0.0,0,0.0,0
3617,271,316053,9248353,misdemeanor,violent,2014-07-15,353,5560634,41.33698630136986,F,White,2017-07-03,-85.0,4346.0,0,0.0,0
494,5767,15353,1599961,misdemeanor,property,2019-05-20,560,3039691,34.391780821917806,F,White,2018-09-11,-24.0,0.0,0,0.0,3
2676,689,82604,8479149,misdemeanor,violent,2015-04-02,129,2576292,34.865753424657534,M,Black,2018-12-07,-977.0,118.0,0,0.0,2
1413,1457,48211,10615176,misdemeanor,drug,2013-04-16,843,3250281,34.2,M,White,2018-07-30,108.0,0.0,0,0.0,0
2177,1716,69777,5932330,felony,violent,2017-04-03,868,5594049,27.216438356164385,M,Other,2017-06-24,-77.0,0.0,1,0.0,2
2893,3711,91690,6542560,misdemeanor,property,2016-10-13,952,5883395,25.66575342465753,M,Black,2017-04-17,1000.0,0.0,0,0.0,0
5412,1833,1137620,2765604,misdemeanor,property,2018-11-01,845,3130830,33.10958904109589,M,Black,2018-08-24,68.0,0.0,0,0.0,0
5523,4460,1281927,3451139,misdemeanor,other,2018-07-12,458,3451139,19.22739726027397,M,White,2018-07-12,135.0,1994.0,0,0.0,0
5661,2213,1309468,7019166,misdemeanor,drug,2016-05-24,287,7307171,35.24931506849315,F,White,2016-03-26,67.0,0.0,0,0.0,0
1698,2056,56410,2098969,misdemeanor,property,2019-03-09,741,4937826,33.4027397260274,M,Black,2017-10-27,-104.0,0.0,0,0.0,0
3901,2195,349867,9186427,misdemeanor,property,2014-08-05,676,6357251,23.82191780821918,F,White,2016-12-09,289.0,0.0,0,0.0,0
6086,1762,1992727,8921890,felony,property,2014-11-03,328,6182084,27.421917808219177,F,Other,2017-01-30,-828.0,0.0,0,0.0,0
5968,2976,1633210,10304407,misdemeanor,property,2013-08-02,349,3775181,26.731506849315068,M,Black,2018-05-13,-1197.0,5197.0,0,0.0,0
2358,3122,75450,5560397,misdemeanor,property,2017-07-04,81,7462166,53.10410958904109,M,White,2016-02-16,504.0,0.0,0,0.0,0
36,1282,2326,1107260,felony,violent,2019-08-20,807,7591648,31.378082191780823,M,Black,2016-01-06,499.0,0.0,0,0.0,1
5859,726,1531743,10372870,misdemeanor,drug,2013-07-09,398,7598842,41.62191780821918,M,Black,2016-01-04,-1012.0,12298.0,0,0.0,0
4667,919,951591,7691328,misdemeanor,violent,2015-12-04,30,5053353,26.58356164383561,M,Black,2017-10-06,796.0,0.0,0,0.0,0
2280,2765,74595,8620561,misdemeanor,violent,2015-02-13,148,2568623,38.24109589041096,M,Black,2018-12-10,-868.0,0.0,0,0.0,0
239,1380,9102,7812370,felony,other,2015-10-28,521,4983747,24.898630136986306,M,Black,2017-10-19,1196.0,0.0,0,0.0,0
3271,6064,146410,3477178,misdemeanor,other,2018-07-07,518,5763206,53.31506849315068,M,Black,2017-05-17,186.0,0.0,0,0.0,1
4517,4862,910635,9127077,misdemeanor,other,2014-08-25,841,4973877,61.01643835616439,M,Black,2017-10-22,-14.0,0.0,0,0.0,0
4092,5660,533988,4454687,misdemeanor,other,2018-01-24,110,6485726,27.197260273972603,M,White,2016-10-30,451.0,0.0,0,0.0,0
2270,6347,72764,111568,felony,property,2020-03-10,885,6163577,22.72054794520548,F,Black,2017-02-03,363.0,0.0,1,1.0,3
2317,2777,74723,6376258,misdemeanor,drug,2016-11-29,593,4502652,33.131506849315066,M,White,2018-01-16,-849.0,46.0,0,0.0,0
1232,3076,41991,6778366,felony,property,2016-08-05,563,6778366,24.93972602739726,M,White,2016-08-05,-139.0,0.0,1,0.0,4
1158,6418,35320,6893268,misdemeanor,other,2016-07-02,544,3607980,24.339726027397266,M,Black,2018-06-13,365.0,0.0,0,0.0,2
491,2705,15353,8038253,felony,property,2019-08-08,560,3039691,34.391780821917806,F,White,2018-09-11,52.0,0.0,1,1.0,3
5886,1612,1557971,5344015,misdemeanor,property,2017-08-16,546,6545079,43.106849315068494,M,Black,2016-10-12,271.0,0.0,0,0.0,0
6369,4170,3097517,3878383,misdemeanor,violent,2018-04-24,215,3864977,37.23561643835617,M,,2018-04-26,304.0,0.0,0,0.0,1
2091,500,68785,5998530,felony,violent,2017-03-17,154,6074502,39.4027397260274,,Black,2017-02-24,0.0,0.0,1,0.0,2
5985,2300,1672827,6486564,misdemeanor,violent,2016-10-29,695,6486564,47.54794520547945,M,Black,2016-10-29,-44.0,0.0,0,0.0,0
6238,3177,2570957,5035688,misdemeanor,property,2017-10-11,346,5035688,27.24931506849315,M,White,2017-10-11,17.0,0.0,0,0.0,0
6400,4363,3185585,5709583,misdemeanor,other,2017-05-28,579,6326198,50.45205479452055,M,Black,2016-12-17,-153.0,0.0,0,0.0,0
6077,5271,1817697,3631787,misdemeanor,property,2018-06-08,55,3631787,50.76712328767123,M,White,2018-06-08,-53.0,2881.0,0,0.0,0
6437,5470,3231517,3512764,felony,drug,2018-06-30,898,3512764,28.975342465753425,M,Black,2018-06-30,1228.0,0.0,0,1.0,0
1886,5677,62440,3439232,felony,other,2018-07-13,702,3472322,54.43835616438356,M,White,2018-07-09,1567.0,0.0,0,1.0,1
367,6267,13592,753120,felony,property,2019-10-29,821,7357500,33.413698630136984,M,Black,2016-03-13,2464.0,0.0,0,0.0,5
2747,1562,83874,8066203,felony,other,2015-08-12,757,4159297,24.51506849315069,F,Black,2018-03-19,-1845.0,0.0,0,0.0,1
6105,658,2119515,5919570,felony,property,2017-04-06,577,5927377,22.58904109589041,M,Black,2017-04-04,518.0,0.0,0,0.0,0
1099,6285,33253,6382969,misdemeanor,other,2016-11-28,649,4284534,24.306849315068494,M,Black,2018-02-25,-454.0,0.0,0,0.0,0
4739,5082,971359,9155156,misdemeanor,other,2014-08-15,66,6234841,30.63287671232877,M,White,2017-01-15,435.0,0.0,0,0.0,0
5333,1967,1127005,8119154,misdemeanor,other,2015-07-27,234,3052452,52.342465753424655,M,White,2018-09-08,999.0,0.0,0,0.0,0
139,4934,5400,78098,misdemeanor,other,2020-03-18,642,4292218,27.21917808219178,M,Black,2018-02-22,1541.0,0.0,0,0.0,0
4838,1215,1000596,5455518,misdemeanor,violent,2017-07-25,181,5455518,44.77534246575343,M,Black,2017-07-25,1090.0,38.0,0,0.0,0
4681,1985,953314,6822460,felony,property,2016-07-21,800,5373998,23.87123287671233,M,White,2017-08-10,929.0,0.0,0,0.0,0
1287,5056,44351,3009363,misdemeanor,drug,2018-09-17,262,4130120,27.8054794520548,F,Black,2018-03-24,-640.0,0.0,0,0.0,0
1008,2555,29538,10922595,misdemeanor,property,2012-12-24,756,4502396,35.553424657534244,M,Black,2018-01-16,-2351.0,0.0,0,0.0,1
4713,1441,961194,2986694,misdemeanor,property,2018-09-20,945,3394043,55.55068493150685,M,Black,2018-07-20,84.0,0.0,0,0.0,0
1376,1528,47273,11593472,felony,drug,2012-05-04,621,7465597,23.38082191780822,M,Black,2016-02-13,-148.0,0.0,1,0.0,0
4372,3228,847994,9099585,misdemeanor,drug,2014-09-04,156,7311479,25.2986301369863,M,Black,2016-03-25,-760.0,0.0,0,0.0,0
5489,5348,1244695,3046602,felony,other,2018-09-10,211,3046602,45.02739726027397,F,White,2018-09-10,198.0,0.0,1,0.0,1
1944,2958,64186,2285598,misdemeanor,drug,2019-02-05,917,6203506,35.85753424657534,M,Black,2017-01-24,112.0,0.0,0,0.0,0
24,5159,2003,2633738,misdemeanor,property,2018-11-27,325,3551844,53.465753424657535,M,Black,2018-06-22,325.0,0.0,0,0.0,0
405,99,14780,370660,misdemeanor,drug,2020-01-17,175,11966928,22.197260273972603,M,White,2016-04-12,959.0,0.0,0,0.0,1
377,6263,13665,5857145,misdemeanor,other,2017-04-21,90,6053662,47.84109589041096,M,Black,2017-03-02,50.0,0.0,0,0.0,1
2449,4083,77608,4199387,misdemeanor,property,2018-03-12,934,4613060,36.35890410958904,F,White,2017-12-20,149.0,0.0,0,0.0,1
5684,3962,1335744,8776749,misdemeanor,drug,2014-12-24,833,6148186,32.846575342465755,F,Black,2017-02-07,-1625.0,0.0,0,0.0,0
2911,6458,91718,4285796,misdemeanor,property,2018-02-24,25,6028961,29.572602739726022,M,Black,2017-03-09,388.0,0.0,0,0.0,0
3367,3851,213172,7626618,misdemeanor,violent,2015-12-23,141,6009424,19.265753424657536,M,Black,2017-03-15,-1083.0,0.0,0,0.0,0
3241,4570,126282,2856931,misdemeanor,property,2018-10-15,3,3573863,36.465753424657535,M,Black,2018-06-20,1380.0,0.0,0,0.0,0
4009,3270,451627,6724161,felony,property,2016-08-21,293,6724161,44.64109589041096,M,Black,2016-08-21,-46.0,0.0,1,0.0,1
5827,1855,1509614,6304667,misdemeanor,other,2016-12-24,424,7369356,52.19178082191781,M,White,2016-03-09,357.0,0.0,0,0.0,0
6463,5955,3363012,3601979,misdemeanor,other,2018-06-14,389,3601979,23.39178082191781,M,Black,2018-06-14,-1.0,66.0,0,0.0,0
5487,5328,1244695,3638737,felony,drug,2018-06-07,211,3046602,45.02739726027397,F,White,2018-09-10,203.0,0.0,1,0.0,1
1727,733,57158,10119101,felony,violent,2013-10-04,168,3882249,29.983561643835618,M,Black,2018-04-23,84.0,0.0,1,0.0,0
4547,1115,911946,9715992,misdemeanor,violent,2014-02-13,727,6339294,31.46027397260274,M,Black,2016-12-13,187.0,0.0,0,0.0,0
4300,3913,741080,5811982,misdemeanor,drug,2017-05-04,645,3802665,65.33972602739726,M,Black,2018-05-08,-136.0,2089.0,0,0.0,0
3859,5089,342986,3265232,misdemeanor,property,2018-07-27,427,3234875,50.80821917808219,M,Black,2018-08-02,326.0,0.0,0,0.0,2
4617,1275,929734,2865043,misdemeanor,violent,2018-10-14,297,2971473,40.465753424657535,M,White,2018-09-24,401.0,0.0,0,0.0,0
3073,3565,93743,10150429,misdemeanor,property,2013-09-23,640,7392722,22.873972602739727,M,Black,2016-03-03,-893.0,917.0,0,0.0,0
5420,1879,1137620,1635063,misdemeanor,property,2019-05-13,845,3130830,33.10958904109589,M,Black,2018-08-24,167.0,0.0,0,0.0,0
5049,5870,1061804,28642977,misdemeanor,other,2012-03-30,355,7382549,28.82191780821918,M,White,2016-03-07,-2231.0,0.0,0,0.0,0
6406,2884,3192434,4951883,misdemeanor,property,2017-10-25,921,4951883,56.33424657534247,M,White,2017-10-25,94.0,559.0,0,0.0,0
2752,3806,84027,11352828,misdemeanor,other,2012-07-26,607,2680535,39.26849315068493,M,Black,2018-11-18,-1241.0,0.0,0,0.0,1
1313,1472,45613,9488877,misdemeanor,violent,2014-05-03,692,3245978,36.17808219178082,F,Black,2018-07-31,-1116.0,0.0,0,0.0,0
269,4697,10071,8903270,misdemeanor,drug,2014-11-10,967,5792197,21.95890410958904,M,Black,2017-05-09,38.0,0.0,0,0.0,1
1868,2938,60742,985199,misdemeanor,violent,2019-09-13,737,6015800,28.254794520547943,M,Black,2017-03-13,791.0,0.0,0,0.0,0
3000,3609,92636,7041224,misdemeanor,property,2016-05-18,896,5155920,56.05479452054794,M,Black,2017-09-19,251.0,0.0,0,0.0,0
6441,5420,3249428,6650503,misdemeanor,other,2016-09-10,588,6650503,32.221917808219175,M,Black,2016-09-10,1498.0,0.0,0,0.0,0
5213,3233,1075503,7174383,misdemeanor,property,2016-05-02,212,6623957,61.09041095890411,M,Black,2016-09-19,-140.0,0.0,0,0.0,1
45,1263,2743,3720813,misdemeanor,drug,2018-05-22,170,5728038,19.27123287671233,M,Black,2017-05-26,422.0,174.0,0,0.0,1
5127,3324,1072559,10520104,misdemeanor,property,2013-05-20,467,6845142,55.02739726027397,M,White,2016-07-15,-56.0,0.0,0,0.0,0
3668,364,320631,5884343,misdemeanor,drug,2017-04-16,996,6305418,31.63013698630137,M,Black,2016-12-23,82.0,0.0,0,0.0,0
4315,3961,750540,4020920,misdemeanor,violent,2020-07-20,750,5637824,23.654794520547945,M,Black,2017-06-15,1264.0,0.0,0,0.0,0
3558,3524,265085,2818123,misdemeanor,property,2018-10-23,541,3232676,43.10410958904109,M,Black,2018-08-03,193.0,884.0,0,0.0,0
3795,411,339988,8390645,misdemeanor,other,2015-04-29,139,5998375,56.57534246575342,M,,2017-03-17,523.0,0.0,0,0.0,0
3127,6099,98350,10365532,misdemeanor,other,2013-07-12,183,4251991,53.772602739726025,M,Black,2018-03-02,-1411.0,0.0,0,0.0,1
1127,4247,34814,5048585,felony,property,2017-10-09,663,4664272,19.378082191780823,M,,2017-12-11,-584.0,215.0,0,0.0,0
2381,4115,75570,8289338,misdemeanor,drug,2015-06-04,677,4741552,26.2027397260274,M,White,2017-11-28,-1080.0,0.0,0,0.0,0
6489,6387,3462861,9377897,misdemeanor,other,2014-06-03,92,6676950,71.27123287671233,M,Black,2016-09-02,429.0,0.0,0,0.0,0
4473,960,909386,6072822,misdemeanor,violent,2017-02-25,53,6072822,25.61917808219178,M,Black,2017-02-25,409.0,0.0,0,0.0,0
23,5148,2003,4550037,misdemeanor,property,2018-01-06,325,3551844,53.465753424657535,M,Black,2018-06-22,1861.0,0.0,0,0.0,0
2018,400,66208,209785,felony,violent,2020-02-19,888,4339990,40.43013698630137,M,Black,2018-02-13,209.0,162.0,0,0.0,1
6130,2660,2248903,11036674,misdemeanor,drug,2012-11-14,913,7276076,33.21095890410959,M,White,2016-04-04,-1237.0,0.0,0,0.0,0
817,6420,26596,7335573,misdemeanor,other,2016-03-18,137,7370720,46.40547945205479,M,mixed,2016-03-09,399.0,0.0,0,0.0,0
347,5059,13178,4397636,misdemeanor,drug,2018-02-02,363,6641052,20.01095890410959,M,Black,2016-09-13,-26.0,0.0,0,0.0,5
4876,2115,1009066,3832802,misdemeanor,violent,2018-05-02,67,5067540,20.96712328767123,M,Black,2017-10-04,229.0,0.0,0,0.0,0
5534,2138,1289480,4884826,misdemeanor,drug,2017-11-02,426,5232571,43.96438356164384,F,White,2017-09-07,716.0,0.0,0,0.0,0
2542,3117,79145,7417739,misdemeanor,property,2016-02-25,495,4185409,26.87945205479452,F,White,2018-03-14,856.0,0.0,0,0.0,0
4339,3043,844881,2939914,misdemeanor,violent,2018-09-30,938,2939914,22.983561643835618,M,White,2018-09-30,87.0,58137.0,0,0.0,0
5505,814,1256556,4684493,misdemeanor,property,2017-12-06,254,6931649,20.413698630136988,M,White,2016-06-20,1609.0,0.0,0,0.0,0
5203,5969,1072559,6357610,misdemeanor,other,2016-12-09,467,6845142,55.02739726027397,M,White,2016-07-15,-172.0,0.0,0,0.0,0
2197,4867,70259,9180770,misdemeanor,drug,2014-08-06,565,2747588,23.843835616438355,M,mixed,2018-11-03,-1252.0,0.0,0,0.0,0
3713,6314,323098,3186477,misdemeanor,property,2018-08-12,127,5801992,31.42465753424657,M,Black,2017-05-07,-13.0,0.0,0,0.0,0
4038,2228,479978,6202967,misdemeanor,property,2017-01-24,713,7495234,23.75068493150685,M,White,2016-02-07,-17.0,0.0,0,0.0,0
2519,170,79024,3017057,misdemeanor,property,2018-09-14,52,6759183,37.75616438356165,M,Black,2016-08-10,0.0,0.0,0,0.0,0
1042,2428,31518,6857918,felony,violent,2016-07-11,784,6313374,22.353424657534248,M,White,2016-12-21,48.0,0.0,1,0.0,3
5734,3240,1431898,5336569,misdemeanor,property,2017-08-18,859,5342043,57.12054794520548,M,Black,2017-08-17,-371.0,529.0,0,0.0,0
648,2334,24750,10200436,misdemeanor,violent,2013-09-05,313,2586870,35.0958904109589,M,White,2018-12-06,295.0,0.0,0,0.0,0
4176,6272,555837,10820897,misdemeanor,other,2013-02-02,536,6352048,46.78904109589041,M,Black,2016-12-11,-2181.0,0.0,0,0.0,0
3849,1686,342986,8253792,felony,violent,2015-06-15,427,3234875,50.80821917808219,M,Black,2018-08-02,319.0,0.0,1,0.0,2
5751,177,1439871,1699139,misdemeanor,drug,2020-05-16,835,7030740,30.698630136986303,M,White,2016-05-20,409.0,0.0,0,0.0,0
4228,3706,706551,6377487,misdemeanor,property,2016-11-29,567,4991918,40.465753424657535,M,White,2017-10-18,-476.0,1928.0,0,0.0,0
1707,713,56452,10898510,felony,violent,2013-01-04,411,6237431,56.37808219178082,M,Black,2017-01-13,-1030.0,0.0,0,0.0,1
3708,4573,323098,980064,felony,other,2019-09-13,127,5801992,31.42465753424657,M,Black,2017-05-07,859.0,0.0,0,1.0,0
3333,3464,206779,6305282,misdemeanor,property,2016-12-24,578,6680947,24.076712328767123,M,Black,2016-09-01,266.0,3424.0,0,0.0,0
6067,5268,1804725,5564862,misdemeanor,other,2017-07-02,806,5564862,25.945205479452056,M,White,2017-07-02,0.0,0.0,0,0.0,0
4445,2692,888088,2714649,misdemeanor,drug,2018-11-10,564,2714649,30.98630136986301,M,White,2018-11-10,1054.0,0.0,0,0.0,0
4245,4176,720250,7043348,misdemeanor,property,2020-10-07,884,5705381,31.14246575342466,M,Black,2017-05-30,2854.0,0.0,0,0.0,1
2408,5542,76733,4545842,misdemeanor,property,2018-01-08,48,4573842,27.47945205479452,F,White,2017-12-30,-380.0,0.0,0,0.0,0
1124,6351,34599,1527183,misdemeanor,other,2019-05-31,298,5352026,20.945205479452056,M,mixed,2017-08-15,654.0,0.0,0,0.0,0
6134,2721,2293944,21330662,misdemeanor,property,2012-01-08,555,5847419,38.96712328767124,M,Other,2017-04-25,-1947.0,45041.0,0,0.0,0
2613,897,81423,9901839,misdemeanor,violent,2013-12-13,972,7063563,51.45205479452055,M,Black,2016-05-12,-969.0,0.0,0,0.0,1
1404,4566,48080,3645336,misdemeanor,property,2018-06-06,512,6445341,38.95890410958904,M,Black,2016-11-11,807.0,0.0,0,0.0,0
4332,1685,780358,7838593,felony,drug,2015-10-20,660,4692540,32.16712328767123,M,White,2017-12-05,-680.0,1711.0,0,0.0,0
1457,5220,49727,6573296,misdemeanor,other,2016-10-03,370,4697408,19.90684931506849,M,Black,2017-12-04,-427.0,0.0,0,0.0,0
1266,4087,43838,4301105,misdemeanor,property,2018-02-21,34,4301105,25.852054794520548,M,Black,2018-02-21,84.0,0.0,0,0.0,1
68,1941,2870,11303842,misdemeanor,property,2012-08-12,290,3819130,38.43835616438356,M,White,2018-05-04,-126.0,0.0,0,0.0,0
1919,2922,63935,6855359,felony,property,2016-07-12,341,7021379,29.64109589041096,F,White,2016-05-24,-22.0,0.0,1,0.0,1
4111,5440,539268,1502573,misdemeanor,property,2019-06-05,626,3993384,44.24383561643835,M,White,2018-04-05,341.0,0.0,0,0.0,0
3650,348,319551,6096198,misdemeanor,drug,2017-02-19,15,6096198,46.87671232876713,F,White,2017-02-19,-256.0,0.0,0,0.0,0
6091,5116,2022714,4667353,misdemeanor,drug,2017-12-10,491,4667353,36.29041095890411,M,Black,2017-12-10,289.0,4330.0,0,0.0,0
3703,2082,323098,7518527,misdemeanor,property,2016-01-30,127,5801992,31.42465753424657,M,Black,2017-05-07,-103.0,0.0,0,0.0,0
2509,106,79024,11937320,misdemeanor,other,2015-07-27,52,6759183,37.75616438356165,M,Black,2016-08-10,-15.0,0.0,0,0.0,0
4592,4928,919650,1157538,misdemeanor,other,2019-08-11,744,7532175,34.915068493150685,M,Black,2016-01-24,1295.0,0.0,0,0.0,0
409,120,14780,11976338,misdemeanor,drug,2017-06-02,175,11966928,22.197260273972603,M,White,2016-04-12,214.0,0.0,0,0.0,1
566,4519,20799,12005419,misdemeanor,other,2018-01-06,654,12005419,47.68493150684932,M,White,2018-01-06,0.0,0.0,0,0.0,0
3423,3109,230959,9476216,misdemeanor,violent,2014-05-08,875,3128626,28.09041095890411,M,mixed,2018-08-25,360.0,0.0,0,0.0,0
5605,2741,1306011,5423380,felony,property,2017-08-01,447,7193530,59.12054794520548,M,White,2016-04-26,21.0,0.0,1,0.0,2
3856,4559,342986,3901109,felony,property,2018-04-19,427,3234875,50.80821917808219,M,Black,2018-08-02,1063.0,0.0,0,0.0,2
1350,5360,46101,6328395,misdemeanor,other,2016-12-16,585,2788963,46.00547945205479,M,White,2018-10-29,1745.0,0.0,0,0.0,0
5207,3384,1074774,7021588,misdemeanor,property,2016-05-24,633,7021588,25.02465753424657,F,White,2016-05-24,-470.0,0.0,0,0.0,0
3368,3934,213172,6009424,felony,violent,2017-03-15,141,6009424,19.265753424657536,M,Black,2017-03-15,448.0,0.0,0,0.0,0
5348,5129,1127005,949850,misdemeanor,other,2019-09-19,234,3052452,52.342465753424655,M,White,2018-09-08,0.0,0.0,0,0.0,0
5141,3342,1072559,5460660,misdemeanor,property,2017-07-25,467,6845142,55.02739726027397,M,White,2016-07-15,524.0,0.0,0,0.0,0
4123,6194,539268,1279156,misdemeanor,other,2019-07-18,626,3993384,44.24383561643835,M,White,2018-04-05,-113.0,0.0,0,0.0,0
5501,6266,1253737,3537845,misdemeanor,other,2018-06-26,582,2725809,44.03013698630137,M,White,2018-11-08,-135.0,0.0,0,0.0,0
2872,4314,91481,7581442,misdemeanor,property,2016-01-09,117,4650173,21.28219178082192,M,Black,2017-12-13,-491.0,0.0,0,0.0,0
5498,2018,1251769,6228444,misdemeanor,violent,2017-01-17,864,6228444,31.02191780821918,M,Black,2017-01-17,1197.0,0.0,0,0.0,0
4773,1729,988101,3542909,felony,violent,2018-06-25,57,6185866,33.271232876712325,M,Black,2017-01-28,-857.0,0.0,0,0.0,0
4485,941,909864,7018702,misdemeanor,drug,2016-05-24,80,6892870,22.273972602739725,M,Black,2016-07-02,1019.0,0.0,0,0.0,0
4845,1755,1002535,1831679,misdemeanor,property,2019-04-24,388,5559287,23.715068493150685,M,Black,2017-07-04,546.0,0.0,0,0.0,0
498,715,15930,10157180,felony,drug,2013-09-19,335,4079940,26.504109589041096,M,Black,2018-03-31,434.0,0.0,0,0.0,0
6502,6440,3570780,6097696,misdemeanor,other,2017-02-18,179,6097696,32.78082191780822,M,Black,2017-02-18,260.0,9757.0,0,0.0,0
2493,4506,78820,10389461,misdemeanor,other,2020-12-22,899,4003633,34.16164383561644,F,White,2018-04-03,994.0,0.0,0,0.0,0
1247,5964,42402,3685258,misdemeanor,other,2018-05-30,476,6701778,32.106849315068494,M,White,2016-08-27,1548.0,0.0,0,0.0,0
4531,1210,911263,7281409,felony,drug,2016-04-01,380,7281409,25.528767123287672,M,Black,2016-04-01,861.0,0.0,0,0.0,0
3090,6021,95389,5251707,misdemeanor,other,2017-09-04,897,5251707,36.84109589041096,,Black,2017-09-04,-2.0,0.0,0,0.0,0
6033,5706,1779141,7431213,misdemeanor,other,2016-02-22,998,7500144,61.42191780821918,M,White,2016-02-05,17.0,0.0,0,0.0,0
2761,817,84199,4829553,felony,property,2017-11-13,553,7563283,22.12054794520548,M,Black,2016-01-14,600.0,0.0,0,0.0,0
3321,3905,196266,5370074,misdemeanor,other,2017-08-11,440,5370074,29.63013698630137,M,Black,2017-08-11,69.0,0.0,0,0.0,0
3425,3154,230959,10637934,misdemeanor,other,2013-04-08,875,3128626,28.09041095890411,M,mixed,2018-08-25,-2807.0,0.0,0,0.0,0
3025,6059,92636,4571684,misdemeanor,other,2018-01-01,896,5155920,56.05479452054794,M,Black,2017-09-19,111.0,0.0,0,0.0,0
3482,3540,243705,2935721,misdemeanor,property,2018-10-01,481,6532455,18.654794520547945,M,Black,2016-10-17,-91.0,0.0,0,0.0,1
891,6286,27382,6676989,misdemeanor,other,2016-09-02,75,7381538,26.56438356164384,M,Black,2016-03-07,912.0,0.0,0,0.0,0
5366,1636,1129862,10510737,misdemeanor,violent,2013-05-22,390,7422871,30.457534246575342,M,White,2016-02-23,-1247.0,770.0,0,0.0,0
1874,5679,60742,7879095,misdemeanor,other,2015-10-09,737,6015800,28.254794520547943,M,Black,2017-03-13,-521.0,0.0,0,0.0,0
6298,5553,2871747,8450597,misdemeanor,other,2015-04-12,658,6601849,53.79726027397261,M,Black,2016-09-23,-742.0,0.0,0,0.0,0
1168,2874,35652,877493,misdemeanor,property,2019-10-03,58,5268378,39.21369863013699,F,White,2017-08-31,763.0,0.0,0,0.0,0
3503,6043,251820,5432571,misdemeanor,other,2017-07-31,461,4307219,31.624657534246577,M,Black,2018-02-20,533.0,0.0,0,0.0,0
2072,3590,67939,8243244,misdemeanor,property,2015-06-18,707,5475688,60.42191780821918,M,Black,2017-07-21,-291.0,0.0,0,0.0,0
1392,445,48080,2684186,misdemeanor,property,2018-11-16,512,6445341,38.95890410958904,M,Black,2016-11-11,735.0,0.0,0,0.0,0
366,6224,13592,10832751,felony,other,2013-01-29,821,7357500,33.413698630136984,M,Black,2016-03-13,-2529.0,0.0,0,0.0,5
1162,6334,35378,10472748,misdemeanor,property,2013-06-04,338,3368502,62.18082191780822,M,Black,2018-07-26,-1878.0,0.0,0,0.0,0
2407,2872,76733,2351055,misdemeanor,drug,2019-01-23,48,4573842,27.47945205479452,F,White,2017-12-30,539.0,0.0,0,0.0,0
750,4309,26152,8189552,misdemeanor,property,2015-07-08,671,4957370,27.528767123287672,M,Black,2017-10-24,257.0,0.0,0,0.0,1
5685,3978,1335744,9289784,misdemeanor,drug,2014-07-02,833,6148186,32.846575342465755,F,Black,2017-02-07,-175.0,0.0,0,0.0,0
6396,4241,3185585,6673214,misdemeanor,other,2016-09-03,579,6326198,50.45205479452055,M,Black,2016-12-17,14.0,0.0,0,0.0,0
303,1812,11936,6760270,misdemeanor,violent,2016-08-10,20,7158353,60.92602739726028,M,Black,2016-05-05,-232.0,0.0,0,0.0,2
3511,2307,253477,7309176,felony,property,2016-03-25,970,7019251,51.3013698630137,M,White,2016-05-24,-666.0,1657.0,0,0.0,0
5706,6246,1348192,4279775,misdemeanor,drug,2018-02-26,966,5474682,19.54520547945205,M,Black,2017-07-21,-795.0,0.0,0,0.0,0
3663,291,320631,6305418,misdemeanor,property,2016-12-23,996,6305418,31.63013698630137,M,Black,2016-12-23,43.0,0.0,0,0.0,0
4850,1873,1002535,2772776,misdemeanor,property,2018-10-31,388,5559287,23.715068493150685,M,Black,2017-07-04,165.0,0.0,0,0.0,0
4837,5246,1000558,9200072,misdemeanor,property,2014-07-31,497,5049840,36.57808219178082,M,mixed,2017-10-08,-2066.0,0.0,0,0.0,0
5926,5488,1609935,7395386,misdemeanor,other,2016-03-02,406,7395386,41.40547945205479,,,2016-03-02,0.0,0.0,0,0.0,0
1396,482,48080,2684185,misdemeanor,drug,2018-11-16,512,6445341,38.95890410958904,M,Black,2016-11-11,-5.0,0.0,0,0.0,0
4630,887,932315,10762196,misdemeanor,property,2013-02-23,870,6386392,22.084931506849315,M,Black,2016-11-26,-1524.0,0.0,0,0.0,3
1341,2365,46101,3046677,misdemeanor,violent,2018-09-10,585,2788963,46.00547945205479,M,White,2018-10-29,-95.0,0.0,0,0.0,0
246,876,9523,11271721,misdemeanor,drug,2012-08-22,359,3126179,27.695890410958903,M,Black,2018-08-26,-315.0,0.0,0,0.0,0
6292,4434,2871550,3732305,misdemeanor,other,2018-05-21,184,3732305,54.35342465753425,M,White,2018-05-21,-38.0,1037.0,0,0.0,0
1375,1519,47273,11158487,misdemeanor,drug,2012-09-29,621,7465597,23.38082191780822,M,Black,2016-02-13,-1397.0,0.0,0,0.0,0
1895,2944,63048,8116698,misdemeanor,property,2015-07-28,631,6194431,26.27671232876712,F,White,2017-01-26,49.0,0.0,0,0.0,0
5216,3279,1075503,6655245,misdemeanor,property,2016-09-09,212,6623957,61.09041095890411,M,Black,2016-09-19,88.0,0.0,0,0.0,1
2459,3449,78499,8189655,felony,other,2015-07-08,852,4314675,35.8,M,Black,2018-02-19,-1682.0,0.0,0,0.0,0
4722,972,961819,4667298,misdemeanor,violent,2017-12-10,849,4667298,38.298630136986304,M,Black,2017-12-10,216.0,0.0,0,0.0,0
443,3049,15340,8209765,misdemeanor,property,2015-06-30,237,5697246,39.5972602739726,M,White,2017-05-31,-934.0,0.0,0,0.0,0
2687,1239,82604,5583715,misdemeanor,drug,2017-06-27,129,2576292,34.865753424657534,M,Black,2018-12-07,899.0,0.0,0,0.0,2
3320,3751,196266,5686023,misdemeanor,property,2017-06-03,440,5370074,29.63013698630137,M,Black,2017-08-11,0.0,0.0,0,0.0,0
2267,5460,72764,1790401,misdemeanor,property,2019-05-02,885,6163577,22.72054794520548,F,Black,2017-02-03,-238.0,0.0,0,0.0,3
342,4816,13178,452575,felony,property,2019-12-31,363,6641052,20.01095890410959,M,Black,2016-09-13,1043.0,0.0,0,0.0,5
6115,570,2143682,7292363,misdemeanor,violent,2016-03-30,646,5014497,54.484931506849314,M,White,2017-10-14,-15.0,0.0,0,0.0,0
2618,1291,81431,1666053,misdemeanor,violent,2020-05-11,942,6289055,34.40821917808219,M,Black,2017-01-01,1355.0,0.0,0,0.0,0
4788,4775,990237,7035002,misdemeanor,drug,2016-05-19,854,4452127,21.10958904109589,F,Black,2018-01-24,71.0,0.0,0,0.0,0
1281,1626,44159,750902,felony,drug,2019-10-29,531,4537309,38.42465753424658,M,Black,2018-01-09,658.0,0.0,0,1.0,0
5796,5841,1475717,3193787,misdemeanor,other,2018-08-10,275,3193787,33.11232876712329,F,White,2018-08-10,4.0,0.0,0,0.0,0
749,4299,26152,8948357,misdemeanor,drug,2014-10-24,671,4957370,27.528767123287672,M,Black,2017-10-24,666.0,0.0,0,0.0,1
236,812,9102,4608599,felony,property,2017-12-21,521,4983747,24.898630136986306,M,Black,2017-10-19,532.0,0.0,0,0.0,0
5221,5888,1075503,1264272,felony,other,2019-07-22,212,6623957,61.09041095890411,M,Black,2016-09-19,2050.0,0.0,0,0.0,1
4565,925,913768,7583303,misdemeanor,drug,2016-01-08,675,7583303,41.04383561643836,M,Black,2016-01-08,912.0,0.0,0,0.0,0
6018,2073,1768653,6896776,misdemeanor,violent,2016-07-01,456,6896776,56.12054794520548,M,White,2016-07-01,1043.0,0.0,0,0.0,0
4302,3741,742445,5816465,misdemeanor,property,2017-05-03,568,5816465,57.16164383561644,F,Black,2017-05-03,-370.0,1365.0,0,0.0,0
2894,3730,91690,6037971,misdemeanor,property,2017-03-07,952,5883395,25.66575342465753,M,Black,2017-04-17,145.0,0.0,0,0.0,0
5577,2832,1301492,11003350,felony,property,2012-11-27,910,4810567,26.76438356164384,M,Black,2017-11-16,-80.0,0.0,1,0.0,1
184,740,8778,9800601,felony,drug,2014-01-14,827,7307141,34.32876712328767,M,Black,2016-03-26,-1428.0,689.0,0,0.0,3
2466,79,78786,6465058,misdemeanor,property,2016-11-04,479,6645202,24.15068493150685,M,White,2016-09-12,471.0,0.0,0,0.0,2
6509,6453,3593307,3702546,misdemeanor,other,2018-05-27,49,3702546,40.92876712328767,F,mixed,2018-05-27,360.0,5880.0,0,0.0,0
3903,2210,349867,6599157,misdemeanor,drug,2016-09-24,676,6357251,23.82191780821918,F,White,2016-12-09,806.0,0.0,0,0.0,0
3151,4345,101916,7278705,misdemeanor,other,2016-04-03,504,7278705,25.991780821917807,M,Black,2016-04-03,128.0,0.0,0,0.0,0
691,4426,25110,4803835,felony,drug,2017-11-17,449,3787339,22.95616438356164,M,Black,2018-05-10,976.0,0.0,0,0.0,2
4399,3238,860034,5036164,misdemeanor,property,2017-10-11,530,4689683,41.83287671232877,M,Black,2017-12-06,722.0,0.0,0,0.0,0
211,937,9003,6598087,misdemeanor,property,2016-09-25,906,6872176,33.45753424657534,F,Black,2016-07-06,-30.0,0.0,0,0.0,0
5007,5748,1058804,712150,misdemeanor,property,2019-11-07,874,6215258,38.89315068493151,M,White,2017-01-20,119.0,0.0,0,0.0,1
3527,6257,253477,7538059,misdemeanor,other,2016-01-21,970,7019251,51.3013698630137,M,White,2016-05-24,-13.0,0.0,0,0.0,0
345,5034,13178,8684143,felony,drug,2015-01-28,363,6641052,20.01095890410959,M,Black,2016-09-13,-1864.0,0.0,0,0.0,5
4611,5067,923399,7713910,misdemeanor,other,2015-11-28,584,5674108,28.167123287671235,F,Black,2017-06-06,-993.0,0.0,0,0.0,0
534,831,19626,3964613,misdemeanor,violent,2018-04-10,263,4180689,21.15890410958904,F,mixed,2018-03-14,1485.0,1745.0,0,0.0,0
5952,2252,1610763,7530645,misdemeanor,violent,2016-01-26,840,5330582,36.07945205479452,M,Black,2017-08-19,-422.0,0.0,0,0.0,0
99,1844,4741,1427079,misdemeanor,property,2019-06-19,421,4609251,33.49589041095891,M,White,2017-12-21,708.0,0.0,0,0.0,0
3982,7,411055,2002693,felony,violent,2019-03-25,532,3520892,31.063013698630137,M,Indian,2018-06-28,-63.0,6212.0,0,1.0,0
5553,2694,1295291,2736679,misdemeanor,violent,2018-11-06,347,7149171,37.394520547945206,M,White,2016-05-09,190.0,0.0,0,0.0,1
4923,1727,1023093,3062226,misdemeanor,property,2018-09-06,64,3493710,18.852054794520548,M,Black,2018-07-04,64.0,0.0,0,0.0,0
3526,6256,253477,7507157,misdemeanor,other,2016-02-03,970,7019251,51.3013698630137,M,White,2016-05-24,50.0,0.0,0,0.0,0
6028,2098,1779141,7659498,misdemeanor,violent,2015-12-13,998,7500144,61.42191780821918,M,White,2016-02-05,564.0,5191.0,0,0.0,0
4331,4070,778647,5273684,misdemeanor,property,2017-08-30,74,5273684,20.983561643835618,M,Black,2017-08-30,-133.0,10952.0,0,0.0,0
142,2296,5684,3266221,misdemeanor,other,2018-07-27,624,3668551,45.38356164383562,M,White,2018-06-01,-325.0,284.0,0,0.0,0
2362,3195,75450,3043008,misdemeanor,drug,2018-09-11,81,7462166,53.10410958904109,M,White,2016-02-16,1071.0,0.0,0,0.0,0
6283,2390,2793559,4662342,misdemeanor,drug,2017-12-11,147,4662342,45.61643835616438,M,White,2017-12-11,-785.0,1000.0,0,0.0,0
3450,6193,235227,1201339,misdemeanor,drug,2019-08-02,317,5726487,39.8986301369863,F,Black,2017-05-27,463.0,0.0,0,0.0,0
474,453,15353,10235142,felony,property,2013-08-23,560,3039691,34.391780821917806,F,White,2018-09-11,-707.0,0.0,0,0.0,3
4550,4944,911946,8309182,misdemeanor,other,2015-05-27,727,6339294,31.46027397260274,M,Black,2016-12-13,0.0,0.0,0,0.0,0
3084,3417,94941,11071193,misdemeanor,property,2012-11-01,272,4434854,25.70958904109589,M,Black,2018-01-28,-2912.0,0.0,0,0.0,0
2946,6072,92254,562584,misdemeanor,property,2019-12-06,413,4354694,25.13150684931507,M,Black,2018-02-11,663.0,0.0,0,0.0,0
2737,863,83708,326009,felony,violent,2020-01-27,40,5168489,33.92328767123288,M,Black,2017-09-16,831.0,0.0,0,1.0,1
6355,4077,3071637,5672065,misdemeanor,property,2017-06-07,687,5672065,42.41917808219178,F,mixed,2017-06-07,45.0,0.0,0,0.0,0
4604,967,922587,4585437,misdemeanor,violent,2017-12-27,587,7345698,29.36164383561644,M,Black,2016-03-16,853.0,585.0,0,0.0,0
278,1075,10237,11544109,misdemeanor,drug,2012-05-22,516,3013712,26.4986301369863,M,Black,2018-09-16,-2308.0,0.0,0,0.0,0
6431,2575,3223578,7003161,misdemeanor,property,2016-05-30,493,7003161,41.298630136986304,F,Asian,2016-05-30,-603.0,0.0,0,0.0,0
2700,5647,82666,1522407,misdemeanor,other,2019-06-01,295,7394502,43.78356164383562,M,Black,2016-03-02,1186.0,0.0,0,0.0,0
1831,1105,59578,10710827,felony,drug,2013-03-13,480,7422471,39.63835616438356,M,Black,2016-02-23,-128.0,0.0,1,0.0,1
6258,5567,2601543,6304179,felony,other,2016-12-25,869,6304179,18.410958904109588,,White,2016-12-25,-1395.0,0.0,0,0.0,0
959,6181,27836,4190589,misdemeanor,drug,2018-03-13,576,6766557,36.69041095890411,M,White,2016-08-09,-622.0,0.0,0,0.0,1
4271,6472,720250,3781896,misdemeanor,other,2018-05-11,884,5705381,31.14246575342466,M,Black,2017-05-30,-7.0,0.0,0,0.0,1
1024,5451,29538,10741593,misdemeanor,other,2013-03-02,756,4502396,35.553424657534244,M,Black,2018-01-16,-2239.0,0.0,0,0.0,1
1783,4736,57732,10164885,felony,drug,2013-09-17,101,5844042,26.22739726027397,M,Black,2017-04-26,-1317.0,0.0,0,0.0,0
5655,5806,1309027,2118527,misdemeanor,drug,2019-03-07,708,3066846,33.394520547945206,M,White,2018-09-06,182.0,0.0,0,0.0,0
1312,1229,45613,8149566,felony,violent,2017-05-23,692,3245978,36.17808219178082,F,Black,2018-07-31,1534.0,0.0,0,0.0,0
1274,3371,43925,6954720,felony,drug,2016-06-14,736,6954720,19.44657534246576,M,White,2016-06-14,-1160.0,87.0,0,0.0,2
5512,5280,1268621,6891018,misdemeanor,other,2016-07-04,193,6783898,50.276712328767125,M,White,2016-08-03,-1087.0,0.0,0,0.0,0
4247,4185,720250,2045999,misdemeanor,violent,2019-03-18,884,5705381,31.14246575342466,M,Black,2017-05-30,-579.0,0.0,0,0.0,1
4709,1373,961194,8049823,misdemeanor,property,2015-08-17,945,3394043,55.55068493150685,M,Black,2018-07-20,306.0,0.0,0,0.0,0
5346,5127,1127005,1238962,misdemeanor,other,2019-07-25,234,3052452,52.342465753424655,M,White,2018-09-08,-25.0,0.0,0,0.0,0
5330,1914,1127005,4709638,misdemeanor,property,2017-12-01,234,3052452,52.342465753424655,M,White,2018-09-08,1529.0,0.0,0,0.0,0
6060,2085,1803390,4599708,misdemeanor,property,2017-12-23,242,4599708,26.704109589041096,F,White,2017-12-23,1230.0,0.0,0,0.0,0
705,2493,25425,1308798,felony,violent,2019-07-12,130,4398368,38.36438356164384,M,White,2018-02-02,2046.0,0.0,0,0.0,2
5378,1671,1130673,10356296,misdemeanor,drug,2013-07-15,599,7005244,25.65205479452055,M,Black,2016-05-28,154.0,0.0,0,0.0,1
3461,3917,239629,5577949,misdemeanor,drug,2017-06-29,547,5585793,27.71780821917808,M,Black,2017-06-27,922.0,0.0,0,0.0,1
4720,5008,961194,2905480,misdemeanor,property,2018-10-05,945,3394043,55.55068493150685,M,Black,2018-07-20,1772.0,0.0,0,0.0,0
5440,1864,1162141,6068520,misdemeanor,property,2017-02-27,208,6068520,24.991780821917807,M,Black,2017-02-27,1001.0,0.0,0,0.0,0
326,810,13178,5152630,misdemeanor,violent,2017-09-19,363,6641052,20.01095890410959,M,Black,2016-09-13,925.0,0.0,0,0.0,5
1296,1619,45068,2866283,felony,property,2018-10-13,974,2866283,26.10410958904109,F,Black,2018-10-13,-23.0,0.0,1,0.0,1
394,98,14773,789341,felony,violent,2019-10-21,792,6072762,28.04383561643836,M,White,2017-02-25,14.0,0.0,1,1.0,1
3518,5354,253477,7032057,misdemeanor,other,2016-05-20,970,7019251,51.3013698630137,M,White,2016-05-24,-4.0,0.0,0,0.0,0
5152,3357,1072559,1274484,misdemeanor,other,2019-07-19,467,6845142,55.02739726027397,M,White,2016-07-15,275.0,0.0,0,0.0,0
4936,1409,1026471,6341109,felony,drug,2016-12-13,197,5775568,21.797260273972604,M,Black,2017-05-14,56.0,0.0,1,0.0,1
1167,2796,35652,5268378,misdemeanor,property,2017-08-31,58,5268378,39.21369863013699,F,White,2017-08-31,739.0,274.0,0,0.0,0
4312,3745,747185,5182981,misdemeanor,property,2017-09-14,975,5182981,23.67945205479452,M,Black,2017-09-14,-36.0,297.0,0,0.0,0
3603,3850,306222,8293373,misdemeanor,drug,2015-06-03,409,6809493,24.671232876712327,M,Black,2016-07-26,-824.0,0.0,0,0.0,2
89,3079,3909,6374427,felony,property,2016-11-30,935,6370773,47.17260273972602,M,White,2016-12-01,1392.0,0.0,0,0.0,3
4374,3261,847994,9476270,felony,drug,2014-05-08,156,7311479,25.2986301369863,M,Black,2016-03-25,122.0,0.0,1,0.0,0
449,3072,15340,8732144,misdemeanor,property,2015-01-14,237,5697246,39.5972602739726,M,White,2017-05-31,-1318.0,0.0,0,0.0,0
3309,923,184900,7876199,misdemeanor,property,2015-10-10,554,7157228,24.46849315068493,M,Black,2016-05-06,-209.0,0.0,0,0.0,0
1229,3057,41991,6122939,misdemeanor,drug,2017-02-14,563,6778366,24.93972602739726,M,White,2016-08-05,139.0,0.0,0,0.0,4
3371,2582,213336,4618067,felony,other,2017-12-19,655,4618067,29.852054794520548,F,Black,2017-12-19,-490.0,164.0,0,1.0,0
1638,2276,55857,8746730,misdemeanor,violent,2015-01-08,434,6102845,27.07945205479452,F,White,2017-02-17,194.0,0.0,0,0.0,0
3353,6084,207810,376748,misdemeanor,other,2020-01-17,511,3739546,27.51780821917808,M,Black,2018-05-20,1247.0,0.0,0,0.0,0
1965,3641,65387,2369334,felony,violent,2019-01-19,392,7194627,18.813698630136987,M,Black,2016-04-26,421.0,0.0,0,0.0,0
484,2696,15353,1440861,felony,property,2019-06-17,560,3039691,34.391780821917806,F,White,2018-09-11,279.0,0.0,1,0.0,3
5764,4489,1440050,5239764,misdemeanor,other,2017-09-05,131,5113359,27.572602739726022,M,White,2017-09-26,-21.0,0.0,0,0.0,1
5912,5716,1602754,7703302,misdemeanor,other,2015-12-02,866,7539079,32.87123287671233,F,Black,2016-01-21,155.0,0.0,0,0.0,0
6496,6090,3474214,5585491,misdemeanor,property,2017-06-27,132,5585491,43.2027397260274,M,Black,2017-06-27,1513.0,0.0,0,0.0,0
6227,3144,2559192,788753,misdemeanor,violent,2019-10-22,694,6055237,65.05205479452054,M,Black,2017-03-02,12.0,0.0,0,0.0,0
1736,4684,57158,11170763,misdemeanor,drug,2012-09-25,168,3882249,29.983561643835618,M,Black,2018-04-23,-1523.0,0.0,0,0.0,0
2007,492,66046,1759898,misdemeanor,other,2020-06-02,909,5057571,24.473972602739725,M,Black,2017-10-06,632.0,0.0,0,0.0,0
1782,4027,57732,5844042,felony,violent,2017-04-26,101,5844042,26.22739726027397,M,Black,2017-04-26,1194.0,0.0,0,1.0,0
2683,922,82604,8736292,misdemeanor,violent,2015-01-12,129,2576292,34.865753424657534,M,Black,2018-12-07,338.0,0.0,0,0.0,2
4999,5710,1058203,1618933,misdemeanor,drug,2019-05-16,373,7234140,27.33150684931507,M,Black,2016-04-15,433.0,0.0,0,0.0,0
4392,5878,848761,7431723,felony,other,2016-02-22,613,7291921,30.10410958904109,M,White,2016-03-31,-66.0,0.0,1,0.0,0
4178,3746,570963,6165914,misdemeanor,property,2017-02-03,428,6165914,40.92328767123288,M,Black,2017-02-03,1679.0,0.0,0,0.0,0
3382,3944,220893,1528444,felony,violent,2019-05-31,523,7488749,18.24109589041096,F,Black,2016-02-08,505.0,0.0,0,0.0,0
2332,5595,74726,4255875,misdemeanor,drug,2018-03-01,887,3646741,26.556164383561644,M,Black,2018-06-06,-26.0,0.0,0,0.0,0
3034,3496,92826,4574366,misdemeanor,property,2017-12-30,746,6037598,40.84657534246576,M,Black,2017-03-07,2159.0,0.0,0,0.0,0
1816,1777,58583,6104514,misdemeanor,property,2017-02-16,266,3982258,27.813698630136987,M,Black,2018-04-07,351.0,0.0,0,0.0,2
4380,5874,847994,9715807,misdemeanor,drug,2014-02-14,156,7311479,25.2986301369863,M,Black,2016-03-25,-966.0,0.0,0,0.0,0
2462,1,78786,11999735,felony,property,2018-05-01,479,6645202,24.15068493150685,M,White,2016-09-12,0.0,0.0,1,1.0,2
3769,4624,336042,11341387,misdemeanor,other,2012-07-30,610,5170311,55.30684931506849,M,White,2017-09-15,-21.0,0.0,0,0.0,0
4654,1560,940651,8842867,misdemeanor,property,2014-12-01,601,3015248,40.293150684931504,F,mixed,2018-09-15,-604.0,0.0,0,0.0,0
3634,4555,316704,5330983,misdemeanor,other,2017-08-18,377,5008270,37.704109589041096,M,Other,2017-10-16,24.0,0.0,0,0.0,0
3846,415,342986,8306089,felony,violent,2015-05-28,427,3234875,50.80821917808219,M,Black,2018-08-02,-1455.0,292.0,0,0.0,2
2323,2736,74726,6684048,misdemeanor,other,2016-08-31,887,3646741,26.556164383561644,M,Black,2018-06-06,495.0,0.0,0,0.0,0
2548,3092,79198,8553916,felony,property,2015-03-11,813,3433327,28.265753424657536,M,White,2018-07-15,-314.0,53.0,0,0.0,2
129,914,5400,8850980,misdemeanor,violent,2014-11-26,642,4292218,27.21917808219178,M,Black,2018-02-22,-1440.0,0.0,0,0.0,0
2050,1650,67140,4815396,misdemeanor,violent,2017-11-15,204,5670555,29.33150684931507,M,Black,2017-06-07,2021.0,0.0,0,0.0,2
91,1502,4741,5920061,misdemeanor,property,2017-04-06,421,4609251,33.49589041095891,M,White,2017-12-21,1491.0,832.0,0,0.0,0
5261,3113,1113857,6462871,misdemeanor,violent,2016-11-07,248,7004850,36.29041095890411,M,White,2016-05-29,-24.0,0.0,0,0.0,0
745,4228,26152,6901182,misdemeanor,property,2016-06-30,671,4957370,27.528767123287672,M,Black,2017-10-24,330.0,0.0,0,0.0,1
3722,4652,324828,5442735,misdemeanor,property,2017-07-27,789,3377463,34.227397260273975,M,Black,2018-07-24,-83.0,0.0,0,0.0,0
4472,801,909386,7568055,misdemeanor,violent,2016-01-13,53,6072822,25.61917808219178,M,Black,2017-02-25,-118.0,71.0,0,0.0,0
3266,5998,146410,8310470,misdemeanor,other,2015-05-27,518,5763206,53.31506849315068,M,Black,2017-05-17,194.0,0.0,0,0.0,1
4756,954,984444,7551237,misdemeanor,drug,2016-01-16,506,6058937,24.95890410958904,M,White,2017-03-01,703.0,1478.0,0,0.0,0
2124,4030,69058,4434373,misdemeanor,other,2018-01-28,402,7255033,49.24931506849315,F,mixed,2016-04-10,342.0,0.0,0,0.0,0
3120,6040,98350,5834275,misdemeanor,other,2017-04-28,183,4251991,53.772602739726025,M,Black,2018-03-02,1448.0,0.0,0,0.0,1
5450,1895,1189790,10853871,misdemeanor,violent,2013-01-22,236,6847236,40.16712328767123,M,mixed,2016-07-14,-2047.0,7522.0,0,0.0,0
4095,2537,539268,3993384,misdemeanor,property,2018-04-05,626,3993384,44.24383561643835,M,White,2018-04-05,3.0,0.0,0,0.0,0
5461,1501,1214199,5283016,misdemeanor,violent,2017-08-28,316,5133966,35.97260273972603,M,Black,2017-09-22,-25.0,0.0,0,0.0,0
2465,73,78786,8131897,misdemeanor,violent,2015-07-22,479,6645202,24.15068493150685,M,White,2016-09-12,-961.0,0.0,0,0.0,2
3428,3164,230959,8753863,misdemeanor,drug,2015-01-06,875,3128626,28.09041095890411,M,mixed,2018-08-25,-198.0,0.0,0,0.0,0
1122,6276,34599,8126305,misdemeanor,property,2015-07-24,298,5352026,20.945205479452056,M,mixed,2017-08-15,-1339.0,0.0,0,0.0,0
210,779,9003,6497796,felony,violent,2016-10-25,906,6872176,33.45753424657534,F,Black,2016-07-06,1477.0,0.0,0,0.0,0
2498,2220,78880,6073111,misdemeanor,drug,2017-02-25,315,6671790,52.02465753424657,M,Black,2016-09-04,174.0,0.0,0,0.0,2
3576,5446,275082,50114,misdemeanor,property,2020-04-07,303,3083081,48.989041095890414,M,Black,2018-09-04,581.0,0.0,0,0.0,0
1560,2695,51576,1049096,felony,violent,2019-09-02,159,3138306,52.04657534246575,M,Black,2018-08-23,375.0,0.0,0,0.0,1
4104,2596,539268,1447497,misdemeanor,other,2019-06-15,626,3993384,44.24383561643835,M,White,2018-04-05,35.0,0.0,0,0.0,0
4523,4902,910635,5874930,misdemeanor,other,2017-04-18,841,4973877,61.01643835616439,M,Black,2017-10-22,1113.0,0.0,0,0.0,0
26,741,2326,9137058,felony,property,2014-08-21,807,7591648,31.378082191780823,M,Black,2016-01-06,-1224.0,323.0,0,0.0,1
881,2309,27382,6291909,felony,property,2016-12-30,75,7381538,26.56438356164384,M,Black,2016-03-07,-802.0,133.0,0,0.0,0
935,3876,27785,6511575,misdemeanor,property,2016-10-21,69,4280859,19.4,M,Black,2018-02-26,-493.0,0.0,0,0.0,1
1016,2621,29538,20703532,misdemeanor,violent,2012-03-28,756,4502396,35.553424657534244,M,Black,2018-01-16,-2385.0,0.0,0,0.0,1
4680,1763,953314,9833135,misdemeanor,drug,2014-01-04,800,5373998,23.87123287671233,M,White,2017-08-10,-968.0,0.0,0,0.0,0
5365,5254,1129092,6514771,felony,other,2016-10-20,583,6971419,31.638356164383563,F,White,2016-06-08,147.0,0.0,1,1.0,4
138,4874,5400,7612631,misdemeanor,other,2015-12-29,642,4292218,27.21917808219178,M,Black,2018-02-22,-1820.0,0.0,0,0.0,0
5255,3159,1113786,9278016,misdemeanor,violent,2014-07-06,620,7061405,21.46027397260274,F,Black,2016-05-13,-1686.0,0.0,0,0.0,1
452,3080,15340,5298770,felony,property,2017-08-25,237,5697246,39.5972602739726,M,White,2017-05-31,843.0,0.0,0,0.0,0
5252,3112,1113786,8205680,misdemeanor,property,2015-07-01,620,7061405,21.46027397260274,F,Black,2016-05-13,-412.0,0.0,0,0.0,1
2719,1024,83299,2505822,misdemeanor,violent,2018-12-20,452,6983854,18.164383561643834,,Black,2016-06-04,-337.0,0.0,0,0.0,0
0,722,1788,10809517,felony,violent,2013-02-06,200,5879415,46.96164383561644,M,,2017-04-17,9999999.0,,0,0.0,0
6074,5272,1806016,4269585,misdemeanor,other,2018-02-27,608,5290353,22.063013698630137,M,White,2017-08-27,184.0,0.0,0,0.0,1
637,2901,23784,8897242,misdemeanor,other,2014-11-12,50,4559816,26.156164383561645,F,White,2018-01-03,-1148.0,0.0,0,0.0,1
2482,200,78786,6898779,misdemeanor,property,2016-06-30,479,6645202,24.15068493150685,M,White,2016-09-12,225.0,0.0,0,0.0,2
2695,4897,82604,4871943,misdemeanor,drug,2017-11-05,129,2576292,34.865753424657534,M,Black,2018-12-07,492.0,0.0,0,0.0,2
4193,3936,586087,4497239,misdemeanor,other,2018-01-17,301,4497239,31.265753424657536,M,Black,2018-01-17,1607.0,0.0,0,0.0,0
3694,350,323098,5801994,misdemeanor,property,2017-05-07,127,5801992,31.42465753424657,M,Black,2017-05-07,0.0,0.0,0,0.0,0
387,4526,14260,12006922,misdemeanor,other,2018-10-25,625,12005344,19.30958904109589,M,,2018-01-15,283.0,0.0,0,0.0,0
2243,1910,72764,5740015,misdemeanor,property,2017-05-23,885,6163577,22.72054794520548,F,Black,2017-02-03,3.0,0.0,0,0.0,3
4570,5019,913768,11101891,misdemeanor,other,2012-10-19,675,7583303,41.04383561643836,M,Black,2016-01-08,94.0,0.0,0,0.0,0
1832,1194,59578,7422471,felony,drug,2016-02-23,480,7422471,39.63835616438356,M,Black,2016-02-23,1077.0,0.0,0,0.0,1
1864,2905,60742,8165891,misdemeanor,other,2015-07-13,737,6015800,28.254794520547943,M,Black,2017-03-13,154.0,0.0,0,0.0,0
4351,5914,844881,6716680,misdemeanor,other,2016-08-23,938,2939914,22.983561643835618,M,White,2018-09-30,-1232.0,0.0,0,0.0,0
5180,5923,1072559,5775338,misdemeanor,other,2017-05-15,467,6845142,55.02739726027397,M,White,2016-07-15,-71.0,0.0,0,0.0,0
3282,3438,172713,9378467,misdemeanor,drug,2014-06-03,323,4874761,24.2054794520548,M,Black,2017-11-04,-846.0,0.0,0,0.0,1
6058,2104,1802254,6027429,misdemeanor,drug,2017-03-09,508,6027429,24.63287671232877,F,White,2017-03-09,-109.0,1054.0,0,0.0,0
1291,4721,44850,2949062,misdemeanor,drug,2018-09-27,258,3778372,22.284931506849315,M,Black,2018-05-11,1402.0,499.0,0,0.0,0
4768,1629,988101,7227301,misdemeanor,property,2020-10-21,57,6185866,33.271232876712325,M,Black,2017-01-28,405.0,0.0,0,0.0,0
2190,2043,70259,2931460,misdemeanor,property,2018-10-01,565,2747588,23.843835616438355,M,mixed,2018-11-03,-15.0,0.0,0,0.0,0
1422,1627,48528,664271,misdemeanor,other,2019-11-17,155,3851361,25.53972602739726,M,White,2018-04-29,1463.0,0.0,0,0.0,0
4882,1326,1009164,5300392,misdemeanor,property,2017-08-24,804,7293010,26.153424657534245,M,Black,2016-03-30,-217.0,61.0,0,0.0,0
4584,4694,915957,9901905,misdemeanor,drug,2013-12-13,70,7206185,48.07671232876712,M,mixed,2016-04-21,444.0,0.0,0,0.0,0
3914,4568,351066,3991004,felony,other,2018-04-05,255,6956199,32.8054794520548,M,White,2016-06-13,-83.0,0.0,1,0.0,2
901,6492,27382,2050123,misdemeanor,other,2019-03-17,75,7381538,26.56438356164384,M,Black,2016-03-07,312.0,0.0,0,0.0,0
2185,367,69831,6029745,felony,drug,2017-03-08,31,6029745,28.375342465753423,F,White,2017-03-08,-167.0,54.0,0,0.0,1
4948,1052,1039918,1783728,misdemeanor,violent,2019-05-03,735,3743125,43.69315068493151,F,White,2018-05-18,737.0,91.0,0,0.0,0
4192,3816,586087,10234818,felony,violent,2013-08-24,301,4497239,31.265753424657536,M,Black,2018-01-17,73.0,0.0,1,0.0,0
2549,3101,79198,3073383,felony,property,2018-09-05,813,3433327,28.265753424657536,M,White,2018-07-15,1274.0,0.0,0,1.0,2
4381,5875,847994,9099584,misdemeanor,drug,2014-09-04,156,7311479,25.2986301369863,M,Black,2016-03-25,202.0,0.0,0,0.0,0
3102,3605,98350,6623309,misdemeanor,drug,2016-09-19,183,4251991,53.772602739726025,M,Black,2018-03-02,1222.0,0.0,0,0.0,1
5190,5943,1072559,3692086,misdemeanor,other,2018-05-29,467,6845142,55.02739726027397,M,White,2016-07-15,-155.0,0.0,0,0.0,0
2794,4917,84823,4304942,misdemeanor,drug,2018-02-20,400,2922877,24.0,M,Black,2018-10-02,-65.0,0.0,0,0.0,3
481,2633,15353,2028457,misdemeanor,property,2019-03-20,560,3039691,34.391780821917806,F,White,2018-09-11,0.0,0.0,0,0.0,3
4011,2169,456897,8543992,misdemeanor,property,2015-03-13,930,6649145,24.86027397260274,M,Black,2016-09-11,499.0,0.0,0,0.0,0
1917,2909,63935,4490226,misdemeanor,other,2018-01-18,341,7021379,29.64109589041096,F,White,2016-05-24,0.0,0.0,0,0.0,1
4587,974,919650,4714307,misdemeanor,violent,2017-11-30,744,7532175,34.915068493150685,M,Black,2016-01-24,1890.0,3693.0,0,0.0,0
84,3058,3909,6249872,felony,property,2017-01-11,935,6370773,47.17260273972602,M,White,2016-12-01,-12.0,0.0,1,0.0,3
5540,2042,1292211,4460552,misdemeanor,drug,2018-01-23,717,4460552,21.145205479452056,M,Black,2018-01-23,635.0,0.0,0,0.0,1
5112,221,1065548,3512263,misdemeanor,drug,2018-06-30,856,6659898,18.39452054794521,M,White,2016-09-07,-84.0,0.0,0,0.0,2
2301,5627,74595,807392,misdemeanor,other,2019-10-17,148,2568623,38.24109589041096,M,Black,2018-12-10,178.0,0.0,0,0.0,0
727,2502,25670,10003416,misdemeanor,property,2013-11-15,690,3949162,35.26301369863014,F,Black,2018-04-12,-2177.0,0.0,0,0.0,0
4484,889,909864,10276609,misdemeanor,drug,2013-08-09,80,6892870,22.273972602739725,M,Black,2016-07-02,-46.0,0.0,0,0.0,0
2274,33,73796,9304106,misdemeanor,other,2014-06-27,710,5195856,30.24383561643836,M,Black,2017-09-12,-1122.0,643.0,0,0.0,0
3797,440,339988,7532717,misdemeanor,property,2016-01-22,139,5998375,56.57534246575342,M,,2017-03-17,20.0,0.0,0,0.0,0
1486,1613,50827,5665899,felony,drug,2017-06-08,716,5665899,21.778082191780825,M,Black,2017-06-08,476.0,0.0,0,0.0,3
2564,3272,80009,6688760,felony,property,2016-08-30,312,6688760,32.86027397260274,M,,2016-08-30,263.0,0.0,1,0.0,2
3444,3490,235227,6072436,misdemeanor,drug,2017-02-26,317,5726487,39.8986301369863,F,Black,2017-05-27,-225.0,861.0,0,0.0,0
4334,3022,780358,3168384,misdemeanor,violent,2018-08-18,660,4692540,32.16712328767123,M,White,2017-12-05,256.0,0.0,0,0.0,0
3327,3739,202960,5894579,misdemeanor,property,2017-04-13,777,4331087,38.224657534246575,M,Black,2018-02-15,552.0,0.0,0,0.0,0
5689,4025,1335744,5163291,felony,property,2017-09-18,833,6148186,32.846575342465755,F,Black,2017-02-07,568.0,0.0,0,0.0,0
2607,1227,81290,6099624,felony,violent,2017-02-17,575,4524599,20.134246575342463,M,Black,2018-01-11,-38.0,0.0,1,0.0,0
1723,4817,56946,1531304,felony,drug,2019-05-30,786,5140950,38.2027397260274,M,Black,2017-09-21,36.0,0.0,1,0.0,0
5274,3138,1114653,1254596,misdemeanor,violent,2019-07-23,78,3399268,39.16712328767123,M,Black,2018-07-20,566.0,0.0,0,0.0,0
5690,4026,1335744,6148186,misdemeanor,property,2017-02-07,833,6148186,32.846575342465755,F,Black,2017-02-07,-223.0,0.0,0,0.0,0
3149,4212,101916,8431289,misdemeanor,property,2015-04-17,504,7278705,25.991780821917807,M,Black,2016-04-03,315.0,0.0,0,0.0,0
5687,4006,1335744,9151543,misdemeanor,drug,2014-08-17,833,6148186,32.846575342465755,F,Black,2017-02-07,-1563.0,0.0,0,0.0,0
1290,6226,44351,8855307,misdemeanor,other,2014-11-25,262,4130120,27.8054794520548,F,Black,2018-03-24,-1215.0,0.0,0,0.0,0
1706,551,56452,7801944,misdemeanor,property,2015-10-31,411,6237431,56.37808219178082,M,Black,2017-01-13,-1419.0,42.0,0,0.0,1
125,5180,4981,6979573,misdemeanor,other,2016-06-06,925,6982985,37.38082191780822,M,White,2016-06-05,39.0,0.0,0,0.0,1
3572,3926,266457,5222987,felony,drug,2017-09-10,18,5222987,46.55890410958904,M,Black,2017-09-10,-484.0,0.0,0,0.0,0
2310,2871,74677,2022979,misdemeanor,drug,2019-03-21,294,6355703,28.54520547945205,M,White,2016-12-09,1708.0,0.0,0,0.0,0
5920,2975,1602937,10920861,misdemeanor,property,2012-12-26,240,4143130,44.59452054794521,F,White,2018-03-21,-1937.0,0.0,0,0.0,0
1739,4985,57158,1781690,felony,drug,2019-05-04,168,3882249,29.983561643835618,M,Black,2018-04-23,1110.0,0.0,0,1.0,0
79,1679,3909,8403278,misdemeanor,other,2015-04-24,935,6370773,47.17260273972602,M,White,2016-12-01,-1612.0,425.0,0,0.0,3
6169,1617,2406706,4500531,misdemeanor,violent,2018-01-16,431,4500531,25.15890410958904,F,Black,2018-01-16,-69.0,0.0,0,0.0,0
2033,503,66832,13580900,misdemeanor,drug,2012-06-18,892,4100820,33.62465753424657,M,Black,2018-03-28,-2132.0,0.0,0,0.0,1
6139,2761,2293944,8140323,misdemeanor,property,2015-07-20,555,5847419,38.96712328767124,M,Other,2017-04-25,-8.0,0.0,0,0.0,0
350,6221,13178,3873015,misdemeanor,drug,2020-07-15,363,6641052,20.01095890410959,M,Black,2016-09-13,237.0,0.0,0,0.0,5
4158,6105,542158,9184295,misdemeanor,other,2014-08-06,216,6837789,31.87945205479452,M,mixed,2016-07-16,-3.0,0.0,0,0.0,0
5854,5063,1518060,2418720,felony,property,2019-01-09,5,3476358,22.797260273972604,M,Black,2018-07-07,142.0,0.0,1,1.0,1
984,3505,28614,4630193,misdemeanor,violent,2017-12-18,983,6045036,25.895890410958906,M,Black,2017-03-05,234.0,0.0,0,0.0,0
1144,4205,35320,9469319,misdemeanor,property,2014-05-10,544,3607980,24.339726027397266,M,Black,2018-06-13,457.0,0.0,0,0.0,2
328,1284,13178,1275709,felony,property,2019-07-18,363,6641052,20.01095890410959,M,Black,2016-09-13,535.0,0.0,0,0.0,5
6384,4340,3121881,7211810,misdemeanor,drug,2016-04-20,112,4263198,31.095890410958905,M,mixed,2018-02-28,-679.0,0.0,0,0.0,1
4719,1537,961194,9956478,misdemeanor,drug,2013-11-28,945,3394043,55.55068493150685,M,Black,2018-07-20,-104.0,0.0,0,0.0,0
3754,603,336042,2150639,misdemeanor,property,2019-02-28,610,5170311,55.30684931506849,M,White,2017-09-15,53.0,0.0,0,0.0,0
3505,6336,251820,8483690,misdemeanor,other,2015-04-01,461,4307219,31.624657534246577,M,Black,2018-02-20,-127.0,0.0,0,0.0,0
4995,2997,1058203,11075208,misdemeanor,drug,2012-10-31,373,7234140,27.33150684931507,M,Black,2016-04-15,-1688.0,0.0,0,0.0,0
675,5454,24916,5675336,misdemeanor,drug,2017-06-06,985,5675336,18.75068493150685,M,Black,2017-06-06,-822.0,0.0,0,0.0,0
2380,2868,75570,3740276,misdemeanor,drug,2018-05-19,677,4741552,26.2027397260274,M,White,2017-11-28,184.0,0.0,0,0.0,0
5491,6251,1244695,2134251,felony,other,2019-03-05,211,3046602,45.02739726027397,F,White,2018-09-10,-230.0,0.0,1,0.0,1
98,1823,4741,5521968,misdemeanor,property,2017-07-11,421,4609251,33.49589041095891,M,White,2017-12-21,188.0,0.0,0,0.0,0
2025,569,66829,6871709,misdemeanor,violent,2016-07-06,793,6871709,48.30684931506849,M,White,2016-07-06,1413.0,0.0,0,0.0,2
1249,2879,43143,3403134,felony,property,2018-07-19,971,4414756,35.93150684931507,M,White,2018-01-31,50.0,741.0,0,0.0,0
2176,465,69777,5613431,misdemeanor,violent,2017-06-19,868,5594049,27.216438356164385,M,Other,2017-06-24,238.0,0.0,0,0.0,2
372,6223,13605,2277251,misdemeanor,violent,2019-02-06,115,7137668,44.14520547945205,F,Asian,2016-05-11,1001.0,0.0,0,0.0,0
2281,2854,74595,6280671,felony,violent,2017-01-03,148,2568623,38.24109589041096,M,Black,2018-12-10,690.0,0.0,0,0.0,0
2087,1499,68213,4612496,misdemeanor,violent,2017-12-20,284,4612496,54.00547945205479,F,Black,2017-12-20,-293.0,0.0,0,0.0,0
756,4359,26152,4957370,felony,violent,2017-10-24,671,4957370,27.528767123287672,M,Black,2017-10-24,27.0,0.0,1,0.0,1
3611,2511,311707,8821905,misdemeanor,violent,2014-12-09,641,6106630,35.1945205479452,M,Black,2017-02-16,61.0,0.0,0,0.0,0
6380,4096,3120789,9873496,misdemeanor,property,2020-08-17,907,4550413,32.83835616438356,M,Black,2018-01-06,1053.0,483.0,0,0.0,0
3471,6049,242203,2472356,misdemeanor,property,2018-12-29,829,2472356,20.197260273972603,M,Black,2018-12-29,-400.0,0.0,0,0.0,0
4904,2851,1012225,5136035,misdemeanor,other,2017-09-22,823,6096461,50.65753424657535,M,White,2017-02-19,215.0,0.0,0,0.0,0
2839,5241,85806,4096594,misdemeanor,other,2020-08-10,14,6816869,30.0986301369863,M,White,2016-07-23,389.0,0.0,0,0.0,0
5539,1887,1292211,7186647,misdemeanor,property,2016-04-28,717,4460552,21.145205479452056,M,Black,2018-01-23,-842.0,2330.0,0,0.0,1
5356,5244,1127005,9745010,misdemeanor,other,2014-02-04,234,3052452,52.342465753424655,M,White,2018-09-08,-560.0,0.0,0,0.0,0
4772,1634,988101,7759242,misdemeanor,other,2020-10-29,57,6185866,33.271232876712325,M,Black,2017-01-28,7.0,0.0,0,0.0,0
1461,1393,49882,7374051,felony,drug,2016-03-08,230,3596356,35.18082191780822,M,Black,2018-06-14,-828.0,0.0,0,0.0,1
3068,6108,92826,9623274,misdemeanor,other,2014-03-19,746,6037598,40.84657534246576,M,Black,2017-03-07,-155.0,0.0,0,0.0,0
4444,2642,888088,7628725,misdemeanor,violent,2015-12-22,564,2714649,30.98630136986301,M,White,2018-11-10,-952.0,3258.0,0,0.0,0
629,2385,23062,6328469,misdemeanor,property,2016-12-16,376,3575090,58.87123287671233,M,White,2018-06-20,379.0,0.0,0,0.0,0
1234,5327,41991,19702134,misdemeanor,other,2012-02-06,563,6778366,24.93972602739726,M,White,2016-08-05,-1642.0,0.0,0,0.0,4
3515,5351,253477,7625513,misdemeanor,other,2015-12-23,970,7019251,51.3013698630137,M,White,2016-05-24,-32.0,0.0,0,0.0,0
3519,5355,253477,7258987,misdemeanor,other,2016-04-08,970,7019251,51.3013698630137,M,White,2016-05-24,-42.0,0.0,0,0.0,0
2864,5857,89034,765428,misdemeanor,other,2019-10-27,590,5573668,32.09041095890411,M,White,2017-06-30,450.0,0.0,0,0.0,0
4789,4924,990237,4452127,misdemeanor,drug,2018-01-24,854,4452127,21.10958904109589,F,Black,2018-01-24,615.0,0.0,0,0.0,0
3391,3365,222575,9364221,misdemeanor,other,2014-06-08,195,6681053,22.824657534246576,M,Black,2016-09-01,-78.0,0.0,0,0.0,0
329,1294,13178,315237,felony,other,2020-01-29,363,6641052,20.01095890410959,M,Black,2016-09-13,195.0,0.0,1,0.0,5
1594,294,53882,6920979,felony,property,2016-06-23,191,4816008,37.16164383561644,M,White,2017-11-15,-308.0,24.0,0,0.0,0
2677,758,82604,8680414,felony,drug,2015-01-29,129,2576292,34.865753424657534,M,Black,2018-12-07,-63.0,0.0,1,0.0,2
3512,3979,253477,7657804,misdemeanor,violent,2015-12-14,970,7019251,51.3013698630137,M,White,2016-05-24,-102.0,0.0,0,0.0,0
5342,5121,1127005,3052452,misdemeanor,other,2018-09-08,234,3052452,52.342465753424655,M,White,2018-09-08,39.0,0.0,0,0.0,0
4755,1742,982966,9717407,misdemeanor,violent,2014-02-12,915,6970994,28.26027397260274,M,Black,2016-06-08,-156.0,0.0,0,0.0,0
3087,3419,95389,11412300,misdemeanor,other,2012-07-05,897,5251707,36.84109589041096,,Black,2017-09-04,-2033.0,448.0,0,0.0,0
3928,468,358458,7901653,misdemeanor,other,2015-10-01,160,6746136,28.85753424657534,M,mixed,2016-08-13,-973.0,0.0,0,0.0,0
4803,4884,992260,6533628,misdemeanor,violent,2016-10-16,731,6533628,46.2054794520548,F,Black,2016-10-16,100.0,756.0,0,0.0,0
1254,5102,43195,4559503,misdemeanor,drug,2018-01-03,23,2766114,20.693150684931503,M,Black,2018-11-01,566.0,0.0,0,0.0,1
3760,682,336042,2171437,misdemeanor,property,2019-02-25,610,5170311,55.30684931506849,M,White,2017-09-15,-66.0,0.0,0,0.0,0
4407,3250,861665,2898780,misdemeanor,property,2018-10-09,333,5132759,34.63835616438356,M,Black,2017-09-23,-52.0,0.0,0,0.0,0
2355,3179,75426,5234404,felony,violent,2017-09-07,445,6724650,20.78904109589041,M,White,2016-08-20,-36.0,0.0,1,0.0,0
3136,6178,100614,3016459,felony,property,2018-09-15,665,5111848,25.375342465753423,F,Black,2017-09-27,1897.0,0.0,0,1.0,0
738,4344,25928,7268817,felony,violent,2016-04-06,0,7268817,59.33698630136986,M,Black,2016-04-06,-521.0,0.0,0,0.0,0
1558,2683,51576,3820622,misdemeanor,other,2018-05-04,159,3138306,52.04657534246575,M,Black,2018-08-23,1393.0,0.0,0,0.0,1
2127,4556,69058,5683560,misdemeanor,other,2017-06-04,402,7255033,49.24931506849315,F,mixed,2016-04-10,-171.0,0.0,0,0.0,0
3196,4264,115414,3396994,misdemeanor,property,2018-07-20,557,2907915,26.78356164383561,M,,2018-10-05,785.0,0.0,0,0.0,0
6201,5886,2529982,3050989,misdemeanor,other,2018-09-10,733,3050989,55.57534246575342,F,White,2018-09-10,408.0,14627.0,0,0.0,0
6010,5795,1745147,6992103,misdemeanor,other,2016-06-02,150,6984366,19.624657534246577,M,mixed,2016-06-04,-933.0,0.0,0,0.0,0
430,179,14836,1695802,misdemeanor,violent,2020-05-15,773,5627332,26.013698630136982,M,White,2017-06-18,994.0,0.0,0,0.0,0
5386,5226,1130673,6168567,misdemeanor,other,2017-02-02,599,7005244,25.65205479452055,M,Black,2016-05-28,542.0,0.0,0,0.0,1
2822,948,85529,7225954,misdemeanor,other,2016-04-16,734,6161824,19.575342465753423,M,Black,2017-02-04,-944.0,0.0,0,0.0,2
747,4279,26152,1816897,misdemeanor,property,2019-04-27,671,4957370,27.528767123287672,M,Black,2017-10-24,425.0,0.0,0,0.0,1
2412,5579,76733,4951812,misdemeanor,drug,2017-10-25,48,4573842,27.47945205479452,F,White,2017-12-30,-18.0,0.0,0,0.0,0
5167,5900,1072559,11284482,misdemeanor,other,2012-08-18,467,6845142,55.02739726027397,M,White,2016-07-15,-10.0,0.0,0,0.0,0
6131,2708,2248903,5610688,misdemeanor,other,2017-06-20,913,7276076,33.21095890410959,M,White,2016-04-04,1679.0,0.0,0,0.0,0
2100,452,69058,10009163,felony,violent,2013-11-13,402,7255033,49.24931506849315,F,mixed,2016-04-10,-1026.0,0.0,0,0.0,0
965,2517,27924,6822812,misdemeanor,property,2016-07-21,302,6822812,20.48219178082192,M,White,2016-07-21,870.0,0.0,0,0.0,0
5312,1956,1123886,9321571,misdemeanor,property,2014-06-22,667,4973926,25.756164383561643,M,Black,2017-10-22,-902.0,3249.0,0,0.0,0
415,211,14780,6255045,misdemeanor,drug,2017-01-09,175,11966928,22.197260273972603,M,White,2016-04-12,987.0,0.0,0,0.0,1
6492,6426,3462861,7350683,misdemeanor,other,2016-03-15,92,6676950,71.27123287671233,M,Black,2016-09-02,-9.0,0.0,0,0.0,0
2881,3494,91690,5883395,misdemeanor,property,2017-04-17,952,5883395,25.66575342465753,M,Black,2017-04-17,541.0,0.0,0,0.0,0
6001,5335,1710539,5374330,misdemeanor,other,2017-08-10,993,5374331,57.17260273972602,M,White,2017-08-10,547.0,2196.0,0,0.0,0
2668,813,82486,4778522,felony,other,2017-11-20,186,5256465,25.63013698630137,M,Black,2017-09-01,489.0,0.0,0,0.0,3
2186,4677,69831,4220795,misdemeanor,other,2018-03-07,31,6029745,28.375342465753423,F,White,2017-03-08,364.0,0.0,0,0.0,1
5925,5487,1609935,7395385,misdemeanor,other,2016-03-02,406,7395386,41.40547945205479,,,2016-03-02,0.0,0.0,0,0.0,0
6211,3174,2556504,5118851,misdemeanor,property,2017-09-26,239,5118851,39.15068493150685,F,White,2017-09-26,-760.0,0.0,0,0.0,0
435,2470,15177,4586662,misdemeanor,violent,2017-12-27,331,5497906,40.90958904109589,M,Black,2017-07-17,1493.0,0.0,0,0.0,1
1035,4140,30578,7194112,misdemeanor,violent,2016-04-26,548,7283727,30.66849315068493,F,,2016-04-01,385.0,0.0,0,0.0,1
2273,5924,73153,5471393,misdemeanor,other,2017-07-23,837,5471393,24.156164383561645,M,Black,2017-07-23,473.0,0.0,0,0.0,0
1936,2915,64186,6387761,misdemeanor,drug,2016-11-25,917,6203506,35.85753424657534,M,Black,2017-01-24,-542.0,0.0,0,0.0,0
5995,5551,1675740,9302137,misdemeanor,other,2014-06-28,609,6147642,34.961643835616435,M,White,2017-02-07,-2164.0,0.0,0,0.0,0
726,2495,25670,737520,misdemeanor,property,2019-11-01,690,3949162,35.26301369863014,F,Black,2018-04-12,139.0,147.0,0,0.0,0
4263,4325,720250,6591683,misdemeanor,other,2016-09-27,884,5705381,31.14246575342466,M,Black,2017-05-30,206.0,0.0,0,0.0,1
5627,2652,1307719,7015923,misdemeanor,property,2016-05-25,911,3086994,22.10136986301369,M,Black,2018-09-03,-1035.0,0.0,0,0.0,2
3628,3867,316053,8236047,misdemeanor,drug,2015-06-21,353,5560634,41.33698630136986,F,White,2017-07-03,-88.0,0.0,0,0.0,0
655,2413,24750,11007531,misdemeanor,drug,2012-11-26,313,2586870,35.0958904109589,M,White,2018-12-06,-2201.0,0.0,0,0.0,0
3310,3446,184900,8094899,misdemeanor,drug,2015-08-04,554,7157228,24.46849315068493,M,Black,2016-05-06,-67.0,0.0,0,0.0,0
3950,4676,360339,2811995,misdemeanor,other,2018-10-23,89,3371268,33.865753424657534,M,Black,2018-07-25,34.0,0.0,0,0.0,0
3764,4558,336042,5448060,misdemeanor,other,2017-07-26,610,5170311,55.30684931506849,M,White,2017-09-15,705.0,0.0,0,0.0,0
5000,5727,1058203,7234140,misdemeanor,other,2016-04-15,373,7234140,27.33150684931507,M,Black,2016-04-15,-1126.0,0.0,0,0.0,0
5652,2682,1309027,6219329,felony,property,2017-01-19,708,3066846,33.394520547945206,M,White,2018-09-06,216.0,0.0,1,0.0,0
1897,2953,63048,5956682,misdemeanor,drug,2017-03-30,631,6194431,26.27671232876712,F,White,2017-01-26,689.0,0.0,0,0.0,0
1778,910,57732,9323077,misdemeanor,drug,2014-06-21,101,5844042,26.22739726027397,M,Black,2017-04-26,-621.0,203.0,0,0.0,0
2401,2817,76733,3897460,misdemeanor,property,2018-04-20,48,4573842,27.47945205479452,F,White,2017-12-30,0.0,0.0,0,0.0,0
2341,4131,74829,6435042,misdemeanor,property,2016-11-15,246,3392137,27.47945205479452,M,Black,2018-07-21,1078.0,0.0,0,0.0,0
4548,1158,911946,8396701,misdemeanor,other,2015-04-27,727,6339294,31.46027397260274,M,Black,2016-12-13,438.0,0.0,0,0.0,0
1322,2419,46047,9822640,felony,property,2014-01-07,334,7023735,31.136986301369863,M,White,2016-05-23,-1697.0,0.0,0,0.0,0
4867,4896,1007138,4838791,misdemeanor,other,2017-11-12,460,3679645,47.84383561643836,M,Black,2018-05-30,-1017.0,0.0,0,0.0,0
2478,183,78786,9951702,misdemeanor,drug,2013-12-01,479,6645202,24.15068493150685,M,White,2016-09-12,523.0,0.0,0,0.0,2
3657,572,320209,5520925,misdemeanor,violent,2017-07-11,986,4507353,35.61369863013699,M,White,2018-01-15,276.0,0.0,0,0.0,0
3651,3964,319551,8677814,misdemeanor,property,2020-11-19,15,6096198,46.87671232876713,F,White,2017-02-19,1369.0,0.0,0,0.0,0
1819,4616,58583,13657700,misdemeanor,other,2012-02-07,266,3982258,27.813698630136987,M,Black,2018-04-07,-2251.0,0.0,0,0.0,2
6319,5559,2931988,6457031,misdemeanor,other,2016-11-08,38,6457031,54.512328767123286,M,White,2016-11-08,225.0,695.0,0,0.0,0
825,6436,26596,7444714,misdemeanor,other,2016-02-20,137,7370720,46.40547945205479,M,mixed,2016-03-09,-104.0,0.0,0,0.0,0
4601,1073,922002,11505285,misdemeanor,violent,2012-06-03,598,2670602,66.56164383561644,M,Black,2018-11-19,-2360.0,0.0,0,0.0,0
2361,3160,75450,7891924,misdemeanor,property,2015-10-06,81,7462166,53.10410958904109,M,White,2016-02-16,861.0,0.0,0,0.0,0
5416,1845,1137620,9795314,misdemeanor,property,2020-06-02,845,3130830,33.10958904109589,M,Black,2018-08-24,180.0,0.0,0,0.0,0
4295,3729,731121,6046758,misdemeanor,other,2017-03-04,816,6046758,55.68219178082192,F,Black,2017-03-04,-227.0,5853.0,0,0.0,0
6362,4061,3097517,5155450,misdemeanor,property,2017-09-19,215,3864977,37.23561643835617,M,,2018-04-26,485.0,8794.0,0,0.0,1
5046,3294,1061804,5595372,misdemeanor,drug,2017-06-24,355,7382549,28.82191780821918,M,White,2016-03-07,474.0,0.0,0,0.0,0
5332,1942,1127005,11073385,misdemeanor,property,2012-10-31,234,3052452,52.342465753424655,M,White,2018-09-08,-1963.0,0.0,0,0.0,0
3966,2608,380061,8333943,misdemeanor,property,2015-05-19,981,7417657,28.87123287671233,F,White,2016-02-25,132.0,0.0,0,0.0,2
737,4154,25928,5224389,felony,property,2017-09-09,0,7268817,59.33698630136986,M,Black,2016-04-06,1597.0,0.0,0,1.0,0
4266,4370,720250,298119,misdemeanor,other,2020-02-02,884,5705381,31.14246575342466,M,Black,2017-05-30,111.0,0.0,0,0.0,1
893,6292,27382,5815813,misdemeanor,other,2017-05-03,75,7381538,26.56438356164384,M,Black,2016-03-07,0.0,0.0,0,0.0,0
1787,731,57776,10391079,felony,drug,2013-07-02,500,7308318,21.936986301369863,M,Black,2016-03-25,110.0,0.0,1,0.0,1
5089,217,1065031,4549790,felony,property,2018-01-06,696,4549790,33.85753424657534,M,White,2018-01-06,-214.0,182.0,0,1.0,0
1399,610,48080,3328752,misdemeanor,violent,2020-06-28,512,6445341,38.95890410958904,M,Black,2016-11-11,737.0,0.0,0,0.0,0
4102,2552,539268,3305234,misdemeanor,property,2020-06-21,626,3993384,44.24383561643835,M,White,2018-04-05,33.0,0.0,0,0.0,0
262,1471,10071,9480472,misdemeanor,drug,2014-05-06,967,5792197,21.95890410958904,M,Black,2017-05-09,-8.0,0.0,0,0.0,1
5826,1854,1509614,7603933,misdemeanor,property,2016-01-02,424,7369356,52.19178082191781,M,White,2016-03-09,-480.0,0.0,0,0.0,0
173,1346,8089,10017985,misdemeanor,other,2013-11-10,586,4652942,22.35890410958904,M,Black,2017-12-12,-936.0,0.0,0,0.0,0
4795,1174,990371,6915961,misdemeanor,violent,2016-06-25,989,3711442,40.96438356164384,M,Black,2018-05-24,-999.0,0.0,0,0.0,0
6056,2106,1801200,5819528,felony,violent,2017-05-02,999,5728587,54.44109589041096,M,White,2017-05-26,-8.0,0.0,1,0.0,1
1152,6309,35320,4109743,felony,violent,2018-03-27,544,3607980,24.339726027397266,M,Black,2018-06-13,728.0,0.0,0,0.0,2
264,1576,10071,8046040,felony,violent,2015-08-18,967,5792197,21.95890410958904,M,Black,2017-05-09,505.0,0.0,0,0.0,1
4284,1573,725268,7793370,felony,other,2015-11-03,492,6889724,30.73972602739726,M,mixed,2016-07-05,-716.0,0.0,0,0.0,0
1324,2449,46047,9100981,misdemeanor,violent,2014-09-03,334,7023735,31.136986301369863,M,White,2016-05-23,-971.0,0.0,0,0.0,0
3532,3691,256881,8195522,misdemeanor,violent,2015-07-06,705,3893652,36.76712328767123,F,Black,2018-04-21,-1109.0,994.0,0,0.0,0
3078,3811,93743,11424214,misdemeanor,other,2012-06-30,640,7392722,22.873972602739727,M,Black,2016-03-03,-32.0,0.0,0,0.0,0
4793,1049,990371,1287908,misdemeanor,violent,2019-07-16,989,3711442,40.96438356164384,M,Black,2018-05-24,361.0,0.0,0,0.0,0
6444,5423,3250583,6670200,misdemeanor,other,2016-09-05,848,6670200,35.484931506849314,M,White,2016-09-05,100.0,900.0,0,0.0,0
740,4125,26152,6443913,felony,property,2016-11-13,671,4957370,27.528767123287672,M,Black,2017-10-24,-366.0,2.0,0,0.0,1
3862,5644,342986,3993568,misdemeanor,property,2018-04-05,427,3234875,50.80821917808219,M,Black,2018-08-02,36.0,0.0,0,0.0,2
3969,4449,380061,10504946,felony,other,2013-05-24,981,7417657,28.87123287671233,F,White,2016-02-25,-1007.0,0.0,0,0.0,2
1077,6098,32790,10354723,misdemeanor,drug,2013-07-16,182,6744042,24.991780821917807,M,Black,2016-08-15,269.0,0.0,0,0.0,0
1870,3364,60742,9093030,misdemeanor,other,2014-09-06,737,6015800,28.254794520547943,M,Black,2017-03-13,-729.0,0.0,0,0.0,0
1474,4796,49882,5038848,felony,drug,2017-10-10,230,3596356,35.18082191780822,M,Black,2018-06-14,231.0,0.0,1,0.0,1
6020,2081,1773950,7550575,misdemeanor,violent,2016-01-17,114,7550575,37.12054794520548,M,Black,2016-01-17,958.0,0.0,0,0.0,0
4588,1067,919650,11264300,misdemeanor,violent,2012-08-24,744,7532175,34.915068493150685,M,Black,2016-01-24,-1924.0,0.0,0,0.0,0
918,6409,27558,7958600,misdemeanor,other,2015-09-14,54,4448872,37.512328767123286,M,Black,2018-01-25,52.0,0.0,0,0.0,1
4640,1428,935128,4955378,misdemeanor,violent,2017-10-24,375,6156149,48.56712328767123,F,Black,2017-02-06,260.0,0.0,0,0.0,0
5732,3257,1431369,11506217,misdemeanor,other,2012-06-03,850,3129407,38.81917808219178,M,Black,2018-08-24,-1756.0,7658.0,0,0.0,0
3905,2565,349867,9439051,misdemeanor,drug,2014-05-21,676,6357251,23.82191780821918,F,White,2016-12-09,-722.0,0.0,0,0.0,0
422,4509,14780,32428,felony,other,2020-04-20,175,11966928,22.197260273972603,M,White,2016-04-12,175.0,0.0,1,0.0,1
2178,1784,69777,5674527,misdemeanor,violent,2017-06-06,868,5594049,27.216438356164385,M,Other,2017-06-24,64.0,0.0,0,0.0,2
4259,4294,720250,10833069,misdemeanor,property,2013-01-29,884,5705381,31.14246575342466,M,Black,2017-05-30,-201.0,0.0,0,0.0,1
3449,6154,235227,3865544,misdemeanor,drug,2018-04-26,317,5726487,39.8986301369863,F,Black,2017-05-27,1770.0,0.0,0,0.0,0
4036,2218,479978,7495234,misdemeanor,drug,2016-02-07,713,7495234,23.75068493150685,M,White,2016-02-07,-75.0,0.0,0,0.0,0
3298,6137,175405,4836918,felony,violent,2017-11-13,210,4862015,20.88219178082192,M,Black,2017-11-07,-8.0,0.0,1,0.0,4
1493,815,50867,6146374,felony,violent,2017-02-07,944,5473408,20.72876712328767,M,Black,2017-07-21,-240.0,0.0,1,0.0,1
3344,3696,207810,8144762,misdemeanor,violent,2015-07-19,511,3739546,27.51780821917808,M,Black,2018-05-20,241.0,0.0,0,0.0,0
3219,3940,122092,648768,misdemeanor,drug,2019-11-20,442,2547343,45.96986301369863,M,mixed,2018-12-13,1110.0,0.0,0,0.0,0
3467,6034,239769,4629514,misdemeanor,property,2017-12-18,791,4629514,18.23013698630137,M,Black,2017-12-18,-223.0,140.0,0,0.0,0
5951,2229,1610763,5978736,misdemeanor,drug,2017-03-23,840,5330582,36.07945205479452,M,Black,2017-08-19,-149.0,0.0,0,0.0,0
3702,2078,323098,7064525,misdemeanor,property,2016-05-12,127,5801992,31.42465753424657,M,Black,2017-05-07,-831.0,0.0,0,0.0,0
2052,1706,67140,4612808,felony,property,2017-12-20,204,5670555,29.33150684931507,M,Black,2017-06-07,1486.0,0.0,0,0.0,2
1971,3895,65387,7200737,misdemeanor,other,2016-04-23,392,7194627,18.813698630136987,M,Black,2016-04-26,-3.0,0.0,0,0.0,0
4106,2600,539268,4899992,misdemeanor,property,2020-08-25,626,3993384,44.24383561643835,M,White,2018-04-05,46.0,0.0,0,0.0,0
486,2698,15353,1586915,misdemeanor,property,2019-05-21,560,3039691,34.391780821917806,F,White,2018-09-11,-23.0,0.0,0,0.0,3
1241,5259,42402,6701774,misdemeanor,other,2016-08-27,476,6701778,32.106849315068494,M,White,2016-08-27,0.0,0.0,0,0.0,0
4978,3404,1055115,11490319,felony,property,2012-06-08,226,7371681,57.56164383561644,M,White,2016-03-09,-1361.0,0.0,0,0.0,1
4364,3312,847667,1336700,felony,property,2019-07-09,569,5564259,32.27945205479452,F,Black,2017-07-03,61.0,0.0,1,0.0,0
5235,3085,1111687,28251899,misdemeanor,drug,2012-06-07,950,5936371,33.51780821917808,M,White,2017-04-03,119.0,0.0,0,0.0,0
2996,3557,92636,401567,misdemeanor,property,2020-01-13,896,5155920,56.05479452054794,M,Black,2017-09-19,313.0,0.0,0,0.0,0
17,1880,2003,1407670,misdemeanor,property,2019-06-24,325,3551844,53.465753424657535,M,Black,2018-06-22,1894.0,0.0,0,0.0,0
4285,1656,725268,4208467,misdemeanor,property,2018-03-09,492,6889724,30.73972602739726,M,mixed,2016-07-05,857.0,0.0,0,0.0,0
383,4495,14260,2798224,misdemeanor,other,2018-10-25,625,12005344,19.30958904109589,M,,2018-01-15,283.0,0.0,0,0.0,0
6299,5565,2871747,6601849,misdemeanor,property,2016-09-23,658,6601849,53.79726027397261,M,Black,2016-09-23,530.0,0.0,0,0.0,0
2757,5402,84027,8005918,misdemeanor,other,2015-08-31,607,2680535,39.26849315068493,M,Black,2018-11-18,-1281.0,0.0,0,0.0,1
2896,4094,91690,8677855,misdemeanor,property,2020-11-19,952,5883395,25.66575342465753,M,Black,2017-04-17,1976.0,0.0,0,0.0,0
2763,1068,84199,11271399,misdemeanor,drug,2012-08-22,553,7563283,22.12054794520548,M,Black,2016-01-14,-730.0,0.0,0,0.0,0
6145,2774,2293944,6488989,misdemeanor,property,2016-10-28,555,5847419,38.96712328767124,M,Other,2017-04-25,86.0,0.0,0,0.0,0
1899,5684,63048,5638541,misdemeanor,other,2017-06-15,631,6194431,26.27671232876712,F,White,2017-01-26,132.0,0.0,0,0.0,0
2203,994,71257,2922536,misdemeanor,violent,2018-10-02,630,2922536,33.32054794520548,M,Black,2018-10-02,2056.0,0.0,0,0.0,0
2143,479,69085,3894540,misdemeanor,drug,2018-04-20,749,4131834,48.67671232876712,M,White,2018-03-23,28.0,0.0,0,0.0,0
742,4201,26152,8944189,misdemeanor,property,2014-10-26,671,4957370,27.528767123287672,M,Black,2017-10-24,-1063.0,0.0,0,0.0,1
3993,262,442499,10986170,misdemeanor,drug,2012-11-30,7,5053285,29.23835616438356,M,White,2017-10-06,210.0,8154.0,0,0.0,0
5161,3379,1072559,6050646,misdemeanor,property,2017-03-03,467,6845142,55.02739726027397,M,White,2016-07-15,-445.0,0.0,0,0.0,0
3581,6080,277226,1797735,misdemeanor,other,2019-05-01,622,3614608,41.95890410958904,M,mixed,2018-06-12,395.0,0.0,0,0.0,0
636,2442,23784,4559816,felony,property,2018-01-03,50,4559816,26.156164383561645,F,White,2018-01-03,-79.0,0.0,1,0.0,1
2205,1050,71257,1407108,misdemeanor,violent,2019-06-24,630,2922536,33.32054794520548,M,Black,2018-10-02,196.0,0.0,0,0.0,0
4059,3983,522552,6457126,misdemeanor,violent,2016-11-08,636,6457126,32.62191780821918,F,White,2016-11-08,-183.0,0.0,0,0.0,0
2201,423,71257,6906271,misdemeanor,property,2016-06-28,630,2922536,33.32054794520548,M,Black,2018-10-02,-756.0,998.0,0,0.0,0
2803,1725,85246,2640355,felony,property,2018-11-26,51,6243514,19.75068493150685,M,Black,2017-01-12,-7.0,0.0,1,0.0,4
2433,2826,77276,9412207,misdemeanor,property,2020-12-09,94,6096501,42.9041095890411,M,Black,2017-02-19,1296.0,0.0,0,0.0,0
4886,1496,1009164,5127339,misdemeanor,property,2017-09-24,804,7293010,26.153424657534245,M,Black,2016-03-30,1130.0,0.0,0,0.0,0
3363,3892,212874,7184393,misdemeanor,violent,2016-04-29,250,7184393,41.35068493150685,M,mixed,2016-04-29,-56.0,0.0,0,0.0,1
5874,1388,1543625,6463434,felony,violent,2016-11-06,441,4283852,56.85753424657534,M,Black,2018-02-25,621.0,0.0,0,0.0,0
5206,3239,1074774,5239373,misdemeanor,property,2017-09-06,633,7021588,25.02465753424657,F,White,2016-05-24,373.0,1870.0,0,0.0,0
6257,3145,2601543,7142035,misdemeanor,violent,2020-10-20,869,6304179,18.410958904109588,,White,2016-12-25,786.0,3798.0,0,0.0,0
4914,1314,1021244,6486363,misdemeanor,violent,2016-10-29,958,6486363,35.78904109589041,M,Black,2016-10-29,-628.0,3525.0,0,0.0,0
74,2047,3484,1781878,misdemeanor,violent,2019-05-04,928,7383051,38.0,M,Black,2016-03-06,525.0,0.0,0,0.0,1
4183,4153,571225,6053989,felony,property,2017-03-02,381,6053989,53.654794520547945,M,Black,2017-03-02,908.0,0.0,0,0.0,0
6425,2576,3216126,6434318,misdemeanor,violent,2016-11-15,71,5728325,46.04109589041096,M,White,2017-05-26,1302.0,0.0,0,0.0,0
6095,547,2106053,8167255,misdemeanor,property,2015-07-12,357,6397938,47.74520547945205,F,White,2016-11-21,33.0,0.0,0,0.0,1
4894,1979,1009164,7333744,misdemeanor,other,2016-03-18,804,7293010,26.153424657534245,M,Black,2016-03-30,873.0,0.0,0,0.0,0
3046,3837,92826,9488255,misdemeanor,property,2014-05-04,746,6037598,40.84657534246576,M,Black,2017-03-07,118.0,0.0,0,0.0,0
3988,4574,419322,1937235,misdemeanor,other,2019-04-06,742,3227956,20.736986301369864,M,White,2018-08-03,246.0,0.0,0,0.0,0
4564,895,913768,10370126,misdemeanor,property,2013-07-10,675,7583303,41.04383561643836,M,Black,2016-01-08,-1196.0,807.0,0,0.0,0
5643,5485,1308319,7339505,misdemeanor,other,2016-03-17,46,5819314,19.27671232876712,M,Black,2017-05-02,-855.0,0.0,0,0.0,0
1110,4250,33633,5876582,misdemeanor,property,2017-04-18,169,6995174,18.2986301369863,M,mixed,2016-06-01,-1144.0,0.0,0,0.0,0
1175,6280,36554,6704707,misdemeanor,property,2016-08-26,459,6704707,36.23835616438356,M,mixed,2016-08-26,315.0,0.0,0,0.0,0
2987,3512,92636,5034209,misdemeanor,property,2017-10-11,896,5155920,56.05479452054794,M,Black,2017-09-19,104.0,0.0,0,0.0,0
6022,2100,1773950,8620712,misdemeanor,drug,2015-02-13,114,7550575,37.12054794520548,M,Black,2016-01-17,-1812.0,0.0,0,0.0,0
2152,2187,69474,5549603,misdemeanor,violent,2020-09-14,106,6460426,30.30958904109589,F,White,2016-11-07,249.0,0.0,0,0.0,0
5940,5798,1609935,5397573,misdemeanor,violent,2017-08-07,406,7395386,41.40547945205479,,,2016-03-02,0.0,0.0,0,0.0,0
296,4826,11297,6062425,misdemeanor,other,2017-02-28,42,6214564,48.983561643835614,M,Black,2017-01-20,428.0,0.0,0,0.0,0
1767,1204,57529,7224958,misdemeanor,violent,2016-04-17,153,7224958,25.56438356164384,M,Black,2016-04-17,1231.0,0.0,0,0.0,0
2484,205,78786,6645202,misdemeanor,violent,2016-09-12,479,6645202,24.15068493150685,M,White,2016-09-12,-38.0,0.0,0,0.0,2
600,2361,22194,4071979,misdemeanor,drug,2020-08-07,820,4884956,37.95616438356164,F,White,2017-11-02,354.0,0.0,0,0.0,0
1434,1307,49237,8429721,misdemeanor,drug,2015-04-17,96,6507127,20.09041095890411,M,Black,2016-10-22,-531.0,0.0,0,0.0,0
2874,3489,91611,5469330,misdemeanor,property,2017-07-24,102,5490784,30.58082191780822,M,Black,2017-07-18,-142.0,130.0,0,0.0,0
1388,4644,47754,4777775,misdemeanor,property,2017-11-20,133,4777775,36.44931506849315,F,White,2017-11-20,-326.0,0.0,0,0.0,0
310,4967,11936,7364034,misdemeanor,property,2016-03-10,20,7158353,60.92602739726028,M,Black,2016-05-05,-411.0,0.0,0,0.0,2
2474,142,78786,6927286,misdemeanor,property,2016-06-21,479,6645202,24.15068493150685,M,White,2016-09-12,437.0,0.0,0,0.0,2
518,5303,16944,4840703,misdemeanor,other,2017-11-11,503,3471309,39.66849315068493,M,White,2018-07-09,1251.0,0.0,0,0.0,0
4345,5758,844881,6338202,misdemeanor,other,2016-12-14,938,2939914,22.983561643835618,M,White,2018-09-30,0.0,0.0,0,0.0,0
2019,591,66208,4339990,misdemeanor,violent,2018-02-13,888,4339990,40.43013698630137,M,Black,2018-02-13,-736.0,0.0,0,0.0,1
401,228,14773,1065884,felony,violent,2019-08-28,792,6072762,28.04383561643836,M,White,2017-02-25,1.0,0.0,1,0.0,1
6015,2077,1762278,6434678,misdemeanor,violent,2016-11-15,98,6434678,30.42465753424657,M,White,2016-11-15,-220.0,12211.0,0,0.0,0
4989,2964,1058203,10470292,misdemeanor,drug,2013-06-05,373,7234140,27.33150684931507,M,Black,2016-04-15,-2610.0,3045.0,0,0.0,0
5986,2308,1675740,6290136,misdemeanor,violent,2016-12-31,609,6147642,34.961643835616435,M,White,2017-02-07,63.0,2913.0,0,0.0,0
1671,1030,56410,2799758,misdemeanor,property,2018-10-25,741,4937826,33.4027397260274,M,Black,2017-10-27,118.0,0.0,0,0.0,0
6055,2103,1801200,5788931,misdemeanor,violent,2017-05-10,999,5728587,54.44109589041096,M,White,2017-05-26,-16.0,0.0,0,0.0,1
1338,2353,46101,2724499,misdemeanor,other,2018-11-08,585,2788963,46.00547945205479,M,White,2018-10-29,-34.0,0.0,0,0.0,0
2246,1920,72764,6284618,misdemeanor,property,2017-01-02,885,6163577,22.72054794520548,F,Black,2017-02-03,-39.0,0.0,0,0.0,3
3752,597,336042,664155,misdemeanor,property,2019-11-17,610,5170311,55.30684931506849,M,White,2017-09-15,240.0,0.0,0,0.0,0
2926,3649,91883,223597,misdemeanor,violent,2020-02-18,903,7408614,25.14246575342466,F,Black,2016-02-27,76.0,0.0,0,0.0,0
4670,1484,951591,7979877,misdemeanor,property,2015-09-08,30,5053353,26.58356164383561,M,Black,2017-10-06,-8.0,0.0,0,0.0,0
3926,322,358458,3202042,misdemeanor,violent,2018-08-08,160,6746136,28.85753424657534,M,mixed,2016-08-13,114.0,2472.0,0,0.0,0
1147,4291,35320,10728976,felony,property,2013-03-07,544,3607980,24.339726027397266,M,Black,2018-06-13,-876.0,0.0,0,0.0,2
5188,5937,1072559,3685341,misdemeanor,other,2018-05-30,467,6845142,55.02739726027397,M,White,2016-07-15,430.0,0.0,0,0.0,0
6099,578,2106053,5337389,misdemeanor,violent,2017-08-17,357,6397938,47.74520547945205,F,White,2016-11-21,425.0,0.0,0,0.0,1
5045,3274,1061804,7382549,misdemeanor,drug,2016-03-07,355,7382549,28.82191780821918,M,White,2016-03-07,478.0,0.0,0,0.0,0
664,5361,24750,3395537,misdemeanor,drug,2018-07-20,313,2586870,35.0958904109589,M,White,2018-12-06,2074.0,0.0,0,0.0,0
2232,1652,72764,4877217,misdemeanor,property,2017-11-03,885,6163577,22.72054794520548,F,Black,2017-02-03,0.0,0.0,0,0.0,3
5497,32,1251769,10109238,misdemeanor,other,2013-10-08,864,6228444,31.02191780821918,M,Black,2017-01-17,-1261.0,1145.0,0,0.0,0
4279,3989,721126,6090764,misdemeanor,property,2017-02-21,730,7453819,50.013698630136986,M,Black,2016-02-18,-212.0,0.0,0,0.0,0
2294,5587,74595,2568623,misdemeanor,drug,2018-12-10,148,2568623,38.24109589041096,M,Black,2018-12-10,706.0,0.0,0,0.0,0
5225,3256,1103608,52561,misdemeanor,violent,2020-04-06,464,4541881,27.410958904109588,F,White,2018-01-09,662.0,16327.0,0,0.0,0
4206,6201,655898,8812274,misdemeanor,property,2014-12-12,670,7481919,19.778082191780825,M,mixed,2016-02-09,-424.0,0.0,0,0.0,1
2222,653,72764,6066618,felony,property,2017-02-27,885,6163577,22.72054794520548,F,Black,2017-02-03,93.0,0.0,1,0.0,3
5888,4970,1567151,7553479,misdemeanor,other,2016-01-15,545,7553479,36.89041095890411,M,,2016-01-15,0.0,0.0,0,0.0,0
2974,3469,92636,7387828,misdemeanor,property,2016-03-04,896,5155920,56.05479452054794,M,Black,2017-09-19,-302.0,0.0,0,0.0,0
2110,3606,69058,7417171,misdemeanor,other,2016-02-25,402,7255033,49.24931506849315,F,mixed,2016-04-10,23.0,0.0,0,0.0,0
2641,1147,81979,7627700,felony,violent,2015-12-22,443,3679700,57.31780821917808,F,Black,2018-05-30,-890.0,0.0,0,0.0,0
977,2464,28614,10216650,misdemeanor,property,2013-08-30,983,6045036,25.895890410958906,M,Black,2017-03-05,-2372.0,285.0,0,0.0,0
3047,3839,92826,9501669,misdemeanor,property,2014-04-29,746,6037598,40.84657534246576,M,Black,2017-03-07,-5.0,0.0,0,0.0,0
2134,4604,69058,3406569,misdemeanor,other,2018-07-18,402,7255033,49.24931506849315,F,mixed,2016-04-10,0.0,0.0,0,0.0,0
4365,3313,847667,1611896,misdemeanor,violent,2019-05-17,569,5564259,32.27945205479452,F,Black,2017-07-03,-53.0,0.0,0,0.0,0
489,2703,15353,2007108,misdemeanor,property,2019-03-25,560,3039691,34.391780821917806,F,White,2018-09-11,68.0,0.0,0,0.0,3
4179,6200,570963,10496654,misdemeanor,other,2013-05-28,428,6165914,40.92328767123288,M,Black,2017-02-03,-1347.0,0.0,0,0.0,0
2967,3453,92636,8759038,misdemeanor,property,2015-01-03,896,5155920,56.05479452054794,M,Black,2017-09-19,-281.0,0.0,0,0.0,0
5376,1665,1130673,11110196,felony,drug,2012-10-17,599,7005244,25.65205479452055,M,Black,2016-05-28,-1319.0,0.0,0,0.0,1
2915,6207,91724,5143947,misdemeanor,other,2017-09-21,618,5143947,29.24109589041096,M,Black,2017-09-21,210.0,0.0,0,0.0,0
1251,5861,43143,4064588,felony,other,2020-08-04,971,4414756,35.93150684931507,M,White,2018-01-31,916.0,0.0,0,1.0,0
4780,996,989231,4372104,misdemeanor,violent,2018-02-07,644,2777894,20.942465753424656,M,Black,2018-10-30,579.0,586.0,0,0.0,0
4235,3712,712738,6814001,misdemeanor,property,2016-07-25,681,6814001,24.09315068493151,M,Black,2016-07-25,-189.0,420.0,0,0.0,0
797,6382,26596,9715188,misdemeanor,other,2014-02-14,137,7370720,46.40547945205479,M,mixed,2016-03-09,189.0,0.0,0,0.0,0
330,1311,13178,8032108,misdemeanor,property,2015-08-22,363,6641052,20.01095890410959,M,Black,2016-09-13,-1621.0,0.0,0,0.0,5
894,6293,27382,5815815,misdemeanor,other,2017-05-03,75,7381538,26.56438356164384,M,Black,2016-03-07,0.0,0.0,0,0.0,0
2999,3589,92636,7969506,misdemeanor,property,2015-09-10,896,5155920,56.05479452054794,M,Black,2017-09-19,-62.0,0.0,0,0.0,0
720,2521,25523,6757648,misdemeanor,violent,2016-08-11,314,5666449,29.742465753424657,M,Black,2017-06-08,-161.0,0.0,0,0.0,0
3553,3937,260781,3065619,misdemeanor,property,2018-09-06,589,3059137,19.3972602739726,M,Black,2018-09-07,478.0,0.0,0,0.0,0
3565,3775,265085,3232676,misdemeanor,property,2018-08-03,541,3232676,43.10410958904109,M,Black,2018-08-03,1812.0,0.0,0,0.0,0
5468,1709,1237612,4624482,felony,violent,2017-12-18,594,4671633,17.654794520547945,M,Black,2017-12-08,101.0,1593.0,0,0.0,2
5693,4017,1337603,7012302,misdemeanor,drug,2016-05-26,763,7000981,24.95068493150685,F,mixed,2016-05-31,0.0,5.0,0,0.0,0
1938,2919,64186,2095465,misdemeanor,other,2019-03-11,917,6203506,35.85753424657534,M,Black,2017-01-24,776.0,0.0,0,0.0,0
356,3598,13592,7357500,misdemeanor,property,2016-03-13,821,7357500,33.413698630136984,M,Black,2016-03-13,-794.0,0.0,0,0.0,5
6459,5936,3359578,3506084,misdemeanor,drug,2018-07-03,162,3506084,20.778082191780825,M,Black,2018-07-03,-3.0,2101.0,0,0.0,0
2626,1035,81823,3224235,misdemeanor,property,2018-08-05,809,3806430,34.8986301369863,M,,2018-05-07,90.0,0.0,0,0.0,0
2239,1781,72764,5830016,misdemeanor,property,2017-04-29,885,6163577,22.72054794520548,F,Black,2017-02-03,188.0,0.0,0,0.0,3
3173,6029,109307,5534632,misdemeanor,property,2017-07-09,615,6446640,24.194520547945206,M,Black,2016-11-11,275.0,2632.0,0,0.0,1
1387,675,47754,2868225,misdemeanor,property,2018-10-12,133,4777775,36.44931506849315,F,White,2017-11-20,108.0,0.0,0,0.0,0
4988,5968,1055158,4048565,misdemeanor,property,2020-07-28,222,7157820,36.14520547945205,M,White,2016-05-06,215.0,0.0,0,0.0,0
5833,5147,1509614,5853980,misdemeanor,other,2017-04-22,424,7369356,52.19178082191781,M,White,2016-03-09,532.0,0.0,0,0.0,0
1184,2144,38535,3503836,felony,property,2018-07-03,194,5666738,19.22739726027397,M,White,2017-06-08,370.0,0.0,0,1.0,1
710,2553,25425,89891,felony,other,2020-03-14,130,4398368,38.36438356164384,M,White,2018-02-02,784.0,0.0,0,1.0,2
2694,4882,82604,6894911,misdemeanor,other,2016-07-01,129,2576292,34.865753424657534,M,Black,2018-12-07,338.0,0.0,0,0.0,2
6194,5916,2498706,6747081,misdemeanor,other,2016-08-13,571,6747081,22.81095890410959,M,Black,2016-08-13,319.0,1259.0,0,0.0,0
50,2053,2743,2412492,felony,violent,2019-01-10,170,5728038,19.27123287671233,M,Black,2017-05-26,594.0,0.0,0,0.0,1
1994,456,65964,9706603,misdemeanor,other,2014-02-18,229,6725060,24.34794520547945,M,Black,2016-08-20,0.0,0.0,0,0.0,1
1966,3647,65387,268571,felony,violent,2020-02-07,392,7194627,18.813698630136987,M,Black,2016-04-26,384.0,0.0,0,1.0,0
3506,6452,251820,4204521,misdemeanor,other,2018-03-10,461,4307219,31.624657534246577,M,Black,2018-02-20,1074.0,0.0,0,0.0,0
712,2616,25425,4398368,felony,property,2018-02-02,130,4398368,38.36438356164384,M,White,2018-02-02,-501.0,0.0,0,0.0,2
2123,4023,69058,6095057,misdemeanor,violent,2017-02-20,402,7255033,49.24931506849315,F,mixed,2016-04-10,175.0,0.0,0,0.0,0
896,6328,27382,4434613,misdemeanor,property,2018-01-28,75,7381538,26.56438356164384,M,Black,2016-03-07,-193.0,0.0,0,0.0,0
4750,2072,977062,7580589,misdemeanor,property,2016-01-10,652,7580589,45.25205479452055,M,White,2016-01-10,-812.0,2565.0,0,0.0,0
1525,968,51435,4761709,misdemeanor,violent,2017-11-24,726,4761709,33.465753424657535,M,Black,2017-11-24,2005.0,0.0,0,0.0,0
314,699,12751,11508200,felony,drug,2012-06-01,73,4435364,26.40821917808219,M,Black,2018-01-27,-2084.0,399.0,0,0.0,2
6103,4636,2108170,6672666,misdemeanor,other,2016-09-03,307,6672666,26.4986301369863,M,White,2016-09-03,-15.0,0.0,0,0.0,0
1343,2398,46101,3373087,misdemeanor,violent,2018-07-25,585,2788963,46.00547945205479,M,White,2018-10-29,1758.0,0.0,0,0.0,0
5761,4507,1439871,4036522,misdemeanor,other,2020-07-24,835,7030740,30.698630136986303,M,White,2016-05-20,1575.0,0.0,0,0.0,0
3329,3866,202960,7824354,misdemeanor,violent,2015-10-25,777,4331087,38.224657534246575,M,Black,2018-02-15,-815.0,0.0,0,0.0,0
4510,4849,910635,10623824,misdemeanor,other,2013-04-12,841,4973877,61.01643835616439,M,Black,2017-10-22,-13.0,0.0,0,0.0,0
2649,4943,81982,8464406,felony,other,2015-04-07,904,5427759,26.80821917808219,M,Black,2017-07-31,-875.0,0.0,0,0.0,1
4980,3409,1055115,7205513,felony,property,2016-04-22,226,7371681,57.56164383561644,M,White,2016-03-09,1379.0,0.0,0,1.0,1
198,848,8819,597060,felony,violent,2019-12-02,877,5059344,42.56438356164384,M,Black,2017-10-05,787.0,0.0,0,1.0,1
4525,5032,910635,9307776,misdemeanor,other,2014-06-26,841,4973877,61.01643835616439,M,Black,2017-10-22,-1.0,0.0,0,0.0,0
4434,3078,883909,6479506,misdemeanor,drug,2016-11-01,895,5296171,31.32602739726028,F,White,2017-08-25,-1093.0,0.0,0,0.0,1
1858,2897,60742,22373985,misdemeanor,violent,2012-04-17,737,6015800,28.254794520547943,M,Black,2017-03-13,-959.0,395.0,0,0.0,0
5201,5960,1072559,5629753,misdemeanor,other,2017-06-17,467,6845142,55.02739726027397,M,White,2016-07-15,-1.0,0.0,0,0.0,0
5163,4463,1072559,8432449,misdemeanor,property,2015-04-17,467,6845142,55.02739726027397,M,White,2016-07-15,-649.0,0.0,0,0.0,0
3424,3148,230959,9525604,misdemeanor,violent,2020-12-14,875,3128626,28.09041095890411,M,mixed,2018-08-25,2412.0,0.0,0,0.0,0
2783,686,84823,10786563,misdemeanor,property,2013-02-14,400,2922877,24.0,M,Black,2018-10-02,-1438.0,401.0,0,0.0,3
1032,2617,29542,4556311,misdemeanor,drug,2018-01-04,881,4668826,28.698630136986303,F,White,2017-12-09,966.0,0.0,0,0.0,0
4054,293,509811,6917238,misdemeanor,violent,2016-06-24,205,6917238,51.64109589041096,F,White,2016-06-24,124.0,6542.0,0,0.0,0
6461,3352,3359933,4513810,misdemeanor,violent,2018-01-14,678,4513810,41.71232876712329,M,White,2018-01-14,-179.0,355.0,0,0.0,0
2969,3458,92636,7851924,misdemeanor,property,2015-10-16,896,5155920,56.05479452054794,M,Black,2017-09-19,121.0,0.0,0,0.0,0
325,764,13178,8560468,felony,drug,2015-03-09,363,6641052,20.01095890410959,M,Black,2016-09-13,-1592.0,427.0,0,0.0,5
88,3069,3909,10809059,misdemeanor,violent,2013-02-07,935,6370773,47.17260273972602,M,White,2016-12-01,-1393.0,0.0,0,0.0,3
5410,1831,1137620,2851472,misdemeanor,property,2018-10-16,845,3130830,33.10958904109589,M,Black,2018-08-24,53.0,0.0,0,0.0,0
4154,4888,542158,5107681,misdemeanor,other,2017-09-27,216,6837789,31.87945205479452,M,mixed,2016-07-16,438.0,0.0,0,0.0,0
2627,1449,81823,11553662,misdemeanor,drug,2012-05-18,809,3806430,34.8986301369863,M,,2018-05-07,-2270.0,0.0,0,0.0,0
3275,3718,162419,7017218,misdemeanor,property,2016-05-25,329,7017218,33.38082191780822,M,Black,2016-05-25,785.0,0.0,0,0.0,0
4703,688,961194,8535673,misdemeanor,property,2015-03-16,945,3394043,55.55068493150685,M,Black,2018-07-20,627.0,0.0,0,0.0,0
975,2518,28329,6400651,misdemeanor,property,2016-11-21,634,6400651,48.74794520547945,F,Black,2016-11-21,930.0,0.0,0,0.0,0
5983,2318,1672423,2496068,misdemeanor,other,2018-12-23,605,2496068,23.72328767123288,M,White,2018-12-23,33.0,8030.0,0,0.0,0
1680,1512,56410,765662,misdemeanor,property,2019-10-26,741,4937826,33.4027397260274,M,Black,2017-10-27,203.0,0.0,0,0.0,0
4650,1477,940651,8494235,misdemeanor,property,2015-03-29,601,3015248,40.293150684931504,F,mixed,2018-09-15,577.0,4217.0,0,0.0,0
3168,3829,106675,9664170,felony,drug,2014-03-06,292,6671035,23.64109589041096,M,Black,2016-09-05,587.0,0.0,0,0.0,0
3049,3856,92826,8713862,misdemeanor,other,2015-01-17,746,6037598,40.84657534246576,M,Black,2017-03-07,-258.0,0.0,0,0.0,0
4910,4906,1015284,4493795,felony,violent,2018-01-17,619,4493795,32.586301369863016,M,Black,2018-01-17,-325.0,1089.0,0,1.0,0
1351,505,46960,13581626,misdemeanor,other,2012-03-16,99,5915304,24.994520547945207,F,White,2017-04-07,-1736.0,859.0,0,0.0,0
5559,2940,1297492,11590431,misdemeanor,drug,2012-05-07,33,6957590,22.775342465753425,M,White,2016-06-13,-538.0,0.0,0,0.0,0
873,6345,27249,2134947,felony,violent,2019-03-05,960,6478529,22.87945205479452,M,Black,2016-11-01,448.0,0.0,0,0.0,3
3474,510,243409,13647939,misdemeanor,property,2012-02-14,639,5142809,30.34794520547945,M,Black,2017-09-21,-1809.0,926.0,0,0.0,0
1187,2094,38602,4163621,misdemeanor,property,2018-03-18,853,6235576,43.96986301369863,M,Black,2017-01-14,1396.0,0.0,0,0.0,0
526,4390,17881,4612306,felony,other,2017-12-20,753,4771776,31.526027397260275,M,Black,2017-11-21,1281.0,0.0,0,0.0,2
207,1391,8933,6494293,felony,drug,2016-10-26,698,6494293,50.36164383561644,M,Black,2016-10-26,1160.0,114.0,0,0.0,1
1068,4596,32779,8644215,misdemeanor,other,2015-02-05,261,6049457,27.38082191780822,M,Black,2017-03-03,-26.0,0.0,0,0.0,1
6503,6446,3576545,5532028,misdemeanor,other,2017-07-10,82,3447120,59.85753424657534,M,,2018-07-12,142.0,5765.0,0,0.0,0
4170,2571,555837,6352049,misdemeanor,violent,2016-12-11,536,6352048,46.78904109589041,M,Black,2016-12-11,0.0,0.0,0,0.0,0
5032,4457,1060589,3907166,misdemeanor,other,2018-04-19,199,4941565,28.134246575342463,M,Black,2017-10-27,-592.0,0.0,0,0.0,2
361,4589,13592,452014,felony,property,2019-12-31,821,7357500,33.413698630136984,M,Black,2016-03-13,33.0,0.0,1,0.0,5
2908,4328,91718,6969000,misdemeanor,other,2016-06-09,25,6028961,29.572602739726022,M,Black,2017-03-09,-1448.0,0.0,0,0.0,0
4305,6133,742629,4598035,misdemeanor,property,2017-12-25,79,3828636,22.02465753424657,M,Black,2018-05-03,-613.0,0.0,0,0.0,1
3881,3975,344444,10700802,misdemeanor,property,2013-03-17,270,4865164,27.265753424657536,M,Black,2017-11-06,-1695.0,0.0,0,0.0,1
3211,3564,115968,10592105,misdemeanor,other,2013-04-24,768,7003779,30.983561643835618,M,Black,2016-05-30,-2250.0,0.0,0,0.0,0
252,4689,9523,11406556,misdemeanor,drug,2012-07-06,359,3126179,27.695890410958903,M,Black,2018-08-26,-2242.0,0.0,0,0.0,0
5677,2212,1309509,7019161,misdemeanor,property,2016-05-24,754,2495644,31.46849315068493,M,White,2018-12-24,-23.0,0.0,0,0.0,0
3100,3570,98350,10073674,misdemeanor,property,2013-10-22,183,4251991,53.772602739726025,M,Black,2018-03-02,308.0,0.0,0,0.0,1
3253,2952,145687,5626817,misdemeanor,property,2017-06-19,817,6183350,38.347945205479455,M,Asian,2017-01-30,1737.0,0.0,0,0.0,0
27,782,2326,7373601,felony,drug,2016-03-08,807,7591648,31.378082191780823,M,Black,2016-01-06,565.0,0.0,0,0.0,1
3762,4536,336042,8281813,misdemeanor,other,2015-06-07,610,5170311,55.30684931506849,M,White,2017-09-15,-818.0,0.0,0,0.0,0
3378,3734,220893,5138063,misdemeanor,violent,2017-09-22,523,7488749,18.24109589041096,F,Black,2016-02-08,299.0,0.0,0,0.0,0
5603,5638,1305475,6891917,felony,drug,2016-07-03,108,6891917,19.0,M,White,2016-07-03,-73.0,0.0,1,0.0,1
802,6391,26596,8454825,misdemeanor,other,2015-04-10,137,7370720,46.40547945205479,M,mixed,2016-03-09,-171.0,0.0,0,0.0,0
4201,57,637495,4521188,felony,violent,2018-01-12,520,4521188,23.410958904109588,M,Black,2018-01-12,1542.0,38710.0,0,0.0,1
6356,4316,3071637,6724772,misdemeanor,property,2016-08-20,687,5672065,42.41917808219178,F,mixed,2017-06-07,-291.0,0.0,0,0.0,0
3953,961,379371,4641585,misdemeanor,property,2017-12-14,946,4641585,25.254794520547943,M,,2017-12-14,-89.0,0.0,0,0.0,0
395,135,14773,8559566,misdemeanor,violent,2015-03-09,792,6072762,28.04383561643836,M,White,2017-02-25,-1687.0,0.0,0,0.0,1
6024,2128,1773950,7447701,misdemeanor,violent,2016-02-19,114,7550575,37.12054794520548,M,Black,2016-01-17,925.0,0.0,0,0.0,0
1071,6502,32779,6730305,misdemeanor,drug,2016-08-18,261,6049457,27.38082191780822,M,Black,2017-03-03,963.0,0.0,0,0.0,1
1785,4868,57732,9203264,misdemeanor,other,2014-07-30,101,5844042,26.22739726027397,M,Black,2017-04-26,169.0,0.0,0,0.0,0
3563,3658,265085,11022578,misdemeanor,drug,2012-11-20,541,3232676,43.10410958904109,M,Black,2018-08-03,-2925.0,0.0,0,0.0,0
3296,6131,175405,4862016,felony,violent,2017-11-07,210,4862015,20.88219178082192,M,Black,2017-11-07,1021.0,0.0,0,0.0,4
5533,2134,1289480,7748639,felony,drug,2015-11-17,426,5232571,43.96438356164384,F,White,2017-09-07,-660.0,0.0,0,0.0,0
2892,3684,91690,9791126,misdemeanor,property,2014-01-17,952,5883395,25.66575342465753,M,Black,2017-04-17,-1157.0,0.0,0,0.0,0
5767,181,1448386,11383129,misdemeanor,property,2012-07-14,1,5958672,44.989041095890414,M,Black,2017-03-29,-2645.0,8336.0,0,0.0,0
6262,5694,2638329,5289195,misdemeanor,other,2017-08-28,672,5289194,35.1013698630137,M,Other,2017-08-28,0.0,0.0,0,0.0,0
5835,1642,1510722,6297502,misdemeanor,violent,2016-12-28,755,6624477,31.087671232876712,M,White,2016-09-18,294.0,1108.0,0,0.0,0
3571,395,266457,2431294,felony,other,2019-01-07,18,5222987,46.55890410958904,M,Black,2017-09-10,76.0,1372.0,0,1.0,0
1881,5450,62147,37793,misdemeanor,drug,2020-04-16,468,7292958,20.78082191780822,M,Black,2016-03-30,1478.0,0.0,0,0.0,0
6185,3214,2497431,7755250,misdemeanor,drug,2015-11-16,238,6192743,18.84931506849315,M,Black,2017-01-27,48.0,0.0,0,0.0,2
4214,3853,670782,7678240,misdemeanor,property,2015-12-09,105,7255049,25.084931506849315,M,Black,2016-04-10,149.0,0.0,0,0.0,1
3976,1531,404843,11120199,misdemeanor,drug,2012-10-13,322,3550258,32.032876712328765,M,mixed,2018-06-23,-2079.0,0.0,0,0.0,0
4796,4914,990371,3711442,felony,violent,2018-05-24,989,3711442,40.96438356164384,M,Black,2018-05-24,698.0,0.0,0,0.0,0
429,119,14836,11976068,misdemeanor,violent,2017-08-25,773,5627332,26.013698630136982,M,White,2017-06-18,-832.0,0.0,0,0.0,0
1792,1102,57776,10452007,felony,drug,2013-06-11,500,7308318,21.936986301369863,M,Black,2016-03-25,128.0,0.0,1,0.0,1
4977,3400,1055115,7406824,felony,property,2016-02-29,226,7371681,57.56164383561644,M,White,2016-03-09,-29.0,0.0,1,0.0,1
413,171,14780,1052052,misdemeanor,property,2019-08-31,175,11966928,22.197260273972603,M,White,2016-04-12,1202.0,0.0,0,0.0,1
3514,5334,253477,7532200,misdemeanor,other,2016-01-24,970,7019251,51.3013698630137,M,White,2016-05-24,29.0,0.0,0,0.0,0
3197,6045,115414,5959846,misdemeanor,property,2017-03-29,557,2907915,26.78356164383561,M,,2018-10-05,-478.0,0.0,0,0.0,0
1747,1178,57265,6931440,misdemeanor,violent,2016-06-20,116,5435848,31.40821917808219,M,Black,2017-07-29,453.0,0.0,0,0.0,0
5688,4016,1335744,7407381,felony,violent,2016-02-28,833,6148186,32.846575342465755,F,Black,2017-02-07,560.0,0.0,0,0.0,0
1233,3077,41991,6778365,felony,property,2016-08-05,563,6778366,24.93972602739726,M,White,2016-08-05,0.0,0.0,1,0.0,4
4908,1260,1014195,2576007,misdemeanor,drug,2018-12-07,414,2573195,30.80821917808219,F,mixed,2018-12-08,621.0,1777.0,0,0.0,0
6146,2775,2293944,7346520,misdemeanor,property,2016-03-16,555,5847419,38.96712328767124,M,Other,2017-04-25,-226.0,0.0,0,0.0,0
4865,1446,1007138,3679645,felony,violent,2018-05-30,460,3679645,47.84383561643836,M,Black,2018-05-30,168.0,758.0,0,0.0,0
178,1890,8089,1778263,misdemeanor,violent,2020-06-09,586,4652942,22.35890410958904,M,Black,2017-12-12,1524.0,0.0,0,0.0,0
4797,1031,991124,2772217,felony,other,2018-10-31,61,6794396,53.536986301369865,M,Black,2016-07-30,160.0,753.0,0,0.0,1
3747,533,336042,9107797,misdemeanor,property,2014-09-01,610,5170311,55.30684931506849,M,White,2017-09-15,375.0,0.0,0,0.0,0
3180,3602,113657,6607334,felony,property,2016-09-22,814,6607334,23.334246575342465,M,Black,2016-09-22,1450.0,0.0,0,1.0,0
499,784,15930,6568346,misdemeanor,violent,2016-10-04,335,4079940,26.504109589041096,M,Black,2018-03-31,1111.0,0.0,0,0.0,0
2415,5584,76733,5983254,misdemeanor,drug,2017-03-22,48,4573842,27.47945205479452,F,White,2017-12-30,-217.0,0.0,0,0.0,0
48,2007,2743,4955931,felony,violent,2017-10-24,170,5728038,19.27123287671233,M,Black,2017-05-26,-468.0,0.0,0,0.0,1
4734,1939,971359,11496296,felony,violent,2012-06-06,66,6234841,30.63287671232877,M,White,2017-01-15,-1684.0,0.0,0,0.0,0
3963,2492,380061,8349017,misdemeanor,drug,2015-05-13,981,7417657,28.87123287671233,F,White,2016-02-25,-163.0,0.0,0,0.0,2
2651,1348,82063,10173990,felony,violent,2013-09-14,352,6471124,26.175342465753424,M,Black,2016-11-03,-582.0,0.0,0,0.0,0
1372,807,47273,6088780,felony,drug,2017-02-21,621,7465597,23.38082191780822,M,Black,2016-02-13,1049.0,0.0,0,0.0,0
4251,4234,720250,6598461,misdemeanor,other,2016-09-25,884,5705381,31.14246575342466,M,Black,2017-05-30,421.0,0.0,0,0.0,1
2309,2835,74677,9242867,misdemeanor,drug,2014-07-17,294,6355703,28.54520547945205,M,White,2016-12-09,-1700.0,0.0,0,0.0,0
2229,1648,72764,5916573,felony,property,2017-04-07,885,6163577,22.72054794520548,F,Black,2017-02-03,-42.0,0.0,1,0.0,3
6421,4373,3212405,8362914,felony,violent,2015-05-08,940,6143190,27.942465753424656,M,Black,2017-02-08,-642.0,0.0,0,0.0,1
6230,5823,2559192,9000846,misdemeanor,other,2014-10-06,694,6055237,65.05205479452054,M,Black,2017-03-02,-1475.0,0.0,0,0.0,0
4816,5223,995275,6100327,misdemeanor,property,2017-02-17,790,6390045,45.11506849315069,M,mixed,2016-11-23,-1199.0,0.0,0,0.0,0
2318,2794,74723,6105589,misdemeanor,drug,2017-02-16,593,4502652,33.131506849315066,M,White,2018-01-16,79.0,0.0,0,0.0,0
1218,274,41991,8452684,misdemeanor,property,2015-04-10,563,6778366,24.93972602739726,M,White,2016-08-05,-517.0,327.0,0,0.0,4
4746,4827,971940,6067569,misdemeanor,drug,2017-02-27,794,4838938,28.084931506849315,M,Black,2017-11-12,1448.0,0.0,0,0.0,0
2814,1220,85446,5735367,misdemeanor,other,2017-05-24,778,6604737,18.117808219178084,M,Black,2016-09-22,244.0,0.0,0,0.0,2
3352,6007,207810,6730817,misdemeanor,property,2016-08-18,511,3739546,27.51780821917808,M,Black,2018-05-20,-875.0,0.0,0,0.0,0
164,1411,7833,6756836,felony,drug,2016-08-11,969,2827385,40.71232876712329,F,Black,2018-10-21,328.0,0.0,1,0.0,0
6476,5497,3385400,7255596,misdemeanor,other,2016-04-09,44,7255596,48.52054794520548,M,Black,2016-04-09,-176.0,1898.0,0,0.0,0
5923,5433,1609935,4378568,misdemeanor,other,2018-02-06,406,7395386,41.40547945205479,,,2016-03-02,1317.0,0.0,0,0.0,0
3472,3506,242483,4674255,misdemeanor,property,2017-12-08,617,4674255,66.57260273972602,M,Black,2017-12-08,-386.0,280.0,0,0.0,0
4463,594,909315,3741551,misdemeanor,violent,2018-05-18,410,4524392,22.035616438356165,M,Black,2018-01-11,58.0,559.0,0,0.0,0
6480,2680,3389950,5937027,misdemeanor,drug,2017-04-02,165,5937027,18.304109589041097,M,White,2017-04-02,-53.0,730.0,0,0.0,0
6317,5613,2881955,4471356,misdemeanor,other,2018-01-22,748,7457196,35.83561643835616,F,White,2016-02-17,-1.0,0.0,0,0.0,0
6331,4039,3000544,10671137,misdemeanor,property,2013-03-27,419,5607185,22.46027397260274,M,mixed,2017-06-21,-1535.0,48228.0,0,0.0,0
485,2697,15353,1457736,felony,property,2019-06-13,560,3039691,34.391780821917806,F,White,2018-09-11,-4.0,0.0,1,0.0,3
6467,5480,3381394,11573000,misdemeanor,other,2012-05-12,592,6647303,44.915068493150685,,,2016-09-12,-1923.0,11355.0,0,0.0,0
3656,562,320209,6555468,misdemeanor,violent,2016-10-08,986,4507353,35.61369863013699,M,White,2018-01-15,331.0,0.0,0,0.0,0
6108,683,2119515,9395520,misdemeanor,drug,2020-12-04,577,5927377,22.58904109589041,M,Black,2017-04-04,523.0,0.0,0,0.0,0
3528,6258,253477,7542199,misdemeanor,other,2016-01-20,970,7019251,51.3013698630137,M,White,2016-05-24,-1.0,0.0,0,0.0,0
119,1766,4981,7308940,felony,property,2016-03-25,925,6982985,37.38082191780822,M,White,2016-06-05,-887.0,0.0,0,0.0,1
5719,6241,1407719,4860301,misdemeanor,other,2017-11-07,559,4860301,56.50684931506849,M,White,2017-11-07,992.0,0.0,0,0.0,0
5613,2624,1307676,6503627,felony,property,2016-10-24,383,6704112,35.09315068493151,M,White,2016-08-26,-394.0,1665.0,0,0.0,0
1631,2266,55857,9049238,felony,property,2014-09-18,434,6102845,27.07945205479452,F,White,2017-02-17,316.0,0.0,1,0.0,0
3672,430,320631,6334312,misdemeanor,property,2016-12-14,996,6305418,31.63013698630137,M,Black,2016-12-23,187.0,0.0,0,0.0,0
4643,1577,935128,6464218,misdemeanor,violent,2016-11-05,375,6156149,48.56712328767123,F,Black,2017-02-06,940.0,0.0,0,0.0,0
3660,4640,320209,6066990,misdemeanor,other,2017-02-27,986,4507353,35.61369863013699,M,White,2018-01-15,-199.0,0.0,0,0.0,0
5422,1916,1137620,4858903,misdemeanor,property,2017-11-07,845,3130830,33.10958904109589,M,Black,2018-08-24,583.0,0.0,0,0.0,0
1239,5257,42402,6701778,misdemeanor,other,2016-08-27,476,6701778,32.106849315068494,M,White,2016-08-27,0.0,0.0,0,0.0,0
5406,1662,1137620,541550,misdemeanor,property,2019-12-10,845,3130830,33.10958904109589,M,Black,2018-08-24,1242.0,2269.0,0,0.0,0
2095,372,69058,2683902,felony,violent,2018-11-16,402,7255033,49.24931506849315,F,mixed,2016-04-10,459.0,0.0,0,0.0,0
2416,5591,76733,3159336,misdemeanor,drug,2018-08-20,48,4573842,27.47945205479452,F,White,2017-12-30,516.0,0.0,0,0.0,0
3475,3736,243409,5142809,misdemeanor,property,2017-09-21,639,5142809,30.34794520547945,M,Black,2017-09-21,2046.0,0.0,0,0.0,0
5976,5729,1652670,5403234,misdemeanor,other,2017-08-06,550,5403234,22.942465753424656,F,Black,2017-08-06,323.0,5309.0,0,0.0,0
2421,5631,76733,3271900,misdemeanor,other,2020-06-10,48,4573842,27.47945205479452,F,White,2017-12-30,-111.0,0.0,0,0.0,0
4941,1847,1039827,373118,misdemeanor,other,2020-01-17,361,3839724,22.438356164383563,M,Black,2018-05-01,325.0,0.0,0,0.0,0
5766,4503,1440050,832272,felony,other,2019-10-11,131,5113359,27.572602739726022,M,White,2017-09-26,-4.0,0.0,1,0.0,1
5894,4986,1585223,1830964,felony,property,2019-04-24,259,2869394,51.11506849315069,M,Black,2018-10-12,557.0,9050.0,0,1.0,0
6448,3369,3352613,6944237,misdemeanor,property,2016-06-16,93,6944236,18.4027397260274,M,Black,2016-06-16,-1.0,84.0,0,0.0,0
5913,5719,1602754,8762279,misdemeanor,other,2015-01-01,866,7539079,32.87123287671233,F,Black,2016-01-21,-335.0,0.0,0,0.0,0
2971,3462,92636,7306284,misdemeanor,property,2016-03-27,896,5155920,56.05479452054794,M,Black,2017-09-19,169.0,0.0,0,0.0,0
1064,4296,32779,10114902,misdemeanor,drug,2013-10-07,261,6049457,27.38082191780822,M,Black,2017-03-03,-32.0,0.0,0,0.0,1
3182,3420,114124,11433743,misdemeanor,property,2012-06-27,21,6060715,55.07671232876712,M,Black,2017-03-01,-1196.0,467.0,0,0.0,0
3678,3988,320631,5780391,misdemeanor,property,2017-05-12,996,6305418,31.63013698630137,M,Black,2016-12-23,71.0,0.0,0,0.0,0
3911,2074,351066,6956198,felony,property,2016-06-13,255,6956199,32.8054794520548,M,White,2016-06-13,-661.0,0.0,0,0.0,2
4688,1730,957946,3746989,misdemeanor,other,2018-05-17,489,4612868,33.43835616438356,F,White,2017-12-20,1360.0,0.0,0,0.0,0
5856,1371,1519445,9301475,misdemeanor,other,2014-06-28,19,6553405,51.96986301369863,M,Black,2016-10-10,-1000.0,1006.0,0,0.0,0
773,6363,26258,1122693,felony,other,2019-08-17,412,4367944,22.02739726027397,M,Black,2018-02-08,-91.0,0.0,1,0.0,1
2321,2719,74726,21321938,felony,drug,2012-02-16,887,3646741,26.556164383561644,M,Black,2018-06-06,-2161.0,3.0,0,0.0,0
3161,6117,103801,7470210,misdemeanor,drug,2016-02-12,997,7470210,22.88219178082192,M,Black,2016-02-12,1361.0,0.0,0,0.0,0
6140,2762,2293944,8144139,misdemeanor,property,2015-07-19,555,5847419,38.96712328767124,M,Other,2017-04-25,-1.0,0.0,0,0.0,0
4639,1233,935128,6156149,misdemeanor,violent,2017-02-06,375,6156149,48.56712328767123,F,Black,2017-02-06,1001.0,0.0,0,0.0,0
3167,3804,106675,11349816,misdemeanor,drug,2012-07-27,292,6671035,23.64109589041096,M,Black,2016-09-05,-1444.0,0.0,0,0.0,0
651,2367,24750,2114685,misdemeanor,violent,2019-03-07,313,2586870,35.0958904109589,M,White,2018-12-06,1625.0,0.0,0,0.0,0
1331,5397,46047,9770769,felony,other,2014-01-26,334,7023735,31.136986301369863,M,White,2016-05-23,-1559.0,0.0,0,0.0,0
1462,1468,49882,9132132,misdemeanor,drug,2014-08-23,230,3596356,35.18082191780822,M,Black,2018-06-14,-563.0,0.0,0,0.0,1
2753,3813,84027,10723579,misdemeanor,drug,2013-03-09,607,2680535,39.26849315068493,M,Black,2018-11-18,226.0,0.0,0,0.0,1
4622,1934,929734,515583,misdemeanor,property,2019-12-16,297,2971473,40.465753424657535,M,White,2018-09-24,394.0,0.0,0,0.0,0
1784,4746,57732,9720189,felony,drug,2014-02-11,101,5844042,26.22739726027397,M,Black,2017-04-26,147.0,0.0,1,0.0,0
2770,4879,84199,7877783,misdemeanor,other,2015-10-09,553,7563283,22.12054794520548,M,Black,2016-01-14,548.0,0.0,0,0.0,0
5749,156,1439871,5408979,misdemeanor,property,2017-08-03,835,7030740,30.698630136986303,M,White,2016-05-20,489.0,0.0,0,0.0,0
1667,785,56410,6612187,misdemeanor,violent,2016-09-21,741,4937826,33.4027397260274,M,Black,2017-10-27,440.0,0.0,0,0.0,0
3507,6461,251820,4294589,misdemeanor,other,2018-02-22,461,4307219,31.624657534246577,M,Black,2018-02-20,-16.0,0.0,0,0.0,0
1479,819,50827,4937324,felony,drug,2017-10-27,716,5665899,21.778082191780825,M,Black,2017-06-08,-306.0,0.0,1,0.0,3
1307,4395,45481,2511910,misdemeanor,other,2018-12-19,220,2592249,17.6,M,Black,2018-12-05,-271.0,300.0,0,0.0,0
2477,182,78786,11434679,misdemeanor,other,2012-06-26,479,6645202,24.15068493150685,M,White,2016-09-12,-92.0,0.0,0,0.0,2
3004,4002,92636,2057331,misdemeanor,property,2019-03-15,896,5155920,56.05479452054794,M,Black,2017-09-19,-101.0,0.0,0,0.0,0
1256,5231,43195,2766114,misdemeanor,drug,2018-11-01,23,2766114,20.693150684931503,M,Black,2018-11-01,-25.0,0.0,0,0.0,1
5878,1447,1543625,4358110,misdemeanor,property,2018-02-09,441,4283852,56.85753424657534,M,Black,2018-02-25,-16.0,0.0,0,0.0,0
1450,5066,49472,8494350,felony,drug,2015-03-29,119,7563566,32.298630136986304,M,Black,2016-01-14,-36.0,0.0,1,0.0,0
4631,987,932315,5974125,misdemeanor,drug,2017-03-24,870,6386392,22.084931506849315,M,Black,2016-11-26,1490.0,0.0,0,0.0,3
2812,1001,85446,4298064,felony,drug,2018-02-21,778,6604737,18.117808219178084,M,Black,2016-09-22,482.0,0.0,0,0.0,2
5607,2849,1306011,7193530,felony,property,2016-04-26,447,7193530,59.12054794520548,M,White,2016-04-26,-217.0,0.0,1,0.0,2
5344,5125,1127005,1258742,misdemeanor,other,2019-07-22,234,3052452,52.342465753424655,M,White,2018-09-08,133.0,0.0,0,0.0,0
2080,3752,67939,5695293,misdemeanor,property,2017-06-01,707,5475688,60.42191780821918,M,Black,2017-07-21,1085.0,0.0,0,0.0,0
2571,3411,80009,4898588,felony,property,2017-10-31,312,6688760,32.86027397260274,M,,2016-08-30,479.0,0.0,0,1.0,2
5741,5894,1435646,10557156,misdemeanor,other,2013-05-07,847,4155587,32.99452054794521,F,White,2018-03-20,-1778.0,0.0,0,0.0,0
4379,3408,847994,6560817,felony,property,2016-10-07,156,7311479,25.2986301369863,M,Black,2016-03-25,-1172.0,0.0,0,0.0,0
3880,1826,344444,4865164,misdemeanor,property,2017-11-06,270,4865164,27.265753424657536,M,Black,2017-11-06,-504.0,0.0,0,0.0,1
4328,6195,767053,1317580,misdemeanor,other,2019-07-11,719,2667595,26.07123287671233,M,Black,2018-11-20,405.0,0.0,0,0.0,1
3495,803,247459,4660376,felony,violent,2017-12-11,432,4852731,22.10684931506849,M,Black,2017-11-08,33.0,0.0,1,0.0,3
4917,1064,1022206,10665471,misdemeanor,violent,2020-12-25,202,3126042,31.36164383561644,M,Black,2018-08-26,852.0,0.0,0,0.0,0
665,5395,24750,4478288,misdemeanor,drug,2018-01-20,313,2586870,35.0958904109589,M,White,2018-12-06,-181.0,0.0,0,0.0,0
2223,902,72764,9133588,misdemeanor,property,2014-08-22,885,6163577,22.72054794520548,F,Black,2017-02-03,-920.0,0.0,0,0.0,3
176,1408,8089,6340797,felony,drug,2016-12-13,586,4652942,22.35890410958904,M,Black,2017-12-12,471.0,0.0,0,0.0,0
2435,2846,77276,6328624,misdemeanor,property,2016-12-16,94,6096501,42.9041095890411,M,Black,2017-02-19,-1351.0,0.0,0,0.0,0
5426,1926,1137620,3646150,misdemeanor,property,2018-06-06,845,3130830,33.10958904109589,M,Black,2018-08-24,57.0,0.0,0,0.0,0
4303,3788,742629,1908693,misdemeanor,violent,2019-04-11,79,3828636,22.02465753424657,M,Black,2018-05-03,708.0,184.0,0,0.0,1
845,4132,27249,6496034,misdemeanor,property,2016-10-26,960,6478529,22.87945205479452,M,Black,2016-11-01,-3.0,0.0,0,0.0,3
1648,2378,56090,6916269,misdemeanor,violent,2016-06-25,362,6916269,18.29041095890411,M,White,2016-06-25,-725.0,0.0,0,0.0,0
1527,4704,51435,8113289,misdemeanor,other,2015-07-28,726,4761709,33.465753424657535,M,Black,2017-11-24,1016.0,0.0,0,0.0,0
5443,5167,1162141,10072277,misdemeanor,other,2013-10-22,208,6068520,24.991780821917807,M,Black,2017-02-27,509.0,0.0,0,0.0,0
3970,4533,380061,9390119,misdemeanor,drug,2014-05-29,981,7417657,28.87123287671233,F,White,2016-02-25,370.0,0.0,0,0.0,2
2852,3201,87608,1562686,misdemeanor,other,2019-05-27,87,5710263,45.41643835616439,M,Black,2017-05-28,729.0,0.0,0,0.0,0
1762,787,57529,7018381,felony,violent,2016-05-24,153,7224958,25.56438356164384,M,Black,2016-04-17,1261.0,0.0,0,0.0,0
2144,677,69085,606583,misdemeanor,drug,2019-11-27,749,4131834,48.67671232876712,M,White,2018-03-23,586.0,0.0,0,0.0,0
145,2324,5684,3588676,misdemeanor,other,2018-06-16,624,3668551,45.38356164383562,M,White,2018-06-01,15.0,0.0,0,0.0,0
400,226,14773,1071340,misdemeanor,violent,2019-08-27,792,6072762,28.04383561643836,M,White,2017-02-25,913.0,0.0,0,0.0,1
3832,4646,339988,5177770,misdemeanor,other,2017-09-14,139,5998375,56.57534246575342,M,,2017-03-17,891.0,0.0,0,0.0,0
134,1296,5400,1713209,misdemeanor,violent,2020-05-18,642,4292218,27.21917808219178,M,Black,2018-02-22,620.0,0.0,0,0.0,0
6191,3291,2497447,5560404,felony,violent,2017-07-04,543,5560404,55.80821917808219,F,Black,2017-07-04,164.0,16.0,0,0.0,0
4559,1153,912191,8210967,misdemeanor,violent,2015-06-29,454,5560929,34.93698630136986,M,Black,2017-07-03,110.0,0.0,0,0.0,1
520,1367,17881,9480355,misdemeanor,property,2014-05-06,753,4771776,31.526027397260275,M,Black,2017-11-21,-1525.0,937.0,0,0.0,2
3733,360,333745,5846255,misdemeanor,property,2017-04-25,522,5846255,21.72054794520548,M,Black,2017-04-25,10.0,1474.0,0,0.0,0
3587,4089,300361,2538481,misdemeanor,property,2018-12-14,391,2563302,25.852054794520548,M,Black,2018-12-11,3.0,0.0,0,0.0,0
1293,5051,44850,3778372,misdemeanor,drug,2018-05-11,258,3778372,22.284931506849315,M,Black,2018-05-11,-109.0,0.0,0,0.0,0
866,4311,27249,8219307,misdemeanor,violent,2015-06-26,960,6478529,22.87945205479452,M,Black,2016-11-01,1045.0,0.0,0,0.0,3
4086,5500,531993,1749459,misdemeanor,property,2020-05-29,802,5598101,52.59178082191781,M,White,2017-06-23,10.0,0.0,0,0.0,1
3002,3617,92636,5812071,misdemeanor,property,2017-05-04,896,5155920,56.05479452054794,M,Black,2017-09-19,-143.0,0.0,0,0.0,0
5472,1344,1241445,11428280,misdemeanor,property,2012-06-28,732,6213037,27.578082191780823,M,White,2017-01-21,-1968.0,2470.0,0,0.0,0
1146,4218,35320,8103701,misdemeanor,property,2015-07-31,544,3607980,24.339726027397266,M,Black,2018-06-13,181.0,0.0,0,0.0,2
3287,3439,173473,8842034,misdemeanor,other,2014-12-02,404,7552078,50.16712328767123,M,Black,2016-01-16,-1318.0,0.0,0,0.0,0
814,6410,26596,7997976,misdemeanor,other,2015-09-02,137,7370720,46.40547945205479,M,mixed,2016-03-09,231.0,0.0,0,0.0,0
6271,2237,2757019,3826739,misdemeanor,other,2018-05-03,994,7477228,20.542465753424658,M,White,2016-02-10,484.0,10851.0,0,0.0,0
790,6368,26596,11346329,misdemeanor,other,2012-07-28,137,7370720,46.40547945205479,M,mixed,2016-03-09,-40.0,0.0,0,0.0,0
945,2558,27836,10558463,felony,other,2013-05-06,576,6766557,36.69041095890411,M,White,2016-08-09,-2752.0,0.0,0,0.0,1
2159,5318,69474,19588549,misdemeanor,other,2012-02-11,106,6460426,30.30958904109589,F,White,2016-11-07,0.0,0.0,0,0.0,0
5466,2003,1236019,4801505,misdemeanor,other,2017-11-17,552,4801505,31.194520547945206,M,Black,2017-11-17,1828.0,0.0,0,0.0,0
4483,883,909864,10144185,misdemeanor,drug,2013-09-24,80,6892870,22.273972602739725,M,Black,2016-07-02,-709.0,0.0,0,0.0,0
4441,5800,884830,4630916,misdemeanor,drug,2017-12-18,469,3249757,26.75068493150685,M,Black,2018-07-31,-80.0,0.0,0,0.0,0
2251,2142,72764,6015447,misdemeanor,property,2017-03-13,885,6163577,22.72054794520548,F,Black,2017-02-03,116.0,0.0,0,0.0,3
4491,1489,909864,6892870,misdemeanor,drug,2016-07-02,80,6892870,22.273972602739725,M,Black,2016-07-02,436.0,0.0,0,0.0,0
1750,1228,57265,5435848,felony,other,2017-07-29,116,5435848,31.40821917808219,M,Black,2017-07-29,352.0,0.0,1,0.0,0
2558,3162,79687,8412273,misdemeanor,property,2015-04-22,769,7247779,30.32328767123288,M,Other,2016-04-12,-1500.0,0.0,0,0.0,2
1431,918,49237,8078141,misdemeanor,violent,2015-08-08,96,6507127,20.09041095890411,M,Black,2016-10-22,-493.0,0.0,0,0.0,0
466,5784,15340,10702895,misdemeanor,other,2013-03-16,237,5697246,39.5972602739726,M,White,2017-05-31,0.0,0.0,0,0.0,0
2171,4530,69593,10355735,misdemeanor,other,2013-07-15,988,6166510,35.4,F,mixed,2017-02-03,-1516.0,0.0,0,0.0,0
5284,2201,1116388,8086676,misdemeanor,violent,2015-08-06,309,6585372,26.942465753424656,M,Black,2016-09-29,188.0,0.0,0,0.0,1
4124,6198,539268,2066742,misdemeanor,drug,2019-03-14,626,3993384,44.24383561643835,M,White,2018-04-05,-126.0,0.0,0,0.0,0
3913,4564,351066,8098355,felony,other,2018-06-27,255,6956199,32.8054794520548,M,White,2016-06-13,744.0,0.0,0,1.0,2
3974,1376,404843,8700056,misdemeanor,drug,2015-01-22,322,3550258,32.032876712328765,M,mixed,2018-06-23,299.0,0.0,0,0.0,0
3103,3607,98350,7001601,misdemeanor,violent,2016-05-31,183,4251991,53.772602739726025,M,Black,2018-03-02,-111.0,0.0,0,0.0,1
5566,2734,1300240,8275603,misdemeanor,drug,2015-06-09,879,7200598,26.747945205479454,M,Black,2016-04-23,-370.0,2748.0,0,0.0,0
2590,821,81169,4983900,felony,violent,2017-10-19,268,6058682,18.97808219178082,M,Black,2017-03-01,359.0,601.0,0,0.0,0
4306,6164,742629,3828636,felony,property,2018-05-03,79,3828636,22.02465753424657,M,Black,2018-05-03,129.0,0.0,1,0.0,1
5363,2293,1129092,6729552,felony,property,2016-08-18,583,6971419,31.638356164383563,F,White,2016-06-08,122.0,0.0,1,0.0,4
4927,1012,1023228,3548675,misdemeanor,violent,2018-06-24,88,3548675,26.413698630136988,F,Black,2018-06-24,-156.0,135.0,0,0.0,0
3174,6114,109307,6446640,felony,other,2016-11-11,615,6446640,24.194520547945206,M,Black,2016-11-11,-240.0,0.0,1,0.0,1
3998,4629,442499,9849829,misdemeanor,other,2013-12-29,7,5053285,29.23835616438356,M,White,2017-10-06,-88.0,0.0,0,0.0,0
1490,5009,50827,3942835,misdemeanor,drug,2018-04-13,716,5665899,21.778082191780825,M,Black,2017-06-08,-172.0,0.0,0,0.0,3
4879,1243,1009103,5293905,misdemeanor,drug,2017-08-25,871,5293905,24.052054794520547,F,Black,2017-08-25,-40.0,37.0,0,0.0,1
10,1321,1901,5159413,misdemeanor,violent,2017-09-18,781,5159413,53.865753424657534,M,mixed,2017-09-18,-36.0,0.0,0,0.0,0
5316,5179,1123886,6558437,misdemeanor,other,2016-10-07,667,4973926,25.756164383561643,M,Black,2017-10-22,-84.0,0.0,0,0.0,0
5432,2012,1137620,5670762,misdemeanor,property,2017-06-07,845,3130830,33.10958904109589,M,Black,2018-08-24,476.0,0.0,0,0.0,0
4841,989,1002535,5559287,misdemeanor,property,2017-07-04,388,5559287,23.715068493150685,M,Black,2017-07-04,0.0,0.0,0,0.0,0
6006,2315,1713630,5180076,misdemeanor,property,2017-09-14,558,5180076,23.065753424657533,M,White,2017-09-14,-91.0,719.0,0,0.0,0
3419,3486,230874,5698616,misdemeanor,violent,2017-05-31,172,5698616,39.18630136986302,M,mixed,2017-05-31,-152.0,98.0,0,0.0,0
5737,3226,1435646,10584677,misdemeanor,property,2013-04-26,847,4155587,32.99452054794521,F,White,2018-03-20,-1532.0,3748.0,0,0.0,0
1941,2937,64186,2238345,misdemeanor,other,2019-02-13,917,6203506,35.85753424657534,M,Black,2017-01-24,578.0,0.0,0,0.0,0
3580,6070,277226,4079284,misdemeanor,other,2018-04-01,622,3614608,41.95890410958904,M,mixed,2018-06-12,-54.0,562.0,0,0.0,0
337,1596,13178,7553846,misdemeanor,violent,2016-01-15,363,6641052,20.01095890410959,M,Black,2016-09-13,-129.0,0.0,0,0.0,5
3427,3163,230959,8131433,misdemeanor,other,2015-07-23,875,3128626,28.09041095890411,M,mixed,2018-08-25,165.0,0.0,0,0.0,0
543,1795,19626,867650,misdemeanor,violent,2019-10-05,263,4180689,21.15890410958904,F,mixed,2018-03-14,-96.0,0.0,0,0.0,0
5896,5007,1585223,2869394,misdemeanor,property,2018-10-12,259,2869394,51.11506849315069,M,Black,2018-10-12,-194.0,0.0,0,0.0,0
565,4513,20799,4549786,misdemeanor,property,2018-01-06,654,12005419,47.68493150684932,M,White,2018-01-06,-584.0,0.0,0,0.0,0
5154,3360,1072559,1342649,misdemeanor,property,2019-07-07,467,6845142,55.02739726027397,M,White,2016-07-15,-139.0,0.0,0,0.0,0
1089,4099,33253,11191758,felony,property,2012-09-18,649,4284534,24.306849315068494,M,Black,2018-02-25,-1294.0,0.0,0,0.0,0
5273,3132,1114653,4562587,misdemeanor,violent,2018-01-03,78,3399268,39.16712328767123,M,Black,2018-07-20,1944.0,0.0,0,0.0,0
4806,1013,994193,3625742,misdemeanor,violent,2018-06-10,795,3625742,34.90958904109589,M,mixed,2018-06-10,735.0,0.0,0,0.0,0
4395,5760,858453,7466353,misdemeanor,other,2016-02-13,343,7466353,43.83013698630137,M,White,2016-02-13,-916.0,9660.0,0,0.0,0
3412,4356,228688,5806242,misdemeanor,property,2017-05-05,780,6486852,22.01095890410959,M,Black,2016-10-29,188.0,0.0,0,0.0,0
2511,117,79024,11957032,misdemeanor,violent,2016-08-26,52,6759183,37.75616438356165,M,Black,2016-08-10,584.0,0.0,0,0.0,0
374,3963,13665,506151,felony,violent,2019-12-18,90,6053662,47.84109589041096,M,Black,2017-03-02,326.0,60.0,0,1.0,1
1618,680,55112,1572986,misdemeanor,drug,2019-05-23,225,7200043,46.46849315068493,M,White,2016-04-23,1439.0,0.0,0,0.0,0
2224,979,72764,6163578,misdemeanor,property,2017-02-03,885,6163577,22.72054794520548,F,Black,2017-02-03,896.0,0.0,0,0.0,3
5972,3007,1644444,6445062,misdemeanor,violent,2016-11-12,923,4599258,26.8,M,White,2017-12-24,-98.0,1209.0,0,0.0,0
4902,1773,1012225,5350840,misdemeanor,property,2017-08-15,823,6096461,50.65753424657535,M,White,2017-02-19,112.0,2832.0,0,0.0,0
5844,1431,1518057,3627123,misdemeanor,property,2018-06-09,161,3815617,24.646575342465752,M,Black,2018-05-05,51.0,1558.0,0,0.0,0
818,6421,26596,7340352,misdemeanor,other,2016-03-17,137,7370720,46.40547945205479,M,mixed,2016-03-09,-1.0,0.0,0,0.0,0
4243,4088,720250,3058464,misdemeanor,violent,2018-09-07,884,5705381,31.14246575342466,M,Black,2017-05-30,465.0,0.0,0,0.0,1
1198,5291,38681,4176802,misdemeanor,other,2018-03-15,801,4546237,41.66301369863014,F,White,2018-01-08,-139.0,0.0,0,0.0,0
5449,2323,1182268,3094265,misdemeanor,drug,2018-08-31,830,3094265,38.59178082191781,M,White,2018-08-31,2151.0,0.0,0,0.0,0
3573,3532,271093,3188624,misdemeanor,property,2018-08-11,815,3188624,20.695890410958903,M,Black,2018-08-11,335.0,4636.0,0,0.0,0
2982,3493,92636,5789741,misdemeanor,property,2017-05-10,896,5155920,56.05479452054794,M,Black,2017-09-19,-215.0,0.0,0,0.0,0
1470,4771,49882,6536466,misdemeanor,other,2016-10-14,230,3596356,35.18082191780822,M,Black,2018-06-14,1403.0,0.0,0,0.0,1
5381,1815,1130673,10703897,misdemeanor,property,2013-03-15,599,7005244,25.65205479452055,M,Black,2016-05-28,-1193.0,0.0,0,0.0,1
3885,5158,344444,3862798,misdemeanor,property,2018-04-26,270,4865164,27.265753424657536,M,Black,2017-11-06,-369.0,0.0,0,0.0,1
6498,4319,3553403,6739785,misdemeanor,violent,2016-08-16,300,6879917,45.67671232876712,F,Black,2016-07-06,40.0,38400.0,0,0.0,0
5836,1808,1510722,6624477,misdemeanor,violent,2016-09-18,755,6624477,31.087671232876712,M,White,2016-09-18,-101.0,0.0,0,0.0,0
128,837,5400,2739279,felony,property,2018-11-05,642,4292218,27.21917808219178,M,Black,2018-02-22,1097.0,0.0,0,0.0,0
5463,1968,1214199,8188624,felony,violent,2015-07-08,316,5133966,35.97260273972603,M,Black,2017-09-22,-26.0,0.0,1,0.0,0
1914,620,63935,9646149,misdemeanor,property,2014-03-11,341,7021379,29.64109589041096,F,White,2016-05-24,-687.0,0.0,0,0.0,1
3699,2024,323098,3224361,misdemeanor,property,2018-08-05,127,5801992,31.42465753424657,M,Black,2017-05-07,455.0,0.0,0,0.0,0
1065,4297,32779,9633151,misdemeanor,other,2014-03-16,261,6049457,27.38082191780822,M,Black,2017-03-03,160.0,0.0,0,0.0,1
3895,545,349867,8428976,misdemeanor,drug,2015-04-17,676,6357251,23.82191780821918,F,White,2016-12-09,131.0,0.0,0,0.0,0
1137,3908,34896,6275350,misdemeanor,drug,2017-01-05,219,6275350,27.145205479452056,M,Black,2017-01-05,485.0,0.0,0,0.0,0
659,2418,24750,9066163,misdemeanor,other,2014-09-12,313,2586870,35.0958904109589,M,White,2018-12-06,492.0,0.0,0,0.0,0
4585,4698,915957,9773605,misdemeanor,drug,2014-01-24,70,7206185,48.07671232876712,M,mixed,2016-04-21,42.0,0.0,0,0.0,0
876,6441,27249,5025712,misdemeanor,other,2017-10-12,960,6478529,22.87945205479452,M,Black,2016-11-01,1755.0,0.0,0,0.0,3
5978,2994,1657426,5891147,misdemeanor,violent,2017-04-14,387,5891147,62.706849315068496,M,Black,2017-04-14,86.0,1562.0,0,0.0,0
3479,3511,243705,6060586,misdemeanor,property,2017-03-01,481,6532455,18.654794520547945,M,Black,2016-10-17,-255.0,0.0,0,0.0,1
590,2345,21966,6277650,felony,drug,2017-01-04,274,5161682,40.01095890410959,M,White,2017-09-18,-412.0,473.0,0,0.0,0
908,4252,27558,5268978,misdemeanor,property,2017-08-31,54,4448872,37.512328767123286,M,Black,2018-01-25,399.0,0.0,0,0.0,1
5287,3028,1116388,1444119,misdemeanor,property,2019-06-17,309,6585372,26.942465753424656,M,Black,2016-09-29,2244.0,0.0,0,0.0,1
6196,3286,2508428,5769400,misdemeanor,drug,2017-05-16,68,5769400,35.37808219178082,M,White,2017-05-16,50.0,0.0,0,0.0,0
5292,5316,1116388,19650,misdemeanor,property,2020-04-28,309,6585372,26.942465753424656,M,Black,2016-09-29,331.0,0.0,0,0.0,1
6072,5391,1805696,9079417,misdemeanor,drug,2020-11-30,252,7349807,29.40821917808219,F,White,2016-03-15,1499.0,0.0,0,0.0,0
472,416,15353,7847274,misdemeanor,property,2015-10-17,560,3039691,34.391780821917806,F,White,2018-09-11,813.0,0.0,0,0.0,3
5302,5175,1119600,6891773,misdemeanor,other,2016-07-03,135,6891773,29.528767123287672,M,Asian,2016-07-03,94.0,1874.0,0,0.0,0
1134,6449,34814,5697862,misdemeanor,other,2017-05-31,663,4664272,19.378082191780823,M,,2017-12-11,-827.0,0.0,0,0.0,0
2114,3981,69058,7851136,misdemeanor,property,2015-10-16,402,7255033,49.24931506849315,F,mixed,2016-04-10,-3.0,0.0,0,0.0,0
5155,3361,1072559,789255,misdemeanor,property,2019-10-22,467,6845142,55.02739726027397,M,White,2016-07-15,107.0,0.0,0,0.0,0
862,4277,27249,2139881,misdemeanor,property,2019-03-04,960,6478529,22.87945205479452,M,Black,2016-11-01,27.0,0.0,0,0.0,3
3555,3720,262806,7055271,misdemeanor,drug,2016-05-15,32,2491948,60.84931506849315,M,Black,2018-12-26,-1452.0,2025.0,0,0.0,0
6367,4151,3097517,4610515,misdemeanor,property,2017-12-21,215,3864977,37.23561643835617,M,,2018-04-26,-128.0,0.0,0,0.0,1
3346,3763,207810,4514956,misdemeanor,violent,2018-01-13,511,3739546,27.51780821917808,M,Black,2018-05-20,218.0,0.0,0,0.0,0
1097,4288,33253,11324793,misdemeanor,property,2012-08-04,649,4284534,24.306849315068494,M,Black,2018-02-25,-1064.0,0.0,0,0.0,0
6224,3130,2559192,4092756,misdemeanor,violent,2018-03-29,694,6055237,65.05205479452054,M,Black,2017-03-02,242.0,0.0,0,0.0,0
4732,1779,971359,6130867,misdemeanor,other,2017-02-11,66,6234841,30.63287671232877,M,White,2017-01-15,647.0,0.0,0,0.0,0
2062,354,67939,5901499,misdemeanor,property,2017-04-11,707,5475688,60.42191780821918,M,Black,2017-07-21,-878.0,799.0,0,0.0,0
2529,259,79024,12008258,misdemeanor,property,2018-09-14,52,6759183,37.75616438356165,M,Black,2016-08-10,305.0,0.0,0,0.0,0
5675,2204,1309509,7309086,felony,property,2016-03-25,754,2495644,31.46849315068493,M,White,2018-12-24,920.0,0.0,0,0.0,0
1538,2828,51504,164204,misdemeanor,violent,2020-02-28,838,7041731,48.94794520547945,M,Black,2016-05-18,2347.0,0.0,0,0.0,0
71,2301,2870,6036259,misdemeanor,property,2017-03-07,290,3819130,38.43835616438356,M,White,2018-05-04,846.0,0.0,0,0.0,0
2871,3909,91481,5776005,misdemeanor,violent,2017-05-14,117,4650173,21.28219178082192,M,Black,2017-12-13,661.0,0.0,0,0.0,0
1038,2342,31518,6761130,felony,violent,2016-08-10,784,6313374,22.353424657534248,M,White,2016-12-21,210.0,940.0,0,0.0,3
5795,5309,1475717,3221139,misdemeanor,property,2018-08-06,275,3193787,33.11232876712329,F,White,2018-08-10,-211.0,0.0,0,0.0,0
515,2178,16944,5313284,misdemeanor,violent,2017-08-22,503,3471309,39.66849315068493,M,White,2018-07-09,-15.0,0.0,0,0.0,0
1848,1719,60332,6242991,felony,other,2017-01-12,693,4552038,25.438356164383563,M,Black,2018-01-05,1321.0,0.0,0,0.0,3
3730,1245,329378,5017217,misdemeanor,violent,2017-10-13,787,6316765,21.457534246575342,M,Black,2016-12-20,297.0,0.0,0,0.0,0
3931,604,358458,2381982,misdemeanor,drug,2019-01-16,160,6746136,28.85753424657534,M,mixed,2016-08-13,1310.0,0.0,0,0.0,0
1353,518,46960,13658463,felony,other,2012-02-24,99,5915304,24.994520547945207,F,White,2017-04-07,-56.0,0.0,1,0.0,0
2900,6062,91690,3206703,misdemeanor,other,2018-08-08,952,5883395,25.66575342465753,M,Black,2017-04-17,-27.0,0.0,0,0.0,0
5970,3004,1643235,9592619,misdemeanor,property,2014-03-29,949,6097506,24.534246575342465,M,White,2017-02-18,-1506.0,10025.0,0,0.0,0
2372,5859,75450,3357527,felony,other,2020-07-06,81,7462166,53.10410958904109,M,White,2016-02-16,391.0,0.0,0,1.0,0
4957,2368,1052139,11175352,misdemeanor,property,2012-09-24,891,6537189,48.367123287671234,M,White,2016-10-14,-2809.0,0.0,0,0.0,0
2703,844,83127,3806457,felony,violent,2018-05-07,890,6186016,21.172602739726027,M,Black,2017-01-28,1519.0,0.0,0,0.0,0
5647,5478,1308492,2056848,misdemeanor,other,2019-03-15,453,2939945,25.339726027397266,M,White,2018-09-30,-431.0,0.0,0,0.0,0
2720,1043,83299,464952,misdemeanor,violent,2019-12-28,452,6983854,18.164383561643834,,Black,2016-06-04,373.0,0.0,0,0.0,0
3836,4671,339988,10501721,misdemeanor,other,2013-05-25,139,5998375,56.57534246575342,M,,2017-03-17,91.0,0.0,0,0.0,0
4992,2968,1058203,5408752,misdemeanor,drug,2017-08-04,373,7234140,27.33150684931507,M,Black,2016-04-15,-95.0,0.0,0,0.0,0
4346,5759,844881,6338201,misdemeanor,other,2016-12-14,938,2939914,22.983561643835618,M,White,2018-09-30,0.0,0.0,0,0.0,0
2256,3994,72764,6199287,misdemeanor,property,2017-01-25,885,6163577,22.72054794520548,F,Black,2017-02-03,129.0,0.0,0,0.0,3
4456,4910,908756,3663983,misdemeanor,other,2018-06-03,350,7027943,35.915068493150685,M,Black,2016-05-21,-127.0,0.0,0,0.0,0
6422,2527,3216126,5728325,misdemeanor,violent,2017-05-26,71,5728325,46.04109589041096,M,White,2017-05-26,749.0,3721.0,0,0.0,0
5144,3346,1072559,6288867,misdemeanor,property,2017-01-02,467,6845142,55.02739726027397,M,White,2016-07-15,0.0,0.0,0,0.0,0
3689,4537,320960,7970645,misdemeanor,other,2015-09-09,831,7234710,29.51780821917808,M,White,2016-04-14,-218.0,0.0,0,0.0,0
6057,2140,1801200,5590422,misdemeanor,other,2017-06-26,999,5728587,54.44109589041096,M,White,2017-05-26,55.0,0.0,0,0.0,1
3453,6027,236508,6096933,misdemeanor,property,2017-02-19,745,6096933,36.25205479452055,M,Black,2017-02-19,-283.0,470.0,0,0.0,0
3403,3770,228162,4285956,misdemeanor,violent,2018-02-24,455,7542921,39.77534246575343,F,mixed,2016-01-20,766.0,0.0,0,0.0,0
6469,5484,3381394,7055785,misdemeanor,other,2016-05-14,592,6647303,44.915068493150685,,,2016-09-12,0.0,0.0,0,0.0,0
1306,4812,45181,972661,misdemeanor,other,2019-09-16,207,3488332,19.26849315068493,M,Black,2018-07-05,411.0,0.0,0,0.0,2
5001,5730,1058203,4759878,misdemeanor,property,2017-11-26,373,7234140,27.33150684931507,M,Black,2016-04-15,590.0,0.0,0,0.0,0
5137,3336,1072559,7400782,misdemeanor,violent,2016-03-01,467,6845142,55.02739726027397,M,White,2016-07-15,-153.0,0.0,0,0.0,0
3433,3985,230959,6309944,misdemeanor,property,2016-12-22,875,3128626,28.09041095890411,M,mixed,2018-08-25,-611.0,0.0,0,0.0,0
2363,5532,75450,710511,misdemeanor,property,2019-11-07,81,7462166,53.10410958904109,M,White,2016-02-16,422.0,0.0,0,0.0,0
1811,970,58583,5817655,misdemeanor,violent,2017-05-02,266,3982258,27.813698630136987,M,Black,2018-04-07,1021.0,0.0,0,0.0,2
6065,5266,1804725,5564859,misdemeanor,other,2017-07-02,806,5564862,25.945205479452056,M,White,2017-07-02,0.0,0.0,0,0.0,0
4544,556,911946,6351797,misdemeanor,violent,2016-12-11,727,6339294,31.46027397260274,M,Black,2016-12-13,-891.0,636.0,0,0.0,0
392,4512,14413,6275936,misdemeanor,other,2017-01-04,319,6275936,41.59178082191781,F,White,2017-01-04,-1015.0,0.0,0,0.0,0
5579,2838,1301492,8681533,felony,property,2015-01-29,910,4810567,26.76438356164384,M,Black,2017-11-16,811.0,0.0,0,0.0,1
3639,660,318135,5225243,misdemeanor,other,2017-09-08,995,6935981,34.8054794520548,M,White,2016-06-17,639.0,0.0,0,0.0,1
5536,1315,1289881,7348866,misdemeanor,drug,2016-03-15,382,3166132,21.186301369863013,M,Black,2018-08-18,-1091.0,401.0,0,0.0,0
3889,6509,344444,1962062,misdemeanor,property,2019-04-02,270,4865164,27.265753424657536,M,Black,2017-11-06,5.0,0.0,0,0.0,1
1286,4818,44351,3297427,misdemeanor,drug,2020-06-18,262,4130120,27.8054794520548,F,Black,2018-03-24,1121.0,0.0,0,0.0,0
3948,666,360339,3371268,misdemeanor,property,2018-07-25,89,3371268,33.865753424657534,M,Black,2018-07-25,1699.0,367.0,0,0.0,0
4761,708,988101,11101826,misdemeanor,property,2012-10-19,57,6185866,33.271232876712325,M,Black,2017-01-28,-1516.0,992.0,0,0.0,0
2841,866,85929,5030459,misdemeanor,violent,2017-10-11,963,5226476,35.0,M,Black,2017-09-08,-1139.0,123.0,0,0.0,1
2848,4814,85929,1456554,misdemeanor,other,2019-06-13,963,5226476,35.0,M,Black,2017-09-08,1780.0,0.0,0,0.0,1
5481,1702,1243038,5121962,felony,violent,2017-09-25,798,5295157,26.56712328767124,M,Black,2017-08-25,1909.0,0.0,0,1.0,1
859,4274,27249,2134948,misdemeanor,property,2019-03-05,960,6478529,22.87945205479452,M,Black,2016-11-01,0.0,0.0,0,0.0,3
9,869,1901,4955269,misdemeanor,violent,2017-10-24,781,5159413,53.865753424657534,M,mixed,2017-09-18,636.0,0.0,0,0.0,0
792,6371,26596,10988416,misdemeanor,other,2012-11-30,137,7370720,46.40547945205479,M,mixed,2016-03-09,213.0,0.0,0,0.0,0
4915,4815,1021244,2069146,misdemeanor,other,2019-03-13,958,6486363,35.78904109589041,M,Black,2016-10-29,865.0,0.0,0,0.0,0
1472,4778,49882,7451123,felony,drug,2016-02-18,230,3596356,35.18082191780822,M,Black,2018-06-14,-41.0,0.0,1,0.0,1
1347,2443,46101,2788963,misdemeanor,other,2018-10-29,585,2788963,46.00547945205479,M,White,2018-10-29,355.0,0.0,0,0.0,0
3105,3615,98350,5404630,misdemeanor,other,2017-08-05,183,4251991,53.772602739726025,M,Black,2018-03-02,358.0,0.0,0,0.0,1
6207,2434,2537177,4751260,misdemeanor,drug,2017-11-27,372,4751260,28.175342465753424,F,White,2017-11-27,82.0,0.0,0,0.0,0
6142,2764,2293944,7848029,misdemeanor,property,2015-10-17,555,5847419,38.96712328767124,M,Other,2017-04-25,91.0,0.0,0,0.0,0
4632,1095,932315,10706938,felony,violent,2013-03-14,870,6386392,22.084931506849315,M,Black,2016-11-26,-1471.0,0.0,0,0.0,3
1763,878,57529,11046794,misdemeanor,drug,2012-11-09,153,7224958,25.56438356164384,M,Black,2016-04-17,-1292.0,0.0,0,0.0,0
5308,1980,1119846,6907453,felony,property,2016-06-28,914,7485908,19.312328767123287,M,Black,2016-02-08,-52.0,0.0,1,0.0,3
63,1712,2870,5231180,misdemeanor,drug,2017-09-07,290,3819130,38.43835616438356,M,White,2018-05-04,63.0,0.0,0,0.0,0
4098,2545,539268,1696974,misdemeanor,property,2020-05-15,626,3993384,44.24383561643835,M,White,2018-04-05,285.0,0.0,0,0.0,0
4647,1535,935306,10572204,misdemeanor,property,2013-04-30,164,6756714,41.45479452054794,M,Black,2016-08-11,-1199.0,0.0,0,0.0,0
4096,2539,539268,1393532,misdemeanor,property,2019-06-26,626,3993384,44.24383561643835,M,White,2018-04-05,447.0,0.0,0,0.0,0
5345,5126,1127005,1114820,misdemeanor,other,2019-08-19,234,3052452,52.342465753424655,M,White,2018-09-08,28.0,0.0,0,0.0,0
3508,6470,251820,3571597,misdemeanor,other,2018-06-21,461,4307219,31.624657534246577,M,Black,2018-02-20,119.0,0.0,0,0.0,0
1603,4991,54289,6964260,misdemeanor,other,2016-06-10,243,7266260,51.58082191780822,M,,2016-04-06,-28.0,0.0,0,0.0,0
2945,6071,92254,4354694,misdemeanor,other,2018-02-11,413,4354694,25.13150684931507,M,Black,2018-02-11,227.0,0.0,0,0.0,0
2241,1863,72764,5779254,felony,violent,2017-05-12,885,6163577,22.72054794520548,F,Black,2017-02-03,155.0,0.0,1,0.0,3
1045,2344,31876,5772513,misdemeanor,violent,2017-05-15,289,6073160,54.95068493150685,F,White,2017-02-25,65.0,358.0,0,0.0,0
6180,3277,2456906,7417840,misdemeanor,drug,2016-02-25,728,6639316,22.794520547945204,F,White,2016-09-14,586.0,0.0,0,0.0,0
2522,190,79024,8382177,misdemeanor,other,2015-05-03,52,6759183,37.75616438356165,M,Black,2016-08-10,264.0,0.0,0,0.0,0
892,6288,27382,5815814,misdemeanor,other,2017-05-03,75,7381538,26.56438356164384,M,Black,2016-03-07,243.0,0.0,0,0.0,0
4127,6215,539354,1694989,misdemeanor,drug,2020-05-14,365,4818638,51.27945205479452,M,Black,2017-11-15,911.0,0.0,0,0.0,0
3922,2239,351751,2950012,misdemeanor,drug,2018-09-27,171,6215292,23.90410958904109,F,White,2017-01-20,55.0,0.0,0,0.0,0
4340,5753,844881,6293357,misdemeanor,other,2016-12-30,938,2939914,22.983561643835618,M,White,2018-09-30,-639.0,0.0,0,0.0,0
4534,5215,911263,424818,misdemeanor,drug,2020-01-07,380,7281409,25.528767123287672,M,Black,2016-04-01,993.0,0.0,0,0.0,0
154,2288,6851,1986923,felony,violent,2019-03-28,507,4635194,26.76986301369863,M,White,2017-12-16,718.0,237.0,0,1.0,1
4488,1101,909864,10401392,misdemeanor,violent,2013-06-28,80,6892870,22.273972602739725,M,Black,2016-07-02,-9.0,0.0,0,0.0,0
516,2246,16944,6757457,misdemeanor,violent,2016-08-11,503,3471309,39.66849315068493,M,White,2018-07-09,-376.0,0.0,0,0.0,0
4939,1041,1027662,4107373,misdemeanor,violent,2018-03-27,63,4107373,29.96986301369863,M,Black,2018-03-27,244.0,1191.0,0,0.0,0
4952,1061,1050738,1711376,misdemeanor,violent,2020-05-17,494,3479577,22.24931506849315,M,Black,2018-07-06,755.0,10820.0,0,0.0,0
5744,103,1439871,11937077,misdemeanor,property,2015-11-09,835,7030740,30.698630136986303,M,White,2016-05-20,-298.0,0.0,0,0.0,0
3655,549,320209,7764710,misdemeanor,property,2015-11-12,986,4507353,35.61369863013699,M,White,2018-01-15,-813.0,0.0,0,0.0,0
5947,2211,1610763,6385590,misdemeanor,drug,2016-11-27,840,5330582,36.07945205479452,M,Black,2017-08-19,989.0,0.0,0,0.0,0
4142,3713,541012,6981666,misdemeanor,violent,2016-06-06,685,6933156,54.827397260273976,M,Black,2016-06-20,-360.0,232.0,0,0.0,0
2047,1333,67140,2348840,misdemeanor,property,2019-01-23,204,5670555,29.33150684931507,M,Black,2017-06-07,490.0,0.0,0,0.0,2
5328,1698,1127005,6857582,felony,property,2016-07-11,234,3052452,52.342465753424655,M,White,2018-09-08,-283.0,2619.0,0,0.0,0
302,1427,11936,5953583,felony,drug,2017-03-30,20,7158353,60.92602739726028,M,Black,2016-05-05,329.0,0.0,1,0.0,2
1264,3350,43838,5692483,misdemeanor,violent,2017-06-02,34,4301105,25.852054794520548,M,Black,2018-02-21,760.0,395.0,0,0.0,1
2254,2494,72764,510746,misdemeanor,other,2019-12-17,885,6163577,22.72054794520548,F,Black,2017-02-03,-49.0,0.0,0,0.0,3
5174,5909,1072559,8485159,misdemeanor,other,2015-04-01,467,6845142,55.02739726027397,M,White,2016-07-15,190.0,0.0,0,0.0,0
397,155,14773,6092650,misdemeanor,violent,2017-02-20,792,6072762,28.04383561643836,M,White,2017-02-25,189.0,0.0,0,0.0,1
270,4834,10071,5230775,misdemeanor,other,2017-09-07,967,5792197,21.95890410958904,M,Black,2017-05-09,1032.0,0.0,0,0.0,1
496,5809,15353,1611618,misdemeanor,property,2019-05-17,560,3039691,34.391780821917806,F,White,2018-09-11,77.0,0.0,0,0.0,3
6147,2778,2293944,6498737,misdemeanor,property,2016-10-25,555,5847419,38.96712328767124,M,Other,2017-04-25,223.0,0.0,0,0.0,0
4404,5877,860034,8559482,misdemeanor,other,2015-03-10,530,4689683,41.83287671232877,M,Black,2017-12-06,-1632.0,0.0,0,0.0,0
5087,4375,1064849,3201857,misdemeanor,other,2018-08-08,146,3201857,27.03287671232877,F,White,2018-08-08,27.0,0.0,0,0.0,0
2354,3096,75426,5021643,felony,violent,2017-10-13,445,6724650,20.78904109589041,M,White,2016-08-20,-578.0,0.0,0,0.0,0
519,5311,16944,3471309,misdemeanor,other,2018-07-09,503,3471309,39.66849315068493,M,White,2018-07-09,240.0,0.0,0,0.0,0
1458,818,49882,4937397,felony,violent,2017-10-27,230,3596356,35.18082191780822,M,Black,2018-06-14,389.0,155.0,0,0.0,1
4316,6142,750540,5637824,misdemeanor,drug,2017-06-15,750,5637824,23.654794520547945,M,Black,2017-06-15,-1131.0,0.0,0,0.0,0
801,6390,26596,7915178,misdemeanor,other,2015-09-28,137,7370720,46.40547945205479,M,mixed,2016-03-09,152.0,0.0,0,0.0,0
1389,4653,47754,3075229,misdemeanor,property,2018-09-04,133,4777775,36.44931506849315,F,White,2017-11-20,288.0,0.0,0,0.0,0
2020,2750,66208,10025964,misdemeanor,drug,2013-11-07,888,4339990,40.43013698630137,M,Black,2018-02-13,-1559.0,0.0,0,0.0,1
4543,5208,911310,1586182,misdemeanor,property,2019-05-21,711,7364521,44.536986301369865,M,Black,2016-03-10,1250.0,0.0,0,0.0,0
135,1359,5400,9926208,misdemeanor,drug,2013-12-07,642,4292218,27.21917808219178,M,Black,2018-02-22,-2354.0,0.0,0,0.0,0
5310,4788,1119846,5527568,misdemeanor,other,2017-07-10,914,7485908,19.312328767123287,M,Black,2016-02-08,518.0,0.0,0,0.0,3
1284,4720,44351,2560356,misdemeanor,drug,2018-12-11,262,4130120,27.8054794520548,F,Black,2018-03-24,-206.0,0.0,0,0.0,0
5192,5947,1072559,852371,misdemeanor,other,2019-10-09,467,6845142,55.02739726027397,M,White,2016-07-15,134.0,0.0,0,0.0,0
258,770,10071,7654513,felony,violent,2015-12-14,967,5792197,21.95890410958904,M,Black,2017-05-09,-1613.0,0.0,0,0.0,1
3053,3930,92826,5959563,misdemeanor,property,2017-03-29,746,6037598,40.84657534246576,M,Black,2017-03-07,-108.0,0.0,0,0.0,0
849,4208,27249,9492158,misdemeanor,drug,2014-05-02,960,6478529,22.87945205479452,M,Black,2016-11-01,-164.0,0.0,0,0.0,3
488,2701,15353,2384397,misdemeanor,property,2019-01-16,560,3039691,34.391780821917806,F,White,2018-09-11,12.0,0.0,0,0.0,3
5488,5346,1244695,4285426,felony,other,2018-02-24,211,3046602,45.02739726027397,F,White,2018-09-10,-103.0,0.0,1,0.0,1
1640,3048,55857,8683231,misdemeanor,drug,2015-01-29,434,6102845,27.07945205479452,F,White,2017-02-17,-2104.0,0.0,0,0.0,0
1860,2900,60742,8879689,misdemeanor,other,2014-11-18,737,6015800,28.254794520547943,M,Black,2017-03-13,105.0,0.0,0,0.0,0
4323,6174,761620,2618132,misdemeanor,drug,2018-11-30,151,2618132,23.616438356164384,M,Black,2018-11-30,0.0,0.0,0,0.0,0
5197,5952,1072559,3696388,misdemeanor,other,2018-05-28,467,6845142,55.02739726027397,M,White,2016-07-15,1273.0,0.0,0,0.0,0
1721,1607,56946,5920258,felony,drug,2017-04-06,786,5140950,38.2027397260274,M,Black,2017-09-21,1270.0,0.0,0,0.0,0
1082,6271,33016,10183854,misdemeanor,drug,2013-09-11,43,6443817,28.084931506849315,F,mixed,2016-11-13,-295.0,0.0,0,0.0,0
5659,2203,1309468,6864762,misdemeanor,drug,2016-07-08,287,7307171,35.24931506849315,F,White,2016-03-26,834.0,0.0,0,0.0,0
149,2295,6614,5647828,misdemeanor,property,2017-06-13,107,5913001,25.3972602739726,M,White,2017-04-09,-43.0,0.0,0,0.0,1
3231,399,126282,7341352,misdemeanor,other,2020-10-22,3,3573863,36.465753424657535,M,Black,2018-06-20,855.0,0.0,0,0.0,0
3490,6445,244925,5019807,misdemeanor,drug,2017-10-13,872,5050448,18.78630136986301,M,mixed,2017-10-08,-76.0,1220.0,0,0.0,0
2739,1419,83708,5168489,felony,violent,2017-09-16,40,5168489,33.92328767123288,M,Black,2017-09-16,-839.0,0.0,0,0.0,1
4794,1055,990371,2021094,misdemeanor,violent,2019-03-21,989,3711442,40.96438356164384,M,Black,2018-05-24,-117.0,0.0,0,0.0,0
6308,2812,2874630,2687435,misdemeanor,property,2018-11-16,876,2687435,57.38904109589041,M,White,2018-11-16,-685.0,2883.0,0,0.0,0
3888,6496,344444,1988880,misdemeanor,property,2019-03-28,270,4865164,27.265753424657536,M,Black,2017-11-06,156.0,0.0,0,0.0,1
4333,2583,780358,4692540,misdemeanor,drug,2017-12-05,660,4692540,32.16712328767123,M,White,2017-12-05,777.0,0.0,0,0.0,0
2888,3586,91690,7614533,misdemeanor,property,2015-12-29,952,5883395,25.66575342465753,M,Black,2017-04-17,258.0,0.0,0,0.0,0
4246,4177,720250,7121904,misdemeanor,other,2020-10-17,884,5705381,31.14246575342466,M,Black,2017-05-30,10.0,0.0,0,0.0,1
2838,5239,85806,1276461,misdemeanor,violent,2019-07-18,14,6816869,30.0986301369863,M,White,2016-07-23,601.0,0.0,0,0.0,0
1114,6284,33633,7392196,misdemeanor,other,2016-03-03,169,6995174,18.2986301369863,M,mixed,2016-06-01,-429.0,0.0,0,0.0,0
2886,3578,91690,8951771,misdemeanor,property,2014-10-23,952,5883395,25.66575342465753,M,Black,2017-04-17,-21.0,0.0,0,0.0,0
5106,4490,1065449,5834747,felony,other,2017-04-27,635,6236432,32.635616438356166,M,White,2017-01-13,258.0,0.0,1,0.0,0
1718,1224,56946,5140950,felony,violent,2017-09-21,786,5140950,38.2027397260274,M,Black,2017-09-21,1499.0,0.0,0,0.0,0
1932,2926,64098,4137363,misdemeanor,other,2018-03-23,612,4596524,29.213698630136985,F,White,2017-12-26,-171.0,163.0,0,0.0,1
3681,4575,320631,9395302,misdemeanor,property,2020-12-04,996,6305418,31.63013698630137,M,Black,2016-12-23,1405.0,0.0,0,0.0,0
3524,6233,253477,7499022,misdemeanor,other,2016-02-05,970,7019251,51.3013698630137,M,White,2016-05-24,51.0,0.0,0,0.0,0
2784,721,84823,10786562,felony,property,2013-02-14,400,2922877,24.0,M,Black,2018-10-02,0.0,0.0,1,0.0,3
6321,2841,2932251,6466997,felony,other,2016-11-04,311,6466997,20.90684931506849,F,White,2016-11-04,-4.0,263.0,0,1.0,0
5967,2515,1628013,6446041,misdemeanor,violent,2016-11-11,623,6446041,25.389041095890413,F,Black,2016-11-11,160.0,12332.0,0,0.0,0
4163,6197,545503,1481387,misdemeanor,drug,2019-06-10,285,3499759,45.76438356164383,M,Black,2018-07-04,341.0,0.0,0,0.0,0
6137,2759,2293944,7636898,misdemeanor,property,2015-12-19,555,5847419,38.96712328767124,M,Other,2017-04-25,-11.0,0.0,0,0.0,0
3372,3471,215578,7504516,misdemeanor,property,2016-02-04,929,7504516,46.8986301369863,M,Black,2016-02-04,-684.0,2242.0,0,0.0,0
998,2462,29538,10596274,misdemeanor,property,2013-04-22,756,4502396,35.553424657534244,M,Black,2018-01-16,-1867.0,673.0,0,0.0,1
2248,2089,72764,5898167,misdemeanor,property,2017-04-12,885,6163577,22.72054794520548,F,Black,2017-02-03,0.0,0.0,0,0.0,3
3305,6065,184560,3816817,misdemeanor,violent,2018-05-05,488,2790886,45.42739726027397,M,Black,2018-10-29,-910.0,0.0,0,0.0,0
6394,4231,3178940,6922904,misdemeanor,other,2016-06-23,740,6922904,24.65205479452055,M,Black,2016-06-23,-835.0,12581.0,0,0.0,0
4270,6457,720250,3743887,misdemeanor,property,2018-05-18,884,5705381,31.14246575342466,M,Black,2017-05-30,195.0,0.0,0,0.0,1
5320,1578,1124386,7356969,misdemeanor,drug,2016-03-13,399,6928740,19.56164383561644,M,Black,2016-06-21,630.0,500.0,0,0.0,1
1196,5273,38681,4373819,misdemeanor,other,2018-02-07,801,4546237,41.66301369863014,F,White,2018-01-08,30.0,0.0,0,0.0,0
92,1657,4741,4236055,misdemeanor,violent,2018-03-05,421,4609251,33.49589041095891,M,White,2017-12-21,333.0,0.0,0,0.0,0
5538,5204,1289881,3166132,misdemeanor,property,2018-08-18,382,3166132,21.186301369863013,M,Black,2018-08-18,746.0,0.0,0,0.0,0
4227,4439,704623,4153597,misdemeanor,other,2018-03-20,185,4153597,33.53150684931507,M,Black,2018-03-20,1715.0,0.0,0,0.0,0
5495,1659,1250624,4222134,misdemeanor,violent,2018-03-07,602,5982356,24.66849315068493,F,Black,2017-03-22,339.0,2927.0,0,0.0,0
3533,6051,256881,3893652,misdemeanor,other,2018-04-21,705,3893652,36.76712328767123,F,Black,2018-04-21,1020.0,0.0,0,0.0,0
1537,1534,51504,10139922,felony,drug,2013-09-25,838,7041731,48.94794520547945,M,Black,2016-05-18,456.0,0.0,0,0.0,0
4712,1438,961194,3521122,misdemeanor,violent,2018-06-28,945,3394043,55.55068493150685,M,Black,2018-07-20,-22.0,0.0,0,0.0,0
6248,5832,2582921,7277980,misdemeanor,other,2016-04-04,573,2532252,24.85753424657534,M,White,2018-12-16,-45.0,0.0,0,0.0,1
2486,4472,78786,11366419,misdemeanor,other,2012-07-19,479,6645202,24.15068493150685,M,White,2016-09-12,188.0,0.0,0,0.0,2
5705,5154,1348192,13903,misdemeanor,property,2020-05-01,966,5474682,19.54520547945205,M,Black,2017-07-21,365.0,0.0,0,0.0,0
3330,6148,202960,3623365,felony,other,2018-06-11,777,4331087,38.224657534246575,M,Black,2018-02-15,960.0,0.0,0,1.0,0
2334,5600,74726,3159400,misdemeanor,drug,2018-08-20,887,3646741,26.556164383561644,M,Black,2018-06-06,75.0,0.0,0,0.0,0
1316,2346,46047,5788530,felony,property,2017-05-10,334,7023735,31.136986301369863,M,White,2016-05-23,1161.0,0.0,0,0.0,0
4892,1930,1009164,3848582,misdemeanor,property,2018-04-30,804,7293010,26.153424657534245,M,Black,2016-03-30,-415.0,0.0,0,0.0,0
442,2628,15340,4483116,misdemeanor,other,2018-01-19,237,5697246,39.5972602739726,M,White,2017-05-31,-132.0,0.0,0,0.0,0
1508,2981,51323,7917265,misdemeanor,property,2015-09-27,811,4837325,32.26027397260274,M,White,2017-11-13,-663.0,0.0,0,0.0,0
1398,593,48080,3552282,misdemeanor,property,2018-06-22,512,6445341,38.95890410958904,M,Black,2016-11-11,183.0,0.0,0,0.0,0
2356,5533,75426,1361643,misdemeanor,drug,2019-07-02,445,6724650,20.78904109589041,M,White,2016-08-20,663.0,0.0,0,0.0,0
5670,2160,1309509,9967747,misdemeanor,property,2013-11-25,754,2495644,31.46849315068493,M,White,2018-12-24,-903.0,0.0,0,0.0,0
6212,5862,2556504,280496,misdemeanor,other,2020-02-05,239,5118851,39.15068493150685,F,White,2017-09-26,862.0,0.0,0,0.0,0
3545,6052,259056,4219078,felony,property,2018-03-08,59,4219078,40.772602739726025,M,Black,2018-03-08,-120.0,0.0,1,0.0,1
2664,5531,82277,1092643,misdemeanor,drug,2019-08-23,725,7591971,30.315068493150687,M,Black,2016-01-06,1004.0,0.0,0,0.0,1
6082,1789,1985673,2673567,misdemeanor,property,2018-11-19,540,2673567,18.172602739726027,M,Other,2018-11-19,98.0,511.0,0,0.0,0
627,5385,23004,3831999,misdemeanor,property,2018-05-02,103,5232450,55.75890410958904,M,White,2017-09-07,537.0,0.0,0,0.0,0
1890,2920,63048,8131241,misdemeanor,violent,2015-07-23,631,6194431,26.27671232876712,F,White,2017-01-26,-553.0,0.0,0,0.0,0
5563,5680,1297492,27361321,misdemeanor,other,2012-04-15,33,6957590,22.775342465753425,M,White,2016-06-13,-1548.0,0.0,0,0.0,0
4502,988,910635,6211984,misdemeanor,property,2017-01-22,841,4973877,61.01643835616439,M,Black,2017-10-22,-273.0,0.0,0,0.0,0
5334,1982,1127005,6955790,felony,property,2016-06-13,234,3052452,52.342465753424655,M,White,2018-09-08,322.0,0.0,1,0.0,0
2655,6338,82063,6471124,misdemeanor,other,2016-11-03,352,6471124,26.175342465753424,M,Black,2016-11-03,-665.0,0.0,0,0.0,0
12,734,2003,10122626,misdemeanor,drug,2013-10-01,325,3551844,53.465753424657535,M,Black,2018-06-22,-821.0,102.0,0,0.0,0
1678,1253,56410,5981730,misdemeanor,other,2017-03-22,741,4937826,33.4027397260274,M,Black,2017-10-27,236.0,0.0,0,0.0,0
532,5045,17881,4852352,misdemeanor,drug,2017-11-08,753,4771776,31.526027397260275,M,Black,2017-11-21,171.0,0.0,0,0.0,2
391,229,14413,810512,misdemeanor,property,2019-10-16,319,6275936,41.59178082191781,F,White,2017-01-04,85.0,0.0,0,0.0,0
6433,2529,3228132,2644843,misdemeanor,violent,2018-11-25,775,2644843,28.895890410958906,F,White,2018-11-25,-257.0,4554.0,0,0.0,0
6111,3232,2134220,6403657,misdemeanor,property,2016-11-20,140,6403657,23.07945205479452,M,White,2016-11-20,-38.0,0.0,0,0.0,0
1946,2961,64186,3873204,misdemeanor,drug,2020-07-15,917,6203506,35.85753424657534,M,Black,2017-01-24,547.0,0.0,0,0.0,0
5490,5350,1244695,792678,felony,other,2019-10-21,211,3046602,45.02739726027397,F,White,2018-09-10,406.0,0.0,0,1.0,1
4985,3385,1055158,7157820,misdemeanor,violent,2016-05-06,222,7157820,36.14520547945205,M,White,2016-05-06,175.0,0.0,0,0.0,0
1262,5763,43443,2737511,misdemeanor,property,2018-11-06,378,5150392,20.756164383561643,M,Black,2017-09-20,283.0,0.0,0,0.0,1
4490,1143,909864,8406167,felony,drug,2015-04-23,80,6892870,22.273972602739725,M,Black,2016-07-02,337.0,0.0,1,0.0,0
2796,4990,84823,10932763,misdemeanor,property,2012-12-19,400,2922877,24.0,M,Black,2018-10-02,-1933.0,0.0,0,0.0,3
245,730,9523,10386581,misdemeanor,violent,2013-07-03,359,3126179,27.695890410958903,M,Black,2018-08-26,-134.0,0.0,0,0.0,0
4605,1173,922587,7345698,misdemeanor,violent,2016-03-16,587,7345698,29.36164383561644,M,Black,2016-03-16,-651.0,0.0,0,0.0,0
5892,5080,1575015,7341599,misdemeanor,other,2020-10-22,41,4801231,18.983561643835618,M,Black,2017-11-17,1070.0,0.0,0,0.0,0
669,4068,24904,6139100,misdemeanor,drug,2017-02-09,992,5971420,26.78904109589041,F,White,2017-03-26,-45.0,0.0,0,0.0,0
5019,4455,1059734,27579728,misdemeanor,other,2012-02-14,308,6984750,27.78904109589041,F,Black,2016-06-04,-10.0,0.0,0,0.0,0
5990,5340,1675740,6147642,misdemeanor,other,2017-02-07,609,6147642,34.961643835616435,M,White,2017-02-07,-567.0,0.0,0,0.0,0
3213,6074,115968,1413859,misdemeanor,other,2019-06-22,768,7003779,30.983561643835618,M,Black,2016-05-30,676.0,0.0,0,0.0,0
4723,1248,961819,5937825,misdemeanor,violent,2017-04-01,849,4667298,38.298630136986304,M,Black,2017-12-10,-253.0,0.0,0,0.0,0
3017,6003,92636,8001758,misdemeanor,other,2015-09-01,896,5155920,56.05479452054794,M,Black,2017-09-19,-41.0,0.0,0,0.0,0
953,3535,27836,3448399,misdemeanor,violent,2018-07-12,576,6766557,36.69041095890411,M,White,2016-08-09,-19.0,0.0,0,0.0,1
4656,4962,940651,9763606,misdemeanor,other,2014-01-28,601,3015248,40.293150684931504,F,mixed,2018-09-15,342.0,0.0,0,0.0,0
5611,5577,1306011,4796723,misdemeanor,property,2017-11-19,447,7193530,59.12054794520548,M,White,2016-04-26,1844.0,0.0,0,0.0,2
1686,1931,56410,2717362,misdemeanor,property,2018-11-09,741,4937826,33.4027397260274,M,Black,2017-10-27,407.0,0.0,0,0.0,0
402,65,14780,6487251,misdemeanor,drug,2016-10-28,175,11966928,22.197260273972603,M,White,2016-04-12,-1034.0,7.0,0,0.0,1
1934,2955,64098,4562308,misdemeanor,other,2018-01-03,612,4596524,29.213698630136985,F,White,2017-12-26,8.0,0.0,0,0.0,1
3636,5510,316704,5008270,misdemeanor,other,2017-10-16,377,5008270,37.704109589041096,M,Other,2017-10-16,0.0,0.0,0,0.0,0
3297,6134,175405,4776413,felony,violent,2017-11-21,210,4862015,20.88219178082192,M,Black,2017-11-07,14.0,0.0,1,0.0,4
4878,5278,1009066,5067540,misdemeanor,other,2017-10-04,67,5067540,20.96712328767123,M,Black,2017-10-04,-1115.0,0.0,0,0.0,0
4774,1851,988101,10478480,misdemeanor,drug,2013-06-03,57,6185866,33.271232876712325,M,Black,2017-01-28,-1848.0,0.0,0,0.0,0
4702,687,961194,10405276,misdemeanor,property,2013-06-27,945,3394043,55.55068493150685,M,Black,2018-07-20,-1382.0,348.0,0,0.0,0
5324,5100,1124386,4494534,misdemeanor,drug,2018-01-17,399,6928740,19.56164383561644,M,Black,2016-06-21,560.0,0.0,0,0.0,1
5969,5734,1633210,3775181,misdemeanor,property,2018-05-13,349,3775181,26.731506849315068,M,Black,2018-05-13,1745.0,0.0,0,0.0,0
2454,5853,77608,1486836,felony,other,2019-06-08,934,4613060,36.35890410958904,F,White,2017-12-20,831.0,0.0,0,1.0,1
3690,4538,320960,7970646,misdemeanor,other,2015-09-09,831,7234710,29.51780821917808,M,White,2016-04-14,0.0,0.0,0,0.0,0
2442,2313,77608,4613060,misdemeanor,property,2017-12-20,934,4613060,36.35890410958904,F,White,2017-12-20,-55.0,332.0,0,0.0,1
4184,4225,571225,7534580,misdemeanor,drug,2016-01-22,381,6053989,53.654794520547945,M,Black,2017-03-02,-405.0,0.0,0,0.0,0
4738,5081,971359,10465322,felony,violent,2013-06-06,66,6234841,30.63287671232877,M,White,2017-01-15,-927.0,0.0,0,0.0,0
3551,3798,260781,2296603,misdemeanor,property,2019-02-03,589,3059137,19.3972602739726,M,Black,2018-09-07,-171.0,0.0,0,0.0,0
4360,3040,847667,3380990,misdemeanor,property,2018-07-24,569,5564259,32.27945205479452,F,Black,2017-07-03,584.0,0.0,0,0.0,0
1959,4738,65316,10312158,felony,drug,2013-07-30,429,6863214,36.42739726027397,M,Black,2016-07-08,-1091.0,0.0,0,0.0,1
451,3074,15340,8379028,felony,drug,2015-05-05,237,5697246,39.5972602739726,M,White,2017-05-31,67.0,0.0,1,0.0,0
3447,3819,235227,10799642,misdemeanor,drug,2013-02-11,317,5726487,39.8986301369863,F,Black,2017-05-27,-1566.0,0.0,0,0.0,0
617,2450,22194,9514156,misdemeanor,drug,2014-04-24,820,4884956,37.95616438356164,F,White,2017-11-02,63.0,0.0,0,0.0,0
2290,5548,74595,9177992,misdemeanor,other,2014-08-07,148,2568623,38.24109589041096,M,Black,2018-12-10,-108.0,0.0,0,0.0,0
763,6491,26152,1803655,felony,violent,2019-04-30,671,4957370,27.528767123287672,M,Black,2017-10-24,299.0,0.0,1,0.0,1
832,4300,26679,9334379,felony,violent,2014-06-18,224,6916481,31.117808219178084,M,Black,2016-06-25,-801.0,0.0,0,0.0,0
3116,3889,98350,7047374,misdemeanor,other,2016-05-17,183,4251991,53.772602739726025,M,Black,2018-03-02,-77.0,0.0,0,0.0,1
2009,3559,66046,11182725,misdemeanor,property,2012-09-21,909,5057571,24.473972602739725,M,Black,2017-10-06,-1607.0,0.0,0,0.0,0
5460,1497,1214199,5133966,misdemeanor,violent,2017-09-22,316,5133966,35.97260273972603,M,Black,2017-09-22,864.0,8917.0,0,0.0,0
5994,5358,1675740,1754114,misdemeanor,other,2020-05-31,609,6147642,34.961643835616435,M,White,2017-02-07,838.0,0.0,0,0.0,0
831,4242,26679,6701957,misdemeanor,property,2016-08-27,224,6916481,31.117808219178084,M,Black,2016-06-25,61.0,0.0,0,0.0,0
5350,5137,1127005,8175632,misdemeanor,other,2015-07-09,234,3052452,52.342465753424655,M,White,2018-09-08,-14.0,0.0,0,0.0,0
4468,1177,909315,6931293,misdemeanor,violent,2016-06-20,410,4524392,22.035616438356165,M,Black,2018-01-11,-895.0,0.0,0,0.0,0
4770,1632,988101,7227303,misdemeanor,property,2020-10-21,57,6185866,33.271232876712325,M,Black,2017-01-28,-1.0,0.0,0,0.0,0
5742,76,1439871,7773343,misdemeanor,property,2015-11-09,835,7030740,30.698630136986303,M,White,2016-05-20,916.0,4225.0,0,0.0,0
3861,5200,342986,4260413,felony,property,2018-02-28,427,3234875,50.80821917808219,M,Black,2018-08-02,-17.0,0.0,1,0.0,2
5532,2086,1289480,5232571,misdemeanor,drug,2017-09-07,426,5232571,43.96438356164384,F,White,2017-09-07,-290.0,899.0,0,0.0,0
224,783,9044,6544629,felony,violent,2016-10-12,715,3076203,21.186301369863013,M,Black,2018-09-04,-322.0,0.0,1,0.0,0
5841,1825,1516491,4780246,misdemeanor,violent,2017-11-20,83,4780246,29.389041095890413,M,Other,2017-11-20,-154.0,0.0,0,0.0,0
1702,4933,56410,1824199,misdemeanor,property,2019-04-25,741,4937826,33.4027397260274,M,Black,2017-10-27,2236.0,0.0,0,0.0,0
6287,2386,2842887,7275867,misdemeanor,property,2016-04-04,759,7275867,26.90958904109589,M,White,2016-04-04,-47.0,7193.0,0,0.0,0
5954,3031,1610763,159710,misdemeanor,violent,2020-03-01,840,5330582,36.07945205479452,M,Black,2017-08-19,926.0,0.0,0,0.0,0
4309,6140,746888,4861385,misdemeanor,other,2017-11-07,561,4981381,47.06575342465754,F,Black,2017-10-20,-47.0,3892.0,0,0.0,0
4418,5323,873153,4532288,misdemeanor,other,2018-01-10,128,4532287,19.0027397260274,M,White,2018-01-10,0.0,0.0,0,0.0,0
656,2414,24750,11089202,misdemeanor,drug,2012-10-24,313,2586870,35.0958904109589,M,White,2018-12-06,-33.0,0.0,0,0.0,0
4021,2209,474178,6555725,misdemeanor,drug,2016-10-08,213,5597498,28.304109589041097,M,White,2017-06-23,672.0,0.0,0,0.0,0
6184,43,2497431,7911304,misdemeanor,other,2015-09-29,238,6192743,18.84931506849315,M,Black,2017-01-27,-36.0,0.0,0,0.0,2
2105,3425,69058,10299755,misdemeanor,property,2013-08-04,402,7255033,49.24931506849315,F,mixed,2016-04-10,-2666.0,0.0,0,0.0,0
1401,667,48080,3685808,felony,property,2018-05-29,512,6445341,38.95890410958904,M,Black,2016-11-11,419.0,0.0,0,0.0,0
2870,3695,91481,8130726,misdemeanor,property,2015-07-23,117,4650173,21.28219178082192,M,Black,2017-12-13,-940.0,0.0,0,0.0,0
1629,2263,55857,8345434,misdemeanor,violent,2015-05-14,434,6102845,27.07945205479452,F,White,2017-02-17,416.0,0.0,0,0.0,0
300,24,11936,4677730,felony,other,2017-12-07,20,7158353,60.92602739726028,M,Black,2016-05-05,65.0,51.0,0,0.0,2
2141,6239,69058,4605012,misdemeanor,other,2017-12-22,402,7255033,49.24931506849315,F,mixed,2016-04-10,-150.0,0.0,0,0.0,0
5228,5906,1103608,10506675,misdemeanor,drug,2013-05-24,464,4541881,27.410958904109588,F,White,2018-01-09,7.0,0.0,0,0.0,0
1280,1618,44159,4537309,misdemeanor,drug,2018-01-09,531,4537309,38.42465753424658,M,Black,2018-01-09,309.0,0.0,0,0.0,0
6226,3140,2559192,846670,misdemeanor,violent,2019-10-10,694,6055237,65.05205479452054,M,Black,2017-03-02,458.0,0.0,0,0.0,0
3934,1490,358458,6746136,misdemeanor,drug,2016-08-13,160,6746136,28.85753424657534,M,mixed,2016-08-13,152.0,0.0,0,0.0,0
3670,422,320631,6479891,misdemeanor,property,2016-10-31,996,6305418,31.63013698630137,M,Black,2016-12-23,-1510.0,0.0,0,0.0,0
1866,2913,60742,9568210,misdemeanor,property,2014-04-07,737,6015800,28.254794520547943,M,Black,2017-03-13,328.0,0.0,0,0.0,0
1113,4355,33633,5803636,misdemeanor,violent,2017-05-06,169,6995174,18.2986301369863,M,mixed,2016-06-01,339.0,0.0,0,0.0,0
4660,1875,942762,2978046,felony,drug,2018-09-22,867,2978046,38.273972602739725,M,Black,2018-09-22,2079.0,0.0,0,1.0,0
4554,759,912191,8092944,misdemeanor,violent,2015-08-04,454,5560929,34.93698630136986,M,Black,2017-07-03,110.0,0.0,0,0.0,1
3749,539,336042,9291522,misdemeanor,other,2014-07-01,610,5170311,55.30684931506849,M,White,2017-09-15,47.0,0.0,0,0.0,0
1438,4765,49237,7599012,felony,drug,2016-01-04,96,6507127,20.09041095890411,M,Black,2016-10-22,-792.0,0.0,0,0.0,0
1885,5675,62440,9592009,felony,other,2014-03-29,702,3472322,54.43835616438356,M,White,2018-07-09,397.0,0.0,0,0.0,1
4229,5304,706551,4991918,felony,property,2017-10-18,567,4991918,40.465753424657535,M,White,2017-10-18,323.0,0.0,1,1.0,0
1692,2020,56410,3948662,misdemeanor,property,2018-04-12,741,4937826,33.4027397260274,M,Black,2017-10-27,167.0,0.0,0,0.0,0
3985,3973,416390,5871973,felony,violent,2017-04-19,291,6349926,17.438356164383563,M,Black,2016-12-12,128.0,0.0,1,1.0,1
2924,3637,91883,856722,misdemeanor,property,2019-10-08,903,7408614,25.14246575342466,F,Black,2016-02-27,-60.0,0.0,0,0.0,0
55,976,2778,4871957,misdemeanor,violent,2017-11-05,35,4871957,29.649315068493152,M,mixed,2017-11-05,-36.0,0.0,0,0.0,0
1023,5441,29538,1856731,felony,property,2019-04-19,756,4502396,35.553424657534244,M,Black,2018-01-16,2150.0,0.0,0,0.0,1
6440,2556,3249428,11324615,misdemeanor,other,2012-08-04,588,6650503,32.221917808219175,M,Black,2016-09-10,-1246.0,5447.0,0,0.0,0
5317,5191,1123886,4973926,misdemeanor,property,2017-10-22,667,4973926,25.756164383561643,M,Black,2017-10-22,380.0,0.0,0,0.0,0
4856,4889,1003853,4740043,misdemeanor,property,2017-11-28,393,3388991,42.69041095890411,M,White,2018-07-23,-3.0,0.0,0,0.0,1
1978,397,65745,1018287,misdemeanor,drug,2019-09-08,954,2673805,27.67945205479452,M,White,2018-11-19,-64.0,0.0,0,0.0,0
5775,2752,1455195,9204391,misdemeanor,violent,2014-07-30,905,5976675,29.553424657534247,F,White,2017-03-24,430.0,0.0,0,0.0,0
4358,3037,847667,11209793,misdemeanor,violent,2012-09-13,569,5564259,32.27945205479452,F,Black,2017-07-03,-1956.0,0.0,0,0.0,0
2660,1166,82277,7591971,felony,property,2016-01-06,725,7591971,30.315068493150687,M,Black,2016-01-06,-1511.0,0.0,0,0.0,1
6275,5378,2792559,6203119,misdemeanor,other,2017-01-24,614,6313370,50.71780821917808,M,White,2016-12-21,34.0,0.0,0,0.0,0
3411,4318,228688,6486852,misdemeanor,violent,2016-10-29,780,6486852,22.01095890410959,M,Black,2016-10-29,-29.0,0.0,0,0.0,0
477,566,15353,6319876,misdemeanor,violent,2016-12-19,560,3039691,34.391780821917806,F,White,2018-09-11,418.0,0.0,0,0.0,3
5471,1915,1238975,4801691,misdemeanor,violent,2017-11-17,956,4801691,24.16164383561644,F,White,2017-11-17,-21.0,1363.0,0,0.0,0
170,805,8089,6062280,felony,drug,2017-02-28,586,4652942,22.35890410958904,M,Black,2017-12-12,777.0,0.0,0,0.0,0
4371,3217,847994,6576238,felony,drug,2016-10-03,156,7311479,25.2986301369863,M,Black,2016-03-25,839.0,0.0,0,0.0,0
3667,363,320631,6201157,misdemeanor,drug,2017-01-24,996,6305418,31.63013698630137,M,Black,2016-12-23,-122.0,0.0,0,0.0,0
2736,822,83708,4990420,felony,violent,2017-10-18,40,5168489,33.92328767123288,M,Black,2017-09-16,-1051.0,126.0,0,0.0,1
1139,4138,35048,6328962,misdemeanor,violent,2016-12-16,122,3102607,34.986301369863014,M,mixed,2018-08-30,-29.0,152.0,0,0.0,0
1687,1935,56410,1928830,misdemeanor,property,2019-04-08,741,4937826,33.4027397260274,M,Black,2017-10-27,150.0,0.0,0,0.0,0
6456,5928,3357315,5592644,misdemeanor,other,2017-06-26,286,5592644,19.93972602739726,M,White,2017-06-26,-1.0,0.0,0,0.0,0
336,1587,13178,7022914,misdemeanor,property,2016-05-23,363,6641052,20.01095890410959,M,Black,2016-09-13,-113.0,0.0,0,0.0,5
837,4349,26679,7522084,felony,violent,2016-01-29,224,6916481,31.117808219178084,M,Black,2016-06-25,-118.0,0.0,1,0.0,0
5944,5810,1609935,9803656,misdemeanor,other,2014-01-14,406,7395386,41.40547945205479,,,2016-03-02,-1294.0,0.0,0,0.0,0
4066,2262,531993,8746707,misdemeanor,property,2015-01-08,802,5598101,52.59178082191781,M,White,2017-06-23,332.0,6667.0,0,0.0,1
279,1317,10237,6410676,misdemeanor,drug,2016-11-17,516,3013712,26.4986301369863,M,Black,2018-09-16,1640.0,0.0,0,0.0,0
5385,5168,1130673,8073444,felony,other,2015-08-10,599,7005244,25.65205479452055,M,Black,2016-05-28,424.0,0.0,0,0.0,1
339,4711,13178,7394564,misdemeanor,drug,2016-03-02,363,6641052,20.01095890410959,M,Black,2016-09-13,279.0,0.0,0,0.0,5
4822,1203,997983,6849559,misdemeanor,violent,2016-07-13,125,7587118,42.21917808219178,M,White,2016-01-07,-811.0,0.0,0,0.0,0
4921,656,1023093,5087906,misdemeanor,property,2017-09-30,64,3493710,18.852054794520548,M,Black,2018-07-04,-1.0,0.0,0,0.0,0
2855,3190,88044,2901631,misdemeanor,drug,2018-10-08,214,2901631,58.2958904109589,M,Black,2018-10-08,1818.0,0.0,0,0.0,0
2849,4932,85929,800846,misdemeanor,property,2019-10-18,963,5226476,35.0,M,Black,2017-09-08,127.0,0.0,0,0.0,1
1402,671,48080,3663909,misdemeanor,drug,2018-06-03,512,6445341,38.95890410958904,M,Black,2016-11-11,5.0,0.0,0,0.0,0
2602,1226,81249,6079280,felony,property,2017-02-23,529,3377366,50.26849315068493,M,Black,2018-07-24,71.0,0.0,1,0.0,0
5424,1923,1137620,4159969,misdemeanor,property,2018-03-19,845,3130830,33.10958904109589,M,Black,2018-08-24,8.0,0.0,0,0.0,0
5804,1856,1488855,6726312,misdemeanor,drug,2016-08-19,245,4207288,31.80821917808219,F,mixed,2018-03-09,1472.0,0.0,0,0.0,0
698,2520,25238,7199318,misdemeanor,property,2016-04-24,595,6595530,20.353424657534248,M,White,2016-09-26,-556.0,0.0,0,0.0,0
813,6407,26596,8731442,misdemeanor,other,2015-01-14,137,7370720,46.40547945205479,M,mixed,2016-03-09,-304.0,0.0,0,0.0,0
2755,3858,84027,8205226,felony,drug,2015-07-01,607,2680535,39.26849315068493,M,Black,2018-11-18,314.0,0.0,1,0.0,1
2748,2966,84027,9705972,misdemeanor,drug,2014-02-19,607,2680535,39.26849315068493,M,Black,2018-11-18,-539.0,153.0,0,0.0,1
5574,2728,1301492,10987762,felony,violent,2012-11-30,910,4810567,26.76438356164384,M,Black,2017-11-16,17.0,0.0,1,0.0,1
1057,458,32779,8982977,misdemeanor,violent,2014-10-10,261,6049457,27.38082191780822,M,Black,2017-03-03,155.0,0.0,0,0.0,1
3388,6484,220893,4085399,misdemeanor,property,2018-03-30,523,7488749,18.24109589041096,F,Black,2016-02-08,431.0,0.0,0,0.0,0
5638,2676,1308319,5819314,misdemeanor,other,2017-05-02,46,5819314,19.27671232876712,M,Black,2017-05-02,410.0,0.0,0,0.0,0
4390,3276,848761,7291921,misdemeanor,drug,2016-03-31,613,7291921,30.10410958904109,M,White,2016-03-31,57.0,0.0,0,0.0,0
1694,2036,56410,3729638,misdemeanor,property,2018-05-21,741,4937826,33.4027397260274,M,Black,2017-10-27,-42.0,0.0,0,0.0,0
1771,4385,57529,7962995,misdemeanor,other,2015-09-11,153,7224958,25.56438356164384,M,Black,2016-04-17,-1885.0,0.0,0,0.0,0
3137,63,101770,5351996,misdemeanor,other,2017-08-15,354,5351996,26.92602739726028,F,,2017-08-15,-396.0,1156.0,0,0.0,0
995,4459,28865,5883782,misdemeanor,other,2017-04-17,86,5883782,20.852054794520548,M,Black,2017-04-17,-438.0,0.0,0,0.0,1
2121,4014,69058,6888647,misdemeanor,other,2016-07-05,402,7255033,49.24931506849315,F,mixed,2016-04-10,297.0,0.0,0,0.0,0
5813,1889,1499680,7464288,misdemeanor,property,2016-02-15,340,7464288,24.88767123287672,F,Black,2016-02-15,-535.0,0.0,0,0.0,0
3195,4238,115414,7012605,misdemeanor,property,2016-05-26,557,2907915,26.78356164383561,M,,2018-10-05,876.0,0.0,0,0.0,0
2690,4699,82604,9447096,misdemeanor,drug,2014-05-19,129,2576292,34.865753424657534,M,Black,2018-12-07,34.0,0.0,0,0.0,2
220,87,9044,5001766,felony,drug,2017-10-16,715,3076203,21.186301369863013,M,Black,2018-09-04,-43.0,0.0,1,0.0,0
5307,1977,1119846,6726407,felony,other,2016-08-19,914,7485908,19.312328767123287,M,Black,2016-02-08,-19.0,0.0,1,0.0,3
2067,3427,67939,9913398,misdemeanor,property,2013-12-11,707,5475688,60.42191780821918,M,Black,2017-07-21,641.0,0.0,0,0.0,0
4043,1771,482239,7214874,felony,violent,2016-04-19,198,7220104,46.33698630136986,M,White,2016-04-18,362.0,0.0,1,0.0,3
6436,2611,3231517,8613677,misdemeanor,violent,2015-02-18,898,3512764,28.975342465753425,M,Black,2018-06-30,117.0,0.0,0,0.0,0
2603,1547,81249,9703885,felony,drug,2014-02-19,529,3377366,50.26849315068493,M,Black,2018-07-24,-1100.0,0.0,0,0.0,0
2521,187,79024,9163565,misdemeanor,other,2014-08-12,52,6759183,37.75616438356165,M,Black,2016-08-10,-41.0,0.0,0,0.0,0
3319,3626,196266,5686022,misdemeanor,violent,2017-06-03,440,5370074,29.63013698630137,M,Black,2017-08-11,636.0,0.0,0,0.0,0
2409,5558,76733,6457012,misdemeanor,other,2016-11-08,48,4573842,27.47945205479452,F,White,2017-12-30,-426.0,0.0,0,0.0,0
785,4236,26596,6622836,misdemeanor,property,2016-09-19,137,7370720,46.40547945205479,M,mixed,2016-03-09,87.0,0.0,0,0.0,0
2593,4821,81169,96926,misdemeanor,drug,2020-03-12,268,6058682,18.97808219178082,M,Black,2017-03-01,1107.0,0.0,0,0.0,0
1033,4659,29542,3764252,misdemeanor,property,2018-05-14,881,4668826,28.698630136986303,F,White,2017-12-09,130.0,0.0,0,0.0,0
1181,2111,38535,3681953,felony,property,2018-05-30,194,5666738,19.22739726027397,M,White,2017-06-08,356.0,0.0,1,0.0,1
4696,904,960846,9835807,misdemeanor,violent,2014-01-02,764,5919982,26.92328767123288,F,Black,2017-04-06,-1230.0,92.0,0,0.0,0
3355,6008,209421,6781573,misdemeanor,other,2016-08-04,700,6781573,55.67945205479453,M,Black,2016-08-04,-1374.0,1611.0,0,0.0,0
2981,3485,92636,4665139,misdemeanor,property,2017-12-11,896,5155920,56.05479452054794,M,Black,2017-09-19,616.0,0.0,0,0.0,0
3138,1474,101770,9539634,misdemeanor,drug,2014-04-16,354,5351996,26.92602739726028,F,,2017-08-15,-1217.0,0.0,0,0.0,0
2153,2205,69474,6453619,misdemeanor,drug,2016-11-09,106,6460426,30.30958904109589,F,White,2016-11-07,-1405.0,0.0,0,0.0,0
205,4831,8819,4910223,felony,other,2017-10-30,877,5059344,42.56438356164384,M,Black,2017-10-05,25.0,0.0,1,0.0,1
3457,6184,238381,3879437,misdemeanor,property,2018-04-24,121,5854343,19.65753424657534,F,Black,2017-04-22,367.0,0.0,0,0.0,0
4216,3912,670782,4573028,felony,violent,2017-12-31,105,7255049,25.084931506849315,M,Black,2016-04-10,630.0,0.0,0,0.0,1
2396,2742,76733,4209898,misdemeanor,other,2018-03-09,48,4573842,27.47945205479452,F,White,2017-12-30,136.0,185.0,0,0.0,0
2377,2745,75570,2326319,misdemeanor,drug,2019-01-28,677,4741552,26.2027397260274,M,White,2017-11-28,528.0,120.0,0,0.0,0
3096,3523,98350,4264651,misdemeanor,property,2018-02-28,183,4251991,53.772602739726025,M,Black,2018-03-02,-2.0,0.0,0,0.0,1
3831,4632,339988,8463811,misdemeanor,other,2015-04-07,139,5998375,56.57534246575342,M,,2017-03-17,696.0,0.0,0,0.0,0
682,3196,25060,4137593,misdemeanor,property,2018-03-23,718,4796664,25.947945205479453,F,Black,2017-11-19,1642.0,0.0,0,0.0,0
506,1350,15930,10219403,felony,drug,2013-08-29,335,4079940,26.504109589041096,M,Black,2018-03-31,-1300.0,0.0,0,0.0,0
5575,2730,1301492,11039914,misdemeanor,property,2012-11-13,910,4810567,26.76438356164384,M,Black,2017-11-16,-17.0,0.0,0,0.0,1
4280,3724,724047,7216276,misdemeanor,property,2016-04-19,475,7216276,61.32054794520548,F,Black,2016-04-19,-308.0,2921.0,0,0.0,0
2862,5816,89034,9555091,misdemeanor,other,2014-04-11,590,5573668,32.09041095890411,M,White,2017-06-30,-1176.0,0.0,0,0.0,0
3362,3874,212874,6920047,misdemeanor,drug,2016-06-24,250,7184393,41.35068493150685,M,mixed,2016-04-29,122.0,0.0,0,0.0,1
6172,3268,2452788,7603699,felony,violent,2016-01-03,818,7603699,26.33150684931507,M,Black,2016-01-03,-1089.0,0.0,0,0.0,0
5242,3155,1111687,10849387,misdemeanor,violent,2013-01-24,950,5936371,33.51780821917808,M,White,2017-04-03,-37.0,0.0,0,0.0,0
1528,4705,51435,8547755,misdemeanor,other,2015-03-12,726,4761709,33.465753424657535,M,Black,2017-11-24,-138.0,0.0,0,0.0,0
6364,4091,3097517,4436198,misdemeanor,property,2018-01-27,215,3864977,37.23561643835617,M,,2018-04-26,136.0,0.0,0,0.0,1
1530,4963,51435,6729080,misdemeanor,property,2016-08-18,726,4761709,33.465753424657535,M,Black,2017-11-24,-337.0,0.0,0,0.0,0
1454,4421,49727,6108574,misdemeanor,drug,2020-09-23,370,4697408,19.90684931506849,M,Black,2017-12-04,1495.0,0.0,0,0.0,0
1769,1209,57529,7278382,felony,violent,2016-04-03,153,7224958,25.56438356164384,M,Black,2016-04-17,-1.0,0.0,1,0.0,0
4707,906,961194,8990738,misdemeanor,property,2014-10-08,945,3394043,55.55068493150685,M,Black,2018-07-20,-348.0,0.0,0,0.0,0
6286,5371,2835694,7028913,felony,other,2016-05-21,369,7028913,43.30684931506849,M,White,2016-05-21,-625.0,42135.0,0,1.0,0
3043,3771,92826,3899449,misdemeanor,other,2018-04-20,746,6037598,40.84657534246576,M,Black,2017-03-07,-114.0,0.0,0,0.0,0
2485,237,78786,11905717,misdemeanor,drug,2012-01-13,479,6645202,24.15068493150685,M,White,2016-09-12,-1704.0,0.0,0,0.0,2
4460,4957,908756,230257,misdemeanor,violent,2020-02-15,350,7027943,35.915068493150685,M,Black,2016-05-21,-7.0,0.0,0,0.0,0
5635,2649,1308319,7334145,misdemeanor,drug,2016-03-18,46,5819314,19.27671232876712,M,Black,2017-05-02,-418.0,600.0,0,0.0,0
2815,1255,85446,6211933,felony,drug,2017-01-22,778,6604737,18.117808219178084,M,Black,2016-09-22,-122.0,0.0,1,0.0,2
4187,3665,575555,10298295,misdemeanor,drug,2013-08-05,233,6920297,65.97260273972603,M,Black,2016-06-24,-2185.0,4330.0,0,0.0,0
5263,3118,1113857,6651280,misdemeanor,violent,2016-09-10,248,7004850,36.29041095890411,M,White,2016-05-29,49.0,0.0,0,0.0,0
8,799,1901,7528243,felony,violent,2016-01-27,781,5159413,53.865753424657534,M,mixed,2017-09-18,372.0,113.0,0,0.0,0
3139,3415,101770,10915587,misdemeanor,property,2012-12-28,354,5351996,26.92602739726028,F,,2017-08-15,-474.0,0.0,0,0.0,0
181,4810,8089,4321189,misdemeanor,drug,2018-02-16,586,4652942,22.35890410958904,M,Black,2017-12-12,655.0,0.0,0,0.0,0
1837,1116,60273,9730704,felony,violent,2014-02-07,360,7509640,21.56438356164384,F,Black,2016-02-02,-41.0,0.0,1,0.0,0
5093,253,1065197,12006673,misdemeanor,violent,2018-12-19,190,5821772,18.03835616438356,M,White,2017-05-01,0.0,0.0,0,0.0,0
1553,2622,51576,9105106,felony,violent,2014-09-02,159,3138306,52.04657534246575,M,Black,2018-08-23,575.0,0.0,0,0.0,1
425,5648,14780,5091576,misdemeanor,drug,2020-09-04,175,11966928,22.197260273972603,M,White,2016-04-12,-31.0,0.0,0,0.0,1
2984,3500,92636,4588296,misdemeanor,property,2017-12-27,896,5155920,56.05479452054794,M,Black,2017-09-19,99.0,0.0,0,0.0,0
525,1676,17881,9333141,misdemeanor,other,2014-06-18,753,4771776,31.526027397260275,M,Black,2017-11-21,-48.0,0.0,0,0.0,2
739,6442,26150,4825391,felony,drug,2017-11-14,855,4825391,19.383561643835616,M,Black,2017-11-14,587.0,222.0,0,1.0,0
5889,1410,1569464,7151446,felony,drug,2016-05-08,527,7151446,47.4986301369863,F,Black,2016-05-08,114.0,2313.0,0,1.0,0
6040,2132,1790946,9580721,felony,drug,2014-04-02,961,7197240,51.27945205479452,M,White,2016-04-25,23.0,0.0,1,0.0,0
4864,4893,1006380,4646805,misdemeanor,drug,2017-12-13,977,4646805,58.9041095890411,M,mixed,2017-12-13,137.0,332.0,0,0.0,0
6488,6376,3462861,10660303,misdemeanor,other,2013-03-31,92,6676950,71.27123287671233,M,Black,2016-09-02,-248.0,0.0,0,0.0,0
4424,3235,883902,5460025,misdemeanor,property,2017-07-25,439,7153262,20.334246575342465,M,Black,2016-05-07,412.0,0.0,0,0.0,0
5057,150,1063563,6700260,misdemeanor,property,2016-08-28,385,4827776,30.816438356164383,M,White,2017-11-13,-43.0,0.0,0,0.0,0
5987,2320,1675740,3591708,misdemeanor,other,2018-06-15,609,6147642,34.961643835616435,M,White,2017-02-07,531.0,0.0,0,0.0,0
5616,2667,1307676,8761513,misdemeanor,drug,2015-01-01,383,6704112,35.09315068493151,M,White,2016-08-26,-603.0,0.0,0,0.0,0
1037,4148,30578,7569784,misdemeanor,violent,2016-01-13,548,7283727,30.66849315068493,F,,2016-04-01,-79.0,0.0,0,0.0,1
177,1413,8089,7263271,felony,drug,2016-04-07,586,4652942,22.35890410958904,M,Black,2017-12-12,-250.0,0.0,1,0.0,0
4291,4020,725268,7276324,misdemeanor,property,2016-04-04,492,6889724,30.73972602739726,M,mixed,2016-07-05,-10.0,0.0,0,0.0,0
2801,1688,85246,7353880,felony,violent,2016-03-14,51,6243514,19.75068493150685,M,Black,2017-01-12,-169.0,0.0,1,0.0,4
4487,1100,909864,10378216,misdemeanor,drug,2013-07-07,80,6892870,22.273972602739725,M,Black,2016-07-02,-1690.0,0.0,0,0.0,0
2088,345,68785,6074501,felony,violent,2017-02-24,154,6074502,39.4027397260274,,Black,2017-02-24,-299.0,572.0,0,0.0,2
5066,251,1063563,11996409,misdemeanor,property,2017-11-13,385,4827776,30.816438356164383,M,White,2017-11-13,1381.0,0.0,0,0.0,0
4769,1630,988101,7341591,misdemeanor,violent,2020-10-22,57,6185866,33.271232876712325,M,Black,2017-01-28,1.0,0.0,0,0.0,0
6150,2783,2293944,6562448,misdemeanor,property,2016-10-06,555,5847419,38.96712328767124,M,Other,2017-04-25,68.0,0.0,0,0.0,0
3187,6001,114124,7783692,misdemeanor,other,2015-11-06,21,6060715,55.07671232876712,M,Black,2017-03-01,37.0,0.0,0,0.0,0
2860,3123,89034,5567287,misdemeanor,violent,2017-07-01,590,5573668,32.09041095890411,M,White,2017-06-30,-975.0,617.0,0,0.0,0
4218,3935,670782,2872315,felony,violent,2018-10-12,105,7255049,25.084931506849315,M,Black,2016-04-10,356.0,0.0,1,1.0,1
4213,3698,670782,8166534,felony,violent,2015-07-13,105,7255049,25.084931506849315,M,Black,2016-04-10,-151.0,311.0,0,0.0,1
6237,3175,2570957,5128622,misdemeanor,property,2017-09-24,346,5035688,27.24931506849315,M,White,2017-10-11,604.0,0.0,0,0.0,0
1605,438,55112,7200043,felony,drug,2016-04-23,225,7200043,46.46849315068493,M,White,2016-04-23,313.0,0.0,1,0.0,0
1010,2563,29538,10508140,misdemeanor,other,2013-05-23,756,4502396,35.553424657534244,M,Black,2018-01-16,24.0,0.0,0,0.0,1
2991,3542,92636,4324643,misdemeanor,property,2018-02-16,896,5155920,56.05479452054794,M,Black,2017-09-19,-234.0,0.0,0,0.0,0
6027,5284,1773950,9419458,misdemeanor,other,2014-05-28,114,7550575,37.12054794520548,M,Black,2016-01-17,352.0,0.0,0,0.0,0
2828,1998,85806,4884278,misdemeanor,other,2017-11-02,14,6816869,30.0986301369863,M,White,2016-07-23,664.0,0.0,0,0.0,0
905,4150,27558,5253208,misdemeanor,violent,2017-09-03,54,4448872,37.512328767123286,M,Black,2018-01-25,723.0,0.0,0,0.0,1
2257,4128,72764,7335182,misdemeanor,property,2016-03-18,885,6163577,22.72054794520548,F,Black,2017-02-03,-313.0,0.0,0,0.0,3
2988,3514,92636,5212292,misdemeanor,property,2017-09-11,896,5155920,56.05479452054794,M,Black,2017-09-19,-30.0,0.0,0,0.0,0
1213,2126,40790,10655181,misdemeanor,violent,2013-04-02,282,2793396,43.8054794520548,M,White,2018-10-27,-138.0,0.0,0,0.0,0
2495,2176,78880,6094230,misdemeanor,drug,2017-02-20,315,6671790,52.02465753424657,M,Black,2016-09-04,-2.0,0.0,0,0.0,2
478,623,15353,9786572,felony,property,2014-01-18,560,3039691,34.391780821917806,F,White,2018-09-11,-1066.0,0.0,0,0.0,3
2805,1921,85246,6243514,misdemeanor,property,2017-01-12,51,6243514,19.75068493150685,M,Black,2017-01-12,-658.0,0.0,0,0.0,4
215,1387,9003,6872176,felony,violent,2016-07-06,906,6872176,33.45753424657534,F,Black,2016-07-06,1442.0,0.0,0,0.0,0
1410,673,48211,3250281,misdemeanor,violent,2018-07-30,843,3250281,34.2,M,White,2018-07-30,1305.0,0.0,0,0.0,0
320,1274,12751,2739093,felony,property,2018-11-05,73,4435364,26.40821917808219,M,Black,2018-01-27,282.0,0.0,1,0.0,2
6175,3236,2455042,5469978,misdemeanor,property,2017-07-24,932,5469978,51.64657534246575,M,Black,2017-07-24,483.0,2254.0,0,0.0,0
2075,3610,67939,7453915,misdemeanor,property,2016-02-18,707,5475688,60.42191780821918,M,Black,2017-07-21,-161.0,0.0,0,0.0,0
3341,6092,206826,10194004,misdemeanor,other,2013-09-08,782,6892253,37.24109589041096,M,Black,2016-07-03,-1016.0,0.0,0,0.0,0
1230,3060,41991,9936490,misdemeanor,violent,2013-12-05,563,6778366,24.93972602739726,M,White,2016-08-05,-1167.0,0.0,0,0.0,4
4215,3896,670782,7255049,misdemeanor,property,2016-04-10,105,7255049,25.084931506849315,M,Black,2016-04-10,123.0,0.0,0,0.0,1
3665,312,320631,5865392,misdemeanor,property,2017-04-20,996,6305418,31.63013698630137,M,Black,2016-12-23,197.0,0.0,0,0.0,0
4778,2121,988645,6990731,misdemeanor,property,2016-06-02,679,6990731,18.816438356164383,M,Black,2016-06-02,217.0,0.0,0,0.0,0
507,1414,15930,6269404,misdemeanor,drug,2017-01-06,335,4079940,26.504109589041096,M,Black,2018-03-31,1226.0,0.0,0,0.0,0
5067,255,1063563,12006592,misdemeanor,drug,2018-02-14,385,4827776,30.816438356164383,M,White,2017-11-13,93.0,0.0,0,0.0,0
6300,5582,2871747,5227374,misdemeanor,other,2017-09-08,658,6601849,53.79726027397261,M,Black,2016-09-23,350.0,0.0,0,0.0,0
3496,1722,247459,4298564,felony,violent,2018-02-21,432,4852731,22.10684931506849,M,Black,2017-11-08,72.0,0.0,1,1.0,3
6458,5938,3357477,3487325,misdemeanor,other,2018-07-06,918,5289777,39.53150684931507,M,White,2017-08-28,312.0,0.0,0,0.0,0
2219,308,72764,6078691,felony,property,2017-02-23,885,6163577,22.72054794520548,F,Black,2017-02-03,-11.0,0.0,1,0.0,3
30,920,2326,8699807,misdemeanor,drug,2015-01-22,807,7591648,31.378082191780823,M,Black,2016-01-06,-1698.0,0.0,0,0.0,1
1985,382,65834,3091885,felony,property,2018-08-31,485,5660831,20.065753424657533,M,Black,2017-06-10,25.0,89.0,0,0.0,1
3165,3672,106675,10248015,misdemeanor,drug,2013-08-20,292,6671035,23.64109589041096,M,Black,2016-09-05,-311.0,0.0,0,0.0,0
2975,3472,92636,6983390,misdemeanor,property,2016-06-05,896,5155920,56.05479452054794,M,Black,2017-09-19,93.0,0.0,0,0.0,0
2322,2723,74726,8403690,misdemeanor,drug,2015-04-24,887,3646741,26.556164383561644,M,Black,2018-06-06,1163.0,0.0,0,0.0,0
5068,256,1063563,12006598,misdemeanor,property,2018-02-14,385,4827776,30.816438356164383,M,White,2017-11-13,0.0,0.0,0,0.0,0
5807,5014,1488855,4207288,misdemeanor,other,2018-03-09,245,4207288,31.80821917808219,F,mixed,2018-03-09,254.0,0.0,0,0.0,0
4419,4447,883298,5502020,misdemeanor,other,2017-07-16,4,5502020,18.54794520547945,M,White,2017-07-16,-178.0,10145.0,0,0.0,0
4747,4961,971940,10130218,misdemeanor,drug,2013-09-29,794,4838938,28.084931506849315,M,Black,2017-11-12,-1247.0,0.0,0,0.0,0
316,857,12751,2299798,felony,property,2019-02-01,73,4435364,26.40821917808219,M,Black,2018-01-27,-192.0,0.0,1,0.0,2
4188,3707,575555,6920297,misdemeanor,violent,2016-06-24,233,6920297,65.97260273972603,M,Black,2016-06-24,1054.0,0.0,0,0.0,0
5802,1849,1488855,11367411,misdemeanor,drug,2012-07-19,245,4207288,31.80821917808219,F,mixed,2018-03-09,-221.0,0.0,0,0.0,0
4779,2137,988645,6865604,misdemeanor,property,2016-07-08,679,6990731,18.816438356164383,M,Black,2016-06-02,36.0,0.0,0,0.0,0
1500,2040,50867,4174586,felony,drug,2018-03-15,944,5473408,20.72876712328767,M,Black,2017-07-21,457.0,0.0,0,0.0,1
5114,223,1065548,3520330,misdemeanor,property,2018-06-28,856,6659898,18.39452054794521,M,White,2016-09-07,-2.0,0.0,0,0.0,2
5011,2971,1059734,6293351,misdemeanor,property,2016-12-30,308,6984750,27.78904109589041,F,Black,2016-06-04,186.0,0.0,0,0.0,0
555,104,20010,11937093,misdemeanor,violent,2015-11-05,600,2594291,41.0958904109589,M,White,2018-12-04,-347.0,0.0,0,0.0,0
3202,6459,115414,3396995,misdemeanor,other,2018-07-20,557,2907915,26.78356164383561,M,,2018-10-05,785.0,0.0,0,0.0,0
3044,3828,92826,9655744,misdemeanor,other,2014-03-08,746,6037598,40.84657534246576,M,Black,2017-03-07,-1504.0,0.0,0,0.0,0
3413,6495,228688,2445999,misdemeanor,drug,2019-01-04,780,6486852,22.01095890410959,M,Black,2016-10-29,609.0,0.0,0,0.0,0
2457,4452,77897,10263338,misdemeanor,other,2013-08-14,273,6920623,30.2986301369863,M,White,2016-06-24,-1045.0,0.0,0,0.0,0
1224,2285,41991,6683639,misdemeanor,other,2016-08-31,563,6778366,24.93972602739726,M,White,2016-08-05,68.0,0.0,0,0.0,4
6228,3147,2559192,8679678,misdemeanor,violent,2020-11-22,694,6055237,65.05205479452054,M,Black,2017-03-02,397.0,0.0,0,0.0,0
6031,5704,1779141,7590672,misdemeanor,other,2016-01-07,998,7500144,61.42191780821918,M,White,2016-02-05,27.0,0.0,0,0.0,0
4562,1141,912961,9621018,felony,violent,2014-03-19,704,6525048,33.78356164383562,M,Black,2016-10-18,-268.0,770.0,0,0.0,0
6451,2674,3353632,7525705,misdemeanor,property,2016-01-28,738,7525705,24.649315068493152,M,Black,2016-01-28,111.0,0.0,0,0.0,0
497,703,15930,11388075,misdemeanor,violent,2012-07-12,335,4079940,26.504109589041096,M,Black,2018-03-31,-2500.0,577.0,0,0.0,0
5993,5345,1675740,4341601,misdemeanor,other,2018-02-13,609,6147642,34.961643835616435,M,White,2017-02-07,239.0,0.0,0,0.0,0
676,2459,25060,4335959,misdemeanor,violent,2018-02-14,718,4796664,25.947945205479453,F,Black,2017-11-19,253.0,144.0,0,0.0,0
113,2022,4931,2500555,misdemeanor,property,2018-12-21,24,2500555,18.38082191780822,M,Black,2018-12-21,39.0,0.0,0,0.0,0
1052,4142,32341,6850726,felony,violent,2016-07-13,722,6850726,18.654794520547945,M,Black,2016-07-13,127.0,86.0,0,0.0,2
4955,5064,1050738,830519,misdemeanor,property,2019-10-12,494,3479577,22.24931506849315,M,Black,2018-07-06,463.0,0.0,0,0.0,0
3410,3886,228688,6386145,misdemeanor,other,2016-11-27,780,6486852,22.01095890410959,M,Black,2016-10-29,26.0,0.0,0,0.0,0
2022,412,66829,8072611,felony,violent,2015-08-10,793,6871709,48.30684931506849,M,White,2016-07-06,-1677.0,621.0,0,0.0,2
3550,3785,260781,1247761,misdemeanor,other,2019-07-24,589,3059137,19.3972602739726,M,Black,2018-09-07,476.0,0.0,0,0.0,0
5437,1996,1138633,7495184,felony,property,2016-02-07,178,7495184,21.747945205479454,F,Black,2016-02-07,331.0,1013.0,0,1.0,0
1940,2934,64186,5504869,misdemeanor,drug,2017-07-15,917,6203506,35.85753424657534,M,Black,2017-01-24,-605.0,0.0,0,0.0,0
4827,1249,1000104,5687554,misdemeanor,property,2017-06-02,701,5327849,24.931506849315067,M,Black,2017-08-20,506.0,0.0,0,0.0,0
5286,3000,1116388,10588908,misdemeanor,property,2013-04-25,309,6585372,26.942465753424656,M,Black,2016-09-29,-808.0,0.0,0,0.0,1
4052,4597,502498,6774612,misdemeanor,other,2016-08-05,26,6774612,24.64383561643836,F,White,2016-08-05,94.0,19218.0,0,0.0,0
2392,5534,76548,1785048,misdemeanor,other,2019-05-03,209,5008666,27.293150684931508,M,Black,2017-10-16,104.0,0.0,0,0.0,0
733,5459,25670,2215139,misdemeanor,property,2019-02-18,690,3949162,35.26301369863014,F,Black,2018-04-12,879.0,0.0,0,0.0,0
6109,633,2129116,6725485,misdemeanor,violent,2016-08-19,542,6725485,24.04931506849315,F,Black,2016-08-19,-1568.0,9601.0,0,0.0,0
996,5415,28865,6460937,misdemeanor,drug,2016-11-07,86,5883782,20.852054794520548,M,Black,2017-04-17,-161.0,0.0,0,0.0,1
1581,559,53703,6500631,misdemeanor,violent,2016-10-24,581,6648850,21.15068493150685,M,Black,2016-09-11,-200.0,0.0,0,0.0,1
783,4223,26596,8728259,misdemeanor,property,2015-01-15,137,7370720,46.40547945205479,M,mixed,2016-03-09,0.0,0.0,0,0.0,0
2303,5646,74595,2269633,misdemeanor,drug,2019-02-07,148,2568623,38.24109589041096,M,Black,2018-12-10,-651.0,0.0,0,0.0,0
4749,4922,974497,4078592,felony,violent,2018-04-01,472,4078592,26.5013698630137,M,Black,2018-04-01,140.0,2557.0,0,1.0,0
2678,833,82604,2463114,felony,drug,2018-12-31,129,2576292,34.865753424657534,M,Black,2018-12-07,1432.0,0.0,0,1.0,2
1273,6355,43838,1120189,misdemeanor,other,2019-08-18,34,4301105,25.852054794520548,M,Black,2018-02-21,647.0,0.0,0,0.0,1
4423,3218,883902,6973168,misdemeanor,drug,2016-06-08,439,7153262,20.334246575342465,M,Black,2016-05-07,629.0,0.0,0,0.0,0
3698,655,323098,5801993,misdemeanor,property,2017-05-07,127,5801992,31.42465753424657,M,Black,2017-05-07,74.0,0.0,0,0.0,0
5321,1704,1124386,5771902,misdemeanor,drug,2017-05-15,399,6928740,19.56164383561644,M,Black,2016-06-21,428.0,0.0,0,0.0,1
4222,6112,700259,7580770,misdemeanor,other,2016-01-10,97,7347268,42.72328767123288,M,Black,2016-03-16,-66.0,0.0,0,0.0,0
855,4267,27249,3014199,misdemeanor,property,2018-09-16,960,6478529,22.87945205479452,M,Black,2016-11-01,89.0,0.0,0,0.0,3
3715,333,324828,10986151,felony,violent,2012-11-30,789,3377463,34.227397260273975,M,Black,2018-07-24,-2081.0,1730.0,0,0.0,0
2440,5586,77276,3904219,misdemeanor,drug,2018-04-19,94,6096501,42.9041095890411,M,Black,2017-02-19,1342.0,0.0,0,0.0,0
1748,1184,57265,6540297,misdemeanor,property,2016-10-13,116,5435848,31.40821917808219,M,Black,2017-07-29,115.0,0.0,0,0.0,0
752,4312,26152,8331634,misdemeanor,drug,2015-05-20,671,4957370,27.528767123287672,M,Black,2017-10-24,-172.0,0.0,0,0.0,1
5830,1888,1509614,7297246,misdemeanor,violent,2016-03-29,424,7369356,52.19178082191781,M,White,2016-03-09,35.0,0.0,0,0.0,0
2738,1295,83708,440662,felony,violent,2020-01-03,40,5168489,33.92328767123288,M,Black,2017-09-16,-24.0,0.0,1,0.0,1
3873,329,344444,4906452,misdemeanor,property,2020-08-28,270,4865164,27.265753424657536,M,Black,2017-11-06,547.0,0.0,0,0.0,1
1279,957,44159,6039470,misdemeanor,violent,2017-03-06,531,4537309,38.42465753424658,M,Black,2018-01-09,-402.0,0.0,0,0.0,0
5270,5842,1114013,4457859,felony,other,2018-01-24,407,4457859,48.7945205479452,F,Black,2018-01-24,425.0,0.0,0,1.0,1
722,3717,25523,7012823,misdemeanor,drug,2016-05-26,314,5666449,29.742465753424657,M,Black,2017-06-08,-131.0,0.0,0,0.0,0
2560,3200,79687,1822876,misdemeanor,property,2019-04-26,769,7247779,30.32328767123288,M,Other,2016-04-12,1109.0,0.0,0,0.0,2
530,5031,17881,9291793,misdemeanor,drug,2014-07-01,753,4771776,31.526027397260275,M,Black,2017-11-21,-1303.0,0.0,0,0.0,2
6365,4092,3097517,3811420,misdemeanor,property,2018-05-07,215,3864977,37.23561643835617,M,,2018-04-26,100.0,0.0,0,0.0,1
3483,3636,243705,2030506,misdemeanor,property,2019-03-20,481,6532455,18.654794520547945,M,Black,2016-10-17,170.0,0.0,0,0.0,1
1546,1076,51530,11592025,misdemeanor,violent,2012-05-05,770,2916797,32.6958904109589,F,Black,2018-10-03,-2670.0,0.0,0,0.0,0
3567,3941,265085,585642,misdemeanor,drug,2019-12-03,541,3232676,43.10410958904109,M,Black,2018-08-03,982.0,0.0,0,0.0,0
1202,546,40226,8118038,misdemeanor,violent,2015-07-27,206,3212729,31.235616438356164,M,Black,2018-08-07,1154.0,0.0,0,0.0,0
5578,2833,1301492,11047934,felony,violent,2012-11-09,910,4810567,26.76438356164384,M,Black,2017-11-16,-18.0,0.0,1,0.0,1
4818,1198,995560,7431888,misdemeanor,violent,2016-02-21,144,7431888,23.34794520547945,F,Black,2016-02-21,-976.0,285.0,0,0.0,0
4942,4666,1039827,5324540,misdemeanor,other,2020-09-10,361,3839724,22.438356164383563,M,Black,2018-05-01,237.0,0.0,0,0.0,0
3205,2963,115968,6824382,misdemeanor,violent,2016-07-21,768,7003779,30.983561643835618,M,Black,2016-05-30,-1030.0,554.0,0,0.0,0
2722,4403,83299,2016773,misdemeanor,other,2019-03-22,452,6983854,18.164383561643834,,Black,2016-06-04,-454.0,0.0,0,0.0,0
2455,2733,77897,9370779,misdemeanor,other,2014-06-05,273,6920623,30.2986301369863,M,White,2016-06-24,-1829.0,289.0,0,0.0,0
4859,3171,1004917,7465428,misdemeanor,property,2016-02-14,22,7465428,30.432876712328767,F,Black,2016-02-14,-322.0,472.0,0,0.0,0
1511,2986,51323,7145859,misdemeanor,property,2016-05-10,811,4837325,32.26027397260274,M,White,2017-11-13,-4.0,0.0,0,0.0,0
4509,4846,910635,10585921,misdemeanor,other,2013-04-25,841,4973877,61.01643835616439,M,Black,2017-10-22,255.0,0.0,0,0.0,0
2744,1037,83874,4159297,misdemeanor,violent,2018-03-19,757,4159297,24.51506849315069,F,Black,2018-03-19,672.0,0.0,0,0.0,1
4347,5761,844881,4630648,misdemeanor,other,2017-12-18,938,2939914,22.983561643835618,M,White,2018-09-30,369.0,0.0,0,0.0,0
838,6425,26679,6916481,misdemeanor,other,2016-06-25,224,6916481,31.117808219178084,M,Black,2016-06-25,148.0,0.0,0,0.0,0
1569,710,51883,11131684,felony,violent,2012-10-09,752,5828497,25.980821917808218,M,mixed,2017-04-30,12.0,0.0,1,0.0,0
4832,4719,1000343,4287338,felony,drug,2018-02-23,283,3895575,22.04931506849315,F,Black,2018-04-20,-56.0,0.0,1,0.0,2
4079,2659,531993,145884,misdemeanor,property,2020-03-03,802,5598101,52.59178082191781,M,White,2017-06-23,-87.0,0.0,0,0.0,1
369,5094,13605,6372809,misdemeanor,other,2016-11-30,115,7137668,44.14520547945205,F,Asian,2016-05-11,0.0,0.0,0,0.0,0
62,1708,2870,5542493,misdemeanor,drug,2017-07-06,290,3819130,38.43835616438356,M,White,2018-05-04,-87.0,0.0,0,0.0,0
1952,1083,65316,10585557,felony,drug,2013-04-25,429,6863214,36.42739726027397,M,Black,2016-07-08,262.0,0.0,1,0.0,1
2295,5597,74595,3204247,misdemeanor,drug,2018-08-08,148,2568623,38.24109589041096,M,Black,2018-12-10,-124.0,0.0,0,0.0,0
2875,3497,91611,4574504,misdemeanor,other,2017-12-30,102,5490784,30.58082191780822,M,Black,2017-07-18,159.0,0.0,0,0.0,0
1199,448,40226,11518120,misdemeanor,other,2012-05-29,206,3212729,31.235616438356164,M,Black,2018-08-07,-2116.0,1545.0,0,0.0,0
4799,1192,991124,6632185,felony,other,2016-09-15,61,6794396,53.536986301369865,M,Black,2016-07-30,47.0,0.0,1,0.0,1
2809,1269,85370,3376936,felony,violent,2018-07-24,10,3376936,32.28219178082192,M,,2018-07-24,-223.0,0.0,1,0.0,1
3817,635,339988,6506062,misdemeanor,property,2016-10-23,139,5998375,56.57534246575342,M,,2017-03-17,1312.0,0.0,0,0.0,0
5132,3330,1072559,8427705,misdemeanor,property,2015-04-19,467,6845142,55.02739726027397,M,White,2016-07-15,139.0,0.0,0,0.0,0
5027,3009,1060589,6490331,felony,property,2016-10-28,199,4941565,28.134246575342463,M,Black,2017-10-27,-364.0,0.0,1,0.0,2
136,1518,5400,4031696,misdemeanor,property,2020-07-22,642,4292218,27.21917808219178,M,Black,2018-02-22,2419.0,0.0,0,0.0,0
3535,4098,258315,11449493,misdemeanor,property,2012-06-21,11,3168313,37.42191780821918,M,,2018-08-18,-943.0,0.0,0,0.0,0
5441,1954,1162141,9467773,misdemeanor,other,2014-05-11,208,6068520,24.991780821917807,M,Black,2017-02-27,-1023.0,0.0,0,0.0,0
576,5649,21406,5478482,misdemeanor,other,2017-07-20,450,5590253,19.052054794520547,M,White,2017-06-26,-838.0,0.0,0,0.0,0
575,4435,21406,720613,misdemeanor,other,2019-11-05,450,5590253,19.052054794520547,M,White,2017-06-26,-277.0,0.0,0,0.0,0
4436,5504,883909,1689196,felony,property,2019-05-07,895,5296171,31.32602739726028,F,White,2017-08-25,812.0,0.0,0,0.0,1
6046,2437,1796824,5013608,misdemeanor,drug,2017-10-15,364,6858454,31.92054794520548,F,White,2016-07-11,461.0,0.0,0,0.0,0
412,149,14780,7048388,misdemeanor,property,2016-05-16,175,11966928,22.197260273972603,M,White,2016-04-12,-29.0,0.0,0,0.0,1
5793,3202,1475717,1783046,misdemeanor,drug,2019-05-04,275,3193787,33.11232876712329,F,White,2018-08-10,209.0,0.0,0,0.0,0
1840,1699,60273,6864712,misdemeanor,property,2016-07-08,360,7509640,21.56438356164384,F,Black,2016-02-02,1117.0,0.0,0,0.0,0
2612,773,81423,6767985,felony,violent,2016-08-08,972,7063563,51.45205479452055,M,Black,2016-05-12,-769.0,133.0,0,1.0,1
4597,4722,921658,4327342,misdemeanor,drug,2018-02-15,143,4564410,24.813698630136987,M,Black,2018-01-02,420.0,1138.0,0,0.0,0
2867,3624,91481,5340908,misdemeanor,property,2017-08-17,117,4650173,21.28219178082192,M,Black,2017-12-13,6.0,0.0,0,0.0,0
2714,2141,83127,5452233,felony,drug,2017-07-26,890,6186016,21.172602739726027,M,Black,2017-01-28,28.0,0.0,1,0.0,0
3734,5144,333745,8418290,misdemeanor,other,2015-04-20,522,5846255,21.72054794520548,M,Black,2017-04-25,-736.0,0.0,0,0.0,0
5906,1583,1596644,7418751,felony,property,2016-02-24,502,5560772,38.81095890410959,M,,2017-07-03,-294.0,0.0,1,0.0,0
4344,5757,844881,6338200,misdemeanor,other,2016-12-14,938,2939914,22.983561643835618,M,White,2018-09-30,-5.0,0.0,0,0.0,0
1135,6450,34814,5708219,misdemeanor,other,2017-05-29,663,4664272,19.378082191780823,M,,2017-12-11,-2.0,0.0,0,0.0,0
1593,4608,53858,5835206,misdemeanor,other,2017-04-27,386,6792133,29.10684931506849,M,mixed,2016-08-01,275.0,0.0,0,0.0,0
6479,5514,3389220,5732410,misdemeanor,other,2017-05-25,638,5847328,33.04383561643836,M,White,2017-04-25,30.0,0.0,0,0.0,0
2663,4388,82277,6394544,felony,drug,2016-11-22,725,7591971,30.315068493150687,M,Black,2016-01-06,19.0,0.0,1,0.0,1
4209,3869,667567,6835425,misdemeanor,property,2016-07-18,192,6835425,50.54246575342466,M,Black,2016-07-18,448.0,0.0,0,0.0,0
1055,6340,32341,6837647,felony,violent,2016-07-16,722,6850726,18.654794520547945,M,Black,2016-07-13,-85.0,0.0,1,0.0,2
4546,1094,911946,10274732,misdemeanor,violent,2013-08-10,727,6339294,31.46027397260274,M,Black,2016-12-13,-1221.0,0.0,0,0.0,0
3003,3794,92636,1409478,misdemeanor,property,2019-06-24,896,5155920,56.05479452054794,M,Black,2017-09-19,781.0,0.0,0,0.0,0
4376,3273,847994,6793133,felony,property,2016-08-01,156,7311479,25.2986301369863,M,Black,2016-03-25,129.0,0.0,1,0.0,0
5694,4054,1337603,7000981,misdemeanor,drug,2016-05-31,763,7000981,24.95068493150685,F,mixed,2016-05-31,5.0,0.0,0,0.0,0
1056,337,32779,9473895,misdemeanor,violent,2014-05-08,261,6049457,27.38082191780822,M,Black,2017-03-03,-800.0,438.0,0,0.0,1
1235,2136,42402,6332619,misdemeanor,other,2016-12-15,476,6701778,32.106849315068494,M,White,2016-08-27,1774.0,411.0,0,0.0,0
6302,5594,2871747,4255805,misdemeanor,drug,2018-03-01,658,6601849,53.79726027397261,M,Black,2016-09-23,197.0,0.0,0,0.0,0
1513,3015,51323,7055313,misdemeanor,property,2016-05-15,811,4837325,32.26027397260274,M,White,2017-11-13,-547.0,0.0,0,0.0,0
4516,4861,910635,9086894,misdemeanor,other,2014-09-08,841,4973877,61.01643835616439,M,Black,2017-10-22,202.0,0.0,0,0.0,0
5120,224,1065717,3706923,misdemeanor,property,2018-05-25,12,12005804,29.301369863013697,F,White,2018-05-25,255.0,0.0,0,0.0,0
2906,4283,91718,2422086,misdemeanor,drug,2019-01-09,25,6028961,29.572602739726022,M,Black,2017-03-09,704.0,0.0,0,0.0,0
1476,1580,50654,7378080,felony,drug,2016-03-07,9,7378080,19.153424657534245,M,Black,2016-03-07,1160.0,772.0,0,0.0,1
2015,4377,66046,137548,misdemeanor,other,2020-03-04,909,5057571,24.473972602739725,M,Black,2017-10-06,1358.0,0.0,0,0.0,0
3404,3484,228445,7566068,misdemeanor,drug,2016-01-14,714,7566068,51.84383561643836,M,mixed,2016-01-14,-772.0,283.0,0,0.0,0
2707,1121,83127,9786775,misdemeanor,property,2014-01-18,890,6186016,21.172602739726027,M,Black,2017-01-28,-1894.0,0.0,0,0.0,0
3314,4438,184900,8905203,misdemeanor,other,2014-11-10,554,7157228,24.46849315068493,M,Black,2016-05-06,-1984.0,0.0,0,0.0,0
492,2710,15353,4366753,misdemeanor,property,2018-02-08,560,3039691,34.391780821917806,F,White,2018-09-11,-546.0,0.0,0,0.0,3
3819,644,339988,7055454,felony,violent,2016-05-14,139,5998375,56.57534246575342,M,,2017-03-17,-218.0,0.0,1,0.0,0
1900,5812,63048,9616367,misdemeanor,drug,2014-03-21,631,6194431,26.27671232876712,F,White,2017-01-26,-1182.0,0.0,0,0.0,0
2826,1715,85806,5356879,felony,property,2017-08-14,14,6816869,30.0986301369863,M,White,2016-07-23,-719.0,277.0,0,0.0,0
4635,1225,932315,6072870,misdemeanor,drug,2017-02-25,870,6386392,22.084931506849315,M,Black,2016-11-26,91.0,0.0,0,0.0,3
5191,5944,1072559,1554584,misdemeanor,other,2019-05-28,467,6845142,55.02739726027397,M,White,2016-07-15,364.0,0.0,0,0.0,0
5918,2235,1602937,4143130,misdemeanor,drug,2018-03-21,240,4143130,44.59452054794521,F,White,2018-03-21,-21.0,0.0,0,0.0,0
1913,571,63935,7527979,misdemeanor,property,2016-01-27,341,7021379,29.64109589041096,F,White,2016-05-24,-93.0,0.0,0,0.0,1
1541,679,51530,555470,misdemeanor,violent,2019-12-07,770,2916797,32.6958904109589,F,Black,2018-10-03,365.0,26.0,0,0.0,0
3437,6060,230959,3513620,misdemeanor,property,2018-06-30,875,3128626,28.09041095890411,M,mixed,2018-08-25,191.0,0.0,0,0.0,0
1619,1462,55112,9022569,misdemeanor,drug,2014-09-27,225,7200043,46.46849315068493,M,White,2016-04-23,-1699.0,0.0,0,0.0,0
4169,2516,555837,6352048,misdemeanor,property,2016-12-11,536,6352048,46.78904109589041,M,Black,2016-12-11,-33.0,0.0,0,0.0,0
3155,6419,101916,6777349,misdemeanor,other,2016-08-05,504,7278705,25.991780821917807,M,Black,2016-04-03,-372.0,0.0,0,0.0,0
2051,1667,67140,9967446,felony,property,2013-11-25,204,5670555,29.33150684931507,M,Black,2017-06-07,-1451.0,0.0,0,0.0,2
3852,1969,342986,8322963,felony,violent,2015-05-22,427,3234875,50.80821917808219,M,Black,2018-08-02,1.0,0.0,1,0.0,2
3156,3416,103801,11505978,misdemeanor,drug,2012-06-03,997,7470210,22.88219178082192,M,Black,2016-02-12,-1524.0,1885.0,0,0.0,0
5017,3030,1059734,498936,misdemeanor,drug,2019-12-20,308,6984750,27.78904109589041,F,Black,2016-06-04,915.0,0.0,0,0.0,0
3459,3820,239629,10888153,misdemeanor,drug,2013-01-09,547,5585793,27.71780821917808,M,Black,2017-06-27,-1630.0,0.0,0,0.0,1
3724,5330,324828,11236545,misdemeanor,other,2012-09-04,789,3377463,34.227397260273975,M,Black,2018-07-24,-2721.0,0.0,0,0.0,0
6038,2123,1782791,7055804,felony,violent,2016-05-14,397,7055804,20.435616438356163,M,Black,2016-05-14,317.0,0.0,1,1.0,0
2591,1218,81169,5114011,felony,violent,2017-09-26,268,6058682,18.97808219178082,M,Black,2017-03-01,-23.0,0.0,1,0.0,0
5695,4123,1337603,6843379,misdemeanor,drug,2016-07-15,763,7000981,24.95068493150685,F,mixed,2016-05-31,45.0,0.0,0,0.0,0
6208,2456,2537177,20296435,misdemeanor,drug,2012-02-03,372,4751260,28.175342465753424,F,White,2017-11-27,-2124.0,0.0,0,0.0,0
1482,1476,50827,8464544,misdemeanor,drug,2015-04-07,716,5665899,21.778082191780825,M,Black,2017-06-08,692.0,0.0,0,0.0,3
6270,2219,2746168,6277542,misdemeanor,violent,2017-01-04,438,6277542,22.898630136986306,M,Black,2017-01-04,-244.0,769.0,0,0.0,0
6372,6327,3097517,4415800,misdemeanor,other,2018-01-31,215,3864977,37.23561643835617,M,,2018-04-26,-57.0,0.0,0,0.0,1
2154,2215,69474,6683588,misdemeanor,drug,2016-08-31,106,6460426,30.30958904109589,F,White,2016-11-07,-70.0,0.0,0,0.0,0
6462,4461,3362946,3594673,misdemeanor,other,2018-06-15,939,3594673,18.60821917808219,M,White,2018-06-15,152.0,3013.0,0,0.0,0
1095,4122,33253,8148066,felony,other,2015-07-17,649,4284534,24.306849315068494,M,Black,2018-02-25,388.0,0.0,0,0.0,0
5208,3389,1074774,5022106,misdemeanor,property,2017-10-13,633,7021588,25.02465753424657,F,White,2016-05-24,507.0,0.0,0,0.0,0
3687,4587,320713,2868457,misdemeanor,other,2018-10-12,342,2868457,30.273972602739725,F,White,2018-10-12,595.0,0.0,0,0.0,0
5283,2200,1116388,8665676,misdemeanor,drug,2015-01-30,309,6585372,26.942465753424656,M,Black,2016-09-29,634.0,0.0,0,0.0,1
4027,4339,474178,7175021,misdemeanor,property,2016-05-01,213,5597498,28.304109589041097,M,White,2017-06-23,-153.0,0.0,0,0.0,0
4760,926,987109,6340985,felony,property,2016-12-13,267,6340985,38.89041095890411,M,,2016-12-13,506.0,2665.0,0,1.0,0
34,1167,2326,7591648,misdemeanor,drug,2016-01-06,807,7591648,31.378082191780823,M,Black,2016-01-06,342.0,0.0,0,0.0,1
699,2569,25238,6595530,misdemeanor,violent,2016-09-26,595,6595530,20.353424657534248,M,White,2016-09-26,155.0,0.0,0,0.0,0
1011,2578,29538,5793297,misdemeanor,violent,2017-05-09,756,4502396,35.553424657534244,M,Black,2018-01-16,1447.0,0.0,0,0.0,1
4189,2554,586087,230530,misdemeanor,violent,2020-02-15,301,4497239,31.265753424657536,M,Black,2018-01-17,1331.0,10532.0,0,0.0,0
5922,3071,1609935,9299163,misdemeanor,other,2014-06-30,406,7395386,41.40547945205479,,,2016-03-02,-645.0,6998.0,0,0.0,0
120,1793,4981,1485437,felony,property,2019-06-08,925,6982985,37.38082191780822,M,White,2016-06-05,1170.0,0.0,0,0.0,1
3489,6132,243705,4583389,misdemeanor,drug,2017-12-28,481,6532455,18.654794520547945,M,Black,2016-10-17,-285.0,0.0,0,0.0,1
1628,2258,55857,9607855,misdemeanor,property,2014-03-24,434,6102845,27.07945205479452,F,White,2017-02-17,-240.0,0.0,0,0.0,0
4182,3683,571225,9092739,misdemeanor,property,2014-09-06,381,6053989,53.654794520547945,M,Black,2017-03-02,800.0,0.0,0,0.0,0
102,5090,4741,4236056,misdemeanor,property,2018-03-05,421,4609251,33.49589041095891,M,White,2017-12-21,139.0,0.0,0,0.0,0
768,4124,26258,6888986,felony,violent,2016-07-05,412,4367944,22.02739726027397,M,Black,2018-02-08,-196.0,0.0,1,0.0,1
1724,691,57158,3715828,misdemeanor,violent,2018-05-23,168,3882249,29.983561643835618,M,Black,2018-04-23,-372.0,212.0,0,0.0,0
4933,11,1026471,4327311,misdemeanor,other,2018-02-15,197,5775568,21.797260273972604,M,Black,2017-05-14,-308.0,1813.0,0,0.0,1
5448,1944,1182268,11129271,misdemeanor,drug,2012-10-10,830,3094265,38.59178082191781,M,White,2018-08-31,-2041.0,11220.0,0,0.0,0
2499,2224,78880,6234852,misdemeanor,drug,2017-01-15,315,6671790,52.02465753424657,M,Black,2016-09-04,-41.0,0.0,0,0.0,2
4514,4858,910635,9689389,misdemeanor,other,2014-02-24,841,4973877,61.01643835616439,M,Black,2017-10-22,-8.0,0.0,0,0.0,0
5865,5012,1535214,3818798,misdemeanor,drug,2018-05-04,496,2905661,51.038356164383565,M,Black,2018-10-05,-152.0,0.0,0,0.0,0
4384,3210,848761,6909497,misdemeanor,property,2016-06-28,613,7291921,30.10410958904109,M,White,2016-03-31,-554.0,0.0,0,0.0,0
3949,4586,360339,2991956,misdemeanor,other,2018-09-19,89,3371268,33.865753424657534,M,Black,2018-07-25,56.0,0.0,0,0.0,0
922,6465,27558,3242692,misdemeanor,other,2018-08-01,54,4448872,37.512328767123286,M,Black,2018-01-25,-55.0,0.0,0,0.0,1
2643,754,81982,8853906,felony,violent,2014-11-25,904,5427759,26.80821917808219,M,Black,2017-07-31,-1169.0,3.0,0,0.0,1
3777,4663,336042,1860530,misdemeanor,other,2019-04-18,610,5170311,55.30684931506849,M,White,2017-09-15,415.0,0.0,0,0.0,0
5728,6240,1417936,4804643,misdemeanor,other,2017-11-17,947,4804643,18.745205479452054,M,White,2017-11-17,-1084.0,0.0,0,0.0,0
2890,3627,91690,6204625,misdemeanor,property,2017-01-24,952,5883395,25.66575342465753,M,Black,2017-04-17,-76.0,0.0,0,0.0,0
5131,3329,1072559,8845473,misdemeanor,other,2014-12-01,467,6845142,55.02739726027397,M,White,2016-07-15,-7.0,0.0,0,0.0,0
6328,2848,2938538,7144592,misdemeanor,drug,2016-05-10,138,7144592,42.79178082191781,F,White,2016-05-10,-356.0,3861.0,0,0.0,0
4383,3042,848761,4562513,misdemeanor,drug,2018-01-03,613,7291921,30.10410958904109,M,White,2016-03-31,-340.0,767.0,0,0.0,0
5565,5913,1297492,6957590,misdemeanor,other,2016-06-13,33,6957590,22.775342465753425,M,White,2016-06-13,960.0,0.0,0,0.0,0
217,4806,9003,3454243,misdemeanor,drug,2018-07-11,906,6872176,33.45753424657534,F,Black,2016-07-06,2122.0,0.0,0,0.0,0
1997,3815,65964,10011576,misdemeanor,drug,2013-11-13,229,6725060,24.34794520547945,M,Black,2016-08-20,-51.0,0.0,0,0.0,1
1635,2270,55857,3868802,misdemeanor,violent,2018-04-25,434,6102845,27.07945205479452,F,White,2017-02-17,1457.0,0.0,0,0.0,0
683,3571,25060,9904022,misdemeanor,other,2013-12-13,718,4796664,25.947945205479453,F,Black,2017-11-19,-1561.0,0.0,0,0.0,0
6187,3222,2497431,5919197,felony,drug,2017-04-07,238,6192743,18.84931506849315,M,Black,2017-01-27,0.0,0.0,1,0.0,2
5902,4799,1588377,4227644,misdemeanor,drug,2018-03-06,893,4998162,21.09315068493151,M,Black,2017-10-17,77.0,0.0,0,0.0,0
2464,4,78786,12006352,felony,property,2018-03-09,479,6645202,24.15068493150685,M,White,2016-09-12,0.0,0.0,1,0.0,2
2299,5623,74595,2160271,misdemeanor,drug,2019-02-27,148,2568623,38.24109589041096,M,Black,2018-12-10,-8.0,0.0,0,0.0,0
3031,2618,92826,20698498,misdemeanor,violent,2012-01-06,746,6037598,40.84657534246576,M,Black,2017-03-07,-270.0,0.0,0,0.0,0
970,2609,27924,8235745,misdemeanor,property,2015-06-21,302,6822812,20.48219178082192,M,White,2016-07-21,-683.0,0.0,0,0.0,0
3335,3722,206779,6680947,felony,property,2016-09-01,578,6680947,24.076712328767123,M,Black,2016-09-01,-100.0,0.0,1,0.0,0
2952,6186,92254,1498731,misdemeanor,property,2019-06-06,413,4354694,25.13150684931507,M,Black,2018-02-11,272.0,0.0,0,0.0,0
4055,4599,511237,6701374,misdemeanor,other,2016-08-27,836,6701374,24.175342465753424,F,Black,2016-08-27,64.0,1426.0,0,0.0,0
1953,1091,65316,10840965,felony,drug,2013-01-25,429,6863214,36.42739726027397,M,Black,2016-07-08,-90.0,0.0,1,0.0,1
4060,4003,522552,830832,felony,other,2019-10-12,636,6457126,32.62191780821918,F,White,2016-11-08,1068.0,0.0,0,1.0,0
4071,2637,531993,9035233,misdemeanor,property,2014-09-23,802,5598101,52.59178082191781,M,White,2017-06-23,-798.0,0.0,0,0.0,1
3263,3744,146236,4665527,misdemeanor,violent,2017-12-11,566,4665527,37.917808219178085,F,Black,2017-12-11,224.0,549.0,0,0.0,0
2284,5524,74595,8893648,misdemeanor,other,2014-11-13,148,2568623,38.24109589041096,M,Black,2018-12-10,253.0,0.0,0,0.0,0
1179,2105,38535,5535435,misdemeanor,drug,2017-07-08,194,5666738,19.22739726027397,M,White,2017-06-08,583.0,1736.0,0,0.0,1
5094,4502,1065197,2060855,felony,other,2019-03-14,190,5821772,18.03835616438356,M,White,2017-05-01,85.0,0.0,1,1.0,0
259,780,10071,6789611,misdemeanor,violent,2016-08-01,967,5792197,21.95890410958904,M,Black,2017-05-09,231.0,0.0,0,0.0,1
4370,3213,847994,9338759,misdemeanor,drug,2014-06-17,156,7311479,25.2986301369863,M,Black,2016-03-25,-1112.0,327.0,0,0.0,0
4868,1242,1009066,5596194,felony,violent,2017-06-23,67,5067540,20.96712328767123,M,Black,2017-10-04,-142.0,1928.0,0,0.0,0
5663,2243,1309468,7305952,misdemeanor,property,2016-03-27,287,7307171,35.24931506849315,F,White,2016-03-26,0.0,0.0,0,0.0,0
6110,636,2134220,6296913,misdemeanor,property,2016-12-28,140,6403657,23.07945205479452,M,White,2016-11-20,131.0,5104.0,0,0.0,0
2868,3628,91481,6210458,misdemeanor,property,2017-01-23,117,4650173,21.28219178082192,M,Black,2017-12-13,-206.0,0.0,0,0.0,0
1924,2946,63935,7021379,felony,property,2016-05-24,341,7021379,29.64109589041096,F,White,2016-05-24,-246.0,0.0,1,0.0,1
4810,2023,995275,3471218,misdemeanor,property,2018-07-09,790,6390045,45.11506849315069,M,mixed,2016-11-23,-731.0,0.0,0,0.0,0
2933,3455,92220,8597718,misdemeanor,other,2015-02-24,629,6515483,61.131506849315066,M,,2016-10-20,-368.0,337.0,0,0.0,0
1661,4718,56320,8117536,misdemeanor,drug,2018-03-16,762,4840593,35.95890410958904,M,Black,2017-11-11,2061.0,0.0,0,0.0,0
6084,1743,1992727,8792018,misdemeanor,property,2014-12-18,328,6182084,27.421917808219177,F,Other,2017-01-30,-1301.0,5556.0,0,0.0,0
5073,66,1064456,778313,misdemeanor,other,2019-10-23,908,2953487,26.27123287671233,M,Black,2018-09-26,2263.0,893.0,0,0.0,0
6379,6303,3120306,5097627,misdemeanor,property,2017-09-29,534,5097627,35.66575342465753,F,Black,2017-09-29,184.0,2212.0,0,0.0,0
2986,3509,92636,5577409,misdemeanor,property,2017-06-29,896,5155920,56.05479452054794,M,Black,2017-09-19,-77.0,0.0,0,0.0,0
1352,512,46960,13656004,misdemeanor,property,2012-04-20,99,5915304,24.994520547945207,F,White,2017-04-07,35.0,0.0,0,0.0,0
1437,4715,49237,4227943,misdemeanor,drug,2018-03-06,96,6507127,20.09041095890411,M,Black,2016-10-22,824.0,0.0,0,0.0,0
5609,2865,1306011,3743151,misdemeanor,property,2018-05-18,447,7193530,59.12054794520548,M,White,2016-04-26,274.0,0.0,0,0.0,2
3601,3675,306222,10407809,felony,property,2013-06-27,409,6809493,24.671232876712327,M,Black,2016-07-26,368.0,0.0,0,0.0,2
811,6405,26596,8315764,misdemeanor,other,2015-05-25,137,7370720,46.40547945205479,M,mixed,2016-03-09,129.0,0.0,0,0.0,0
3012,5993,92636,9298546,misdemeanor,other,2014-06-30,896,5155920,56.05479452054794,M,Black,2017-09-19,-16.0,0.0,0,0.0,0
5773,2887,1448386,10977554,misdemeanor,property,2012-12-04,1,5958672,44.989041095890414,M,Black,2017-03-29,197.0,0.0,0,0.0,0
1473,4786,49882,6089284,felony,drug,2017-02-21,230,3596356,35.18082191780822,M,Black,2018-06-14,369.0,0.0,0,0.0,1
3209,3520,115968,2694279,misdemeanor,violent,2018-11-15,768,7003779,30.983561643835618,M,Black,2016-05-30,873.0,0.0,0,0.0,0
5323,5085,1124386,6872628,misdemeanor,drug,2016-07-06,399,6928740,19.56164383561644,M,Black,2016-06-21,-789.0,0.0,0,0.0,1
6221,3120,2559192,6055237,misdemeanor,other,2017-03-02,694,6055237,65.05205479452054,M,Black,2017-03-02,1679.0,0.0,0,0.0,0
616,2448,22194,9701004,misdemeanor,drug,2014-02-20,820,4884956,37.95616438356164,F,White,2017-11-02,-2200.0,0.0,0,0.0,0
4254,4251,720250,4693655,misdemeanor,property,2017-12-05,884,5705381,31.14246575342466,M,Black,2017-05-30,513.0,0.0,0,0.0,1
4686,909,957946,9311375,misdemeanor,violent,2014-06-25,489,4612868,33.43835616438356,F,White,2017-12-20,-1183.0,4632.0,0,0.0,0
2260,4680,72764,2612798,misdemeanor,property,2018-11-30,885,6163577,22.72054794520548,F,Black,2017-02-03,-215.0,0.0,0,0.0,3
2366,5637,75450,272242,misdemeanor,property,2020-02-06,81,7462166,53.10410958904109,M,White,2016-02-16,-20.0,0.0,0,0.0,0
2527,235,79024,35585,misdemeanor,other,2020-04-17,52,6759183,37.75616438356165,M,Black,2016-08-10,886.0,0.0,0,0.0,0
3610,47,311707,8988967,misdemeanor,drug,2014-10-09,641,6106630,35.1945205479452,M,Black,2017-02-16,-950.0,2485.0,0,0.0,0
4293,4637,725268,5048149,misdemeanor,property,2017-10-09,492,6889724,30.73972602739726,M,mixed,2016-07-05,-234.0,0.0,0,0.0,0
1088,3897,33253,7277173,felony,property,2016-04-04,649,4284534,24.306849315068494,M,Black,2018-02-25,832.0,0.0,0,0.0,0
6235,3165,2570957,7305403,misdemeanor,property,2016-03-28,346,5035688,27.24931506849315,M,White,2017-10-11,299.0,0.0,0,0.0,0
202,1673,8819,10538559,felony,violent,2013-05-13,877,5059344,42.56438356164384,M,Black,2017-10-05,-2240.0,0.0,0,0.0,1
2943,5975,92254,10339800,misdemeanor,property,2013-07-21,413,4354694,25.13150684931507,M,Black,2018-02-11,-1214.0,0.0,0,0.0,0
1363,4662,47004,1449363,misdemeanor,other,2019-06-14,418,5757564,55.87123287671233,M,Black,2017-05-18,64.0,0.0,0,0.0,0
4068,2282,531993,5736225,misdemeanor,property,2017-05-24,802,5598101,52.59178082191781,M,White,2017-06-23,981.0,0.0,0,0.0,1
4729,5140,965786,7414853,misdemeanor,other,2016-02-25,56,7414853,36.28767123287671,M,Black,2016-02-25,-12.0,0.0,0,0.0,0
1478,27,50827,3109728,felony,other,2018-08-29,716,5665899,21.778082191780825,M,Black,2017-06-08,883.0,173.0,0,0.0,3
1337,2352,46101,2553120,misdemeanor,other,2018-12-12,585,2788963,46.00547945205479,M,White,2018-10-29,0.0,0.0,0,0.0,0
389,95,14413,1255062,misdemeanor,other,2019-07-22,319,6275936,41.59178082191781,F,White,2017-01-04,301.0,153.0,0,0.0,0
4440,5519,884830,4216734,misdemeanor,drug,2018-03-08,469,3249757,26.75068493150685,M,Black,2018-07-31,-131.0,0.0,0,0.0,0
6446,5946,3328849,1425390,misdemeanor,other,2019-06-20,931,3681550,18.068493150684933,M,Black,2018-05-30,386.0,0.0,0,0.0,0
218,5077,9003,3596136,misdemeanor,drug,2018-06-14,906,6872176,33.45753424657534,F,Black,2016-07-06,-27.0,0.0,0,0.0,0
3652,266,320209,10623296,misdemeanor,violent,2013-04-12,986,4507353,35.61369863013699,M,White,2018-01-15,-2778.0,658.0,0,0.0,0
5034,5708,1060589,7516657,misdemeanor,other,2016-02-01,199,4941565,28.134246575342463,M,Black,2017-10-27,-821.0,0.0,0,0.0,2
6512,6477,3605768,3216012,misdemeanor,other,2018-08-07,281,3216012,43.00821917808219,F,,2018-08-07,104.0,296.0,0,0.0,0
528,4797,17881,5849348,misdemeanor,drug,2017-04-24,753,4771776,31.526027397260275,M,Black,2017-11-21,-211.0,0.0,0,0.0,2
1989,332,65964,10943037,felony,violent,2012-12-16,229,6725060,24.34794520547945,M,Black,2016-08-20,-1637.0,130.0,0,0.0,1
1591,4133,53858,6792133,misdemeanor,drug,2016-08-01,386,6792133,29.10684931506849,M,mixed,2016-08-01,-269.0,0.0,0,0.0,0
1531,4983,51435,5701209,misdemeanor,property,2017-05-30,726,4761709,33.465753424657535,M,Black,2017-11-24,285.0,0.0,0,0.0,0
1081,5992,33016,9283658,misdemeanor,other,2014-07-03,43,6443817,28.084931506849315,F,mixed,2016-11-13,-864.0,0.0,0,0.0,0
2743,946,83874,7049606,misdemeanor,violent,2016-05-16,757,4159297,24.51506849315069,F,Black,2018-03-19,842.0,0.0,0,0.0,1
3810,573,339988,5751489,misdemeanor,property,2017-05-19,139,5998375,56.57534246575342,M,,2017-03-17,155.0,0.0,0,0.0,0
3248,4298,131507,9655567,misdemeanor,property,2014-03-08,919,6995889,31.076712328767123,M,mixed,2016-06-01,-1510.0,0.0,0,0.0,0
275,825,10237,5727725,misdemeanor,violent,2017-05-26,516,3013712,26.4986301369863,M,Black,2018-09-16,1696.0,0.0,0,0.0,0
6173,3315,2452788,179136,felony,property,2020-02-26,818,7603699,26.33150684931507,M,Black,2016-01-03,1515.0,0.0,0,1.0,0
2209,1713,71257,5350393,misdemeanor,property,2017-08-15,630,2922536,33.32054794520548,M,Black,2018-10-02,167.0,0.0,0,0.0,0
3060,5972,92826,10004550,misdemeanor,other,2013-11-15,746,6037598,40.84657534246576,M,Black,2017-03-07,680.0,0.0,0,0.0,0
5590,2747,1302621,11462436,misdemeanor,violent,2012-06-17,85,2907242,54.24657534246575,M,Black,2018-10-05,-201.0,0.0,0,0.0,0
5636,2650,1308319,7339504,misdemeanor,other,2016-03-17,46,5819314,19.27671232876712,M,Black,2017-05-02,-1.0,0.0,0,0.0,0
4742,732,971940,10401409,misdemeanor,drug,2013-06-28,794,4838938,28.084931506849315,M,Black,2017-11-12,-2654.0,581.0,0,0.0,0
4416,5956,861665,1983509,misdemeanor,drug,2019-03-29,333,5132759,34.63835616438356,M,Black,2017-09-23,88.0,0.0,0,0.0,0
5444,1959,1171048,9612064,felony,violent,2014-03-22,683,3774134,32.556164383561644,F,Black,2018-05-13,151.0,8907.0,0,0.0,0
624,2348,23004,5916990,misdemeanor,property,2017-04-07,103,5232450,55.75890410958904,M,White,2017-09-07,-315.0,0.0,0,0.0,0
4545,643,911946,6339294,misdemeanor,violent,2016-12-13,727,6339294,31.46027397260274,M,Black,2016-12-13,2.0,0.0,0,0.0,0
4820,632,997983,7587118,felony,property,2016-01-07,125,7587118,42.21917808219178,M,White,2016-01-07,-243.0,2260.0,0,0.0,0
38,4183,2326,1362273,misdemeanor,violent,2019-07-02,807,7591648,31.378082191780823,M,Black,2016-01-06,1156.0,0.0,0,0.0,1
1258,3032,43443,4464924,misdemeanor,drug,2018-01-23,378,5150392,20.756164383561643,M,Black,2017-09-20,529.0,248.0,0,0.0,1
83,3047,3909,6211285,misdemeanor,property,2017-01-23,935,6370773,47.17260273972602,M,White,2016-12-01,0.0,0.0,0,0.0,3
660,2435,24750,4626101,misdemeanor,violent,2017-12-18,313,2586870,35.0958904109589,M,White,2018-12-06,1193.0,0.0,0,0.0,0
1270,4174,43838,3644598,felony,violent,2020-07-12,34,4301105,25.852054794520548,M,Black,2018-02-21,-4.0,0.0,1,0.0,1
911,4367,27558,1447760,misdemeanor,violent,2019-06-15,54,4448872,37.512328767123286,M,Black,2018-01-25,506.0,0.0,0,0.0,1
4931,1016,1023661,3720697,misdemeanor,violent,2018-05-22,257,3720697,32.657534246575345,M,Black,2018-05-22,987.0,433.0,0,0.0,0
4202,59,637495,4484900,felony,violent,2018-01-19,520,4521188,23.410958904109588,M,Black,2018-01-12,7.0,0.0,1,1.0,1
1026,2488,29542,8389192,misdemeanor,other,2015-04-30,881,4668826,28.698630136986303,F,White,2017-12-09,-27.0,0.0,0,0.0,0
2594,4956,81169,641870,misdemeanor,drug,2019-11-21,268,6058682,18.97808219178082,M,Black,2017-03-01,-112.0,0.0,0,0.0,0
689,2489,25110,8403582,felony,violent,2015-04-24,449,3787339,22.95616438356164,M,Black,2018-05-10,427.0,0.0,0,0.0,2
5640,5474,1308319,3395946,misdemeanor,other,2018-07-20,46,5819314,19.27671232876712,M,Black,2017-05-02,480.0,0.0,0,0.0,0
3697,654,323098,6083154,felony,property,2017-02-22,127,5801992,31.42465753424657,M,Black,2017-05-07,-547.0,0.0,0,0.0,0
5239,3105,1111687,10254731,misdemeanor,property,2013-08-17,950,5936371,33.51780821917808,M,White,2017-04-03,-583.0,0.0,0,0.0,0
2389,2726,76548,1885831,misdemeanor,violent,2019-04-15,209,5008666,27.293150684931508,M,Black,2017-10-16,501.0,0.0,0,0.0,0
1889,2283,63048,6194431,misdemeanor,property,2017-01-26,631,6194431,26.27671232876712,F,White,2017-01-26,-57.0,0.0,0,0.0,0
2765,1214,84199,7563283,misdemeanor,violent,2016-01-14,553,7563283,22.12054794520548,M,Black,2016-01-14,880.0,0.0,0,0.0,0
386,4524,14260,12005344,misdemeanor,property,2018-01-15,625,12005344,19.30958904109589,M,,2018-01-15,-329.0,0.0,0,0.0,0
2090,499,68785,5998529,felony,violent,2017-03-17,154,6074502,39.4027397260274,,Black,2017-02-24,21.0,0.0,1,1.0,2
6279,5389,2792559,1987046,misdemeanor,other,2019-03-28,614,6313370,50.71780821917808,M,White,2016-12-21,0.0,0.0,0,0.0,0
3023,6035,92636,4764155,misdemeanor,other,2017-11-23,896,5155920,56.05479452054794,M,Black,2017-09-19,652.0,0.0,0,0.0,0
232,5000,9044,3076203,misdemeanor,other,2018-09-04,715,3076203,21.186301369863013,M,Black,2018-09-04,358.0,0.0,0,0.0,0
3307,49,184900,6820431,felony,violent,2016-07-22,554,7157228,24.46849315068493,M,Black,2016-05-06,-876.0,340.0,0,0.0,0
4230,6204,707024,6915516,felony,property,2016-06-26,72,6915516,37.88493150684931,M,Black,2016-06-26,-479.0,473.0,0,1.0,0
4226,3824,704623,10374347,felony,violent,2013-07-09,185,4153597,33.53150684931507,M,Black,2018-03-20,-920.0,0.0,0,0.0,0
5083,4510,1064456,438792,misdemeanor,other,2020-01-04,908,2953487,26.27123287671233,M,Black,2018-09-26,1653.0,0.0,0,0.0,0
3473,6129,242483,6191499,misdemeanor,property,2017-01-27,617,4674255,66.57260273972602,M,Black,2017-12-08,-315.0,0.0,0,0.0,0
5194,5949,1072559,712454,misdemeanor,other,2019-11-07,467,6845142,55.02739726027397,M,White,2016-07-15,10.0,0.0,0,0.0,0
65,1853,2870,6444445,misdemeanor,drug,2016-11-12,290,3819130,38.43835616438356,M,White,2018-05-04,-134.0,0.0,0,0.0,0
5883,1511,1557971,2656783,misdemeanor,property,2018-11-21,546,6545079,43.106849315068494,M,Black,2016-10-12,1540.0,0.0,0,0.0,0
3285,3252,173473,2873454,misdemeanor,property,2018-10-12,404,7552078,50.16712328767123,M,Black,2016-01-16,342.0,760.0,0,0.0,0
4962,2396,1052139,3011259,misdemeanor,property,2018-09-17,891,6537189,48.367123287671234,M,White,2016-10-14,-64.0,0.0,0,0.0,0
1116,6296,33633,4885533,misdemeanor,other,2017-11-02,169,6995174,18.2986301369863,M,mixed,2016-06-01,-34.0,0.0,0,0.0,0
1620,1473,55112,9516600,misdemeanor,drug,2014-04-23,225,7200043,46.46849315068493,M,White,2016-04-23,-157.0,0.0,0,0.0,0
6342,4119,3054080,7711655,misdemeanor,violent,2015-11-30,124,6676974,23.698630136986303,F,mixed,2016-09-02,-277.0,0.0,0,0.0,0
1417,4744,48211,10471082,misdemeanor,drug,2013-06-04,843,3250281,34.2,M,White,2018-07-30,-2383.0,0.0,0,0.0,0
2259,4611,72764,1353196,misdemeanor,property,2019-07-03,885,6163577,22.72054794520548,F,Black,2017-02-03,849.0,0.0,0,0.0,3
2533,4468,79024,2637964,misdemeanor,property,2018-11-26,52,6759183,37.75616438356165,M,Black,2016-08-10,-18.0,0.0,0,0.0,0
3646,4550,318640,5764524,misdemeanor,other,2017-05-16,158,5764522,25.813698630136987,M,White,2017-05-16,0.0,0.0,0,0.0,0
1501,2051,50867,1546805,felony,violent,2019-05-28,944,5473408,20.72876712328767,M,Black,2017-07-21,439.0,0.0,0,1.0,1
1131,6294,34814,4635349,felony,violent,2017-12-16,663,4664272,19.378082191780823,M,,2017-12-11,92.0,0.0,1,0.0,0
3369,3958,213172,4908678,felony,violent,2020-08-30,141,6009424,19.265753424657536,M,Black,2017-03-15,1264.0,0.0,0,1.0,0
1177,4101,36799,11233900,felony,drug,2012-09-05,973,2816767,33.8986301369863,M,Black,2018-10-23,-2239.0,0.0,0,0.0,0
470,5788,15340,10702899,misdemeanor,other,2013-03-16,237,5697246,39.5972602739726,M,White,2017-05-31,0.0,0.0,0,0.0,0
6460,5940,3359578,3451038,misdemeanor,drug,2018-07-12,162,3506084,20.778082191780825,M,Black,2018-07-03,9.0,0.0,0,0.0,0
1954,1098,65316,10366993,felony,drug,2013-07-11,429,6863214,36.42739726027397,M,Black,2016-07-08,167.0,0.0,1,0.0,1
2016,4591,66046,1901368,misdemeanor,property,2019-04-11,909,5057571,24.473972602739725,M,Black,2017-10-06,-328.0,0.0,0,0.0,0
3886,6261,344444,4573904,misdemeanor,property,2017-12-30,270,4865164,27.265753424657536,M,Black,2017-11-06,-117.0,0.0,0,0.0,1
3256,3681,145687,8905089,misdemeanor,property,2014-11-10,817,6183350,38.347945205479455,M,Asian,2017-01-30,-12.0,0.0,0,0.0,0
2255,3882,72764,6624982,felony,property,2016-09-18,885,6163577,22.72054794520548,F,Black,2017-02-03,-1185.0,0.0,0,0.0,3
5608,2861,1306011,5339722,misdemeanor,property,2017-08-17,447,7193530,59.12054794520548,M,White,2016-04-26,478.0,0.0,0,0.0,2
1169,4112,35652,9197404,misdemeanor,drug,2014-08-01,58,5268378,39.21369863013699,F,White,2017-08-31,-1889.0,0.0,0,0.0,0
746,4261,26152,4280786,misdemeanor,property,2018-02-26,671,4957370,27.528767123287672,M,Black,2017-10-24,606.0,0.0,0,0.0,1
4107,3774,539268,3226862,misdemeanor,drug,2018-08-04,626,3993384,44.24383561643835,M,White,2018-04-05,-752.0,0.0,0,0.0,0
1529,4830,51435,5473785,misdemeanor,other,2017-07-21,726,4761709,33.465753424657535,M,Black,2017-11-24,862.0,0.0,0,0.0,0
1683,1758,56410,250262,misdemeanor,other,2020-02-12,741,4937826,33.4027397260274,M,Black,2017-10-27,956.0,0.0,0,0.0,0
5962,2996,1611752,3648891,misdemeanor,property,2018-06-06,839,3648891,41.035616438356165,M,White,2018-06-06,-27.0,0.0,0,0.0,0
4898,4901,1009164,5194863,misdemeanor,other,2017-09-12,804,7293010,26.153424657534245,M,Black,2016-03-30,0.0,0.0,0,0.0,0
4815,5134,995275,1753999,misdemeanor,other,2020-05-31,790,6390045,45.11506849315069,M,mixed,2016-11-23,538.0,0.0,0,0.0,0
4160,6144,542158,5432796,misdemeanor,other,2017-07-31,216,6837789,31.87945205479452,M,mixed,2016-07-16,1092.0,0.0,0,0.0,0
6225,3135,2559192,3474209,misdemeanor,violent,2018-07-09,694,6055237,65.05205479452054,M,Black,2017-03-02,102.0,0.0,0,0.0,0
5531,2030,1288581,3548765,felony,property,2018-06-24,368,3548765,24.21095890410959,M,Black,2018-06-24,24.0,1750.0,0,1.0,0
3682,4576,320631,9987413,misdemeanor,property,2020-12-18,996,6305418,31.63013698630137,M,Black,2016-12-23,14.0,0.0,0,0.0,0
183,5071,8089,4652942,misdemeanor,drug,2017-12-12,586,4652942,22.35890410958904,M,Black,2017-12-12,24.0,0.0,0,0.0,0
6133,5507,2248903,5799158,misdemeanor,other,2017-05-08,913,7276076,33.21095890410959,M,White,2016-04-04,-43.0,0.0,0,0.0,0
5966,5419,1615681,6984070,misdemeanor,other,2016-06-04,537,6984069,18.88767123287672,M,White,2016-06-04,0.0,0.0,0,0.0,0
2292,5555,74595,7831580,misdemeanor,other,2015-10-22,148,2568623,38.24109589041096,M,Black,2018-12-10,539.0,0.0,0,0.0,0
3882,4562,344444,4458701,misdemeanor,property,2018-01-23,270,4865164,27.265753424657536,M,Black,2017-11-06,1773.0,0.0,0,0.0,1
779,4199,26596,9900564,misdemeanor,property,2013-12-14,137,7370720,46.40547945205479,M,mixed,2016-03-09,10.0,0.0,0,0.0,0
509,4785,15930,5787610,misdemeanor,drug,2017-05-10,335,4079940,26.504109589041096,M,Black,2018-03-31,-812.0,0.0,0,0.0,0
5740,3303,1435646,4155587,misdemeanor,drug,2018-03-20,847,4155587,32.99452054794521,F,White,2018-03-20,993.0,0.0,0,0.0,0
2866,3613,91481,5369551,misdemeanor,other,2017-08-11,117,4650173,21.28219178082192,M,Black,2017-12-13,-815.0,2447.0,0,0.0,0
5593,1510,1302726,3574151,felony,other,2018-06-20,878,2950470,32.536986301369865,M,White,2018-09-27,-107.0,105.0,0,0.0,2
3854,3966,342986,8067184,felony,violent,2015-08-12,427,3234875,50.80821917808219,M,Black,2018-08-02,-1086.0,0.0,0,0.0,2
4612,5222,923399,6312666,misdemeanor,other,2016-12-21,584,5674108,28.167123287671235,F,Black,2017-06-06,389.0,0.0,0,0.0,0
2483,202,78786,6512804,felony,violent,2016-10-20,479,6645202,24.15068493150685,M,White,2016-09-12,112.0,0.0,1,0.0,2
6264,5689,2662041,6542668,misdemeanor,other,2016-10-13,260,6542668,39.73698630136986,M,White,2016-10-13,-567.0,21002.0,0,0.0,0
5404,4969,1134876,6656782,misdemeanor,other,2016-09-08,474,7162955,42.97808219178082,M,Black,2016-05-04,127.0,0.0,0,0.0,1
3842,378,342694,3479192,misdemeanor,violent,2018-07-06,465,6486630,19.843835616438355,F,White,2016-10-29,-788.0,0.0,0,0.0,0
1119,4063,34599,5382130,misdemeanor,property,2017-08-09,298,5352026,20.945205479452056,M,mixed,2017-08-15,-609.0,966.0,0,0.0,0
3653,344,320209,5140311,misdemeanor,property,2017-09-21,986,4507353,35.61369863013699,M,White,2018-01-15,1623.0,0.0,0,0.0,0
14,1349,2003,10211646,misdemeanor,drug,2013-09-01,325,3551844,53.465753424657535,M,Black,2018-06-22,436.0,0.0,0,0.0,0
432,234,14836,1699977,misdemeanor,other,2020-05-16,773,5627332,26.013698630136982,M,White,2017-06-18,1063.0,0.0,0,0.0,0
2422,5632,76733,3301783,misdemeanor,drug,2020-06-19,48,4573842,27.47945205479452,F,White,2017-12-30,9.0,0.0,0,0.0,0
5211,3406,1074774,10727131,felony,violent,2013-03-08,633,7021588,25.02465753424657,F,White,2016-05-24,48.0,0.0,1,0.0,0
2116,3996,69058,3051482,misdemeanor,property,2018-09-09,402,7255033,49.24931506849315,F,mixed,2016-04-10,389.0,0.0,0,0.0,0
3093,3423,98350,10218104,misdemeanor,other,2013-08-30,183,4251991,53.772602739726025,M,Black,2018-03-02,-21.0,0.0,0,0.0,1
5364,2310,1129092,7011962,felony,property,2016-05-26,583,6971419,31.638356164383563,F,White,2016-06-08,-84.0,0.0,1,0.0,4
2779,4960,84410,11562260,misdemeanor,other,2012-05-16,517,5974264,42.84109589041096,F,Black,2017-03-24,-2139.0,0.0,0,0.0,0
4787,1857,990237,7369223,felony,property,2016-03-09,854,4452127,21.10958904109589,F,Black,2018-01-24,-6.0,0.0,1,0.0,0
3233,418,126282,6444267,misdemeanor,property,2016-11-12,3,3573863,36.465753424657535,M,Black,2018-06-20,1107.0,0.0,0,0.0,0
5042,3244,1061804,5989089,misdemeanor,property,2017-03-21,355,7382549,28.82191780821918,M,White,2016-03-07,-490.0,0.0,0,0.0,0
3364,4109,212874,8860372,misdemeanor,property,2014-11-24,250,7184393,41.35068493150685,M,mixed,2016-04-29,-522.0,0.0,0,0.0,1
1339,2355,46101,3123280,misdemeanor,other,2018-08-27,585,2788963,46.00547945205479,M,White,2018-10-29,-73.0,0.0,0,0.0,0
1646,2341,56090,7015749,felony,property,2016-05-25,362,6916269,18.29041095890411,M,White,2016-06-25,-355.0,0.0,1,0.0,0
1456,5072,49727,4697408,misdemeanor,drug,2017-12-04,370,4697408,19.90684931506849,M,Black,2017-12-04,-30.0,0.0,0,0.0,0
4433,2699,883909,747048,misdemeanor,other,2019-10-30,895,5296171,31.32602739726028,F,White,2017-08-25,777.0,0.0,0,0.0,1
5247,5838,1111687,5936371,misdemeanor,other,2017-04-03,950,5936371,33.51780821917808,M,White,2017-04-03,-50.0,0.0,0,0.0,0
1309,4839,45481,9964851,misdemeanor,drug,2020-11-06,220,2592249,17.6,M,Black,2018-12-05,702.0,0.0,0,0.0,0
557,140,20010,7603720,misdemeanor,violent,2016-01-02,600,2594291,41.0958904109589,M,White,2018-12-04,-289.0,0.0,0,0.0,0
2313,5528,74677,8834040,misdemeanor,other,2014-12-04,294,6355703,28.54520547945205,M,White,2016-12-09,225.0,0.0,0,0.0,0
1709,1320,56452,6237431,misdemeanor,drug,2017-01-13,411,6237431,56.37808219178082,M,Black,2017-01-13,1514.0,0.0,0,0.0,1
3001,3614,92636,5128118,misdemeanor,property,2017-09-24,896,5155920,56.05479452054794,M,Black,2017-09-19,494.0,0.0,0,0.0,0
3766,4619,336042,11441084,misdemeanor,other,2012-06-24,610,5170311,55.30684931506849,M,White,2017-09-15,-353.0,0.0,0,0.0,0
3676,652,320631,6246163,misdemeanor,property,2017-01-11,996,6305418,31.63013698630137,M,Black,2016-12-23,-1125.0,0.0,0,0.0,0
531,5040,17881,5748594,misdemeanor,other,2017-05-21,753,4771776,31.526027397260275,M,Black,2017-11-21,1055.0,0.0,0,0.0,2
4971,3319,1055115,28953530,felony,property,2012-07-13,226,7371681,57.56164383561644,M,White,2016-03-09,35.0,0.0,1,0.0,1
5997,5344,1688253,6018776,misdemeanor,other,2017-03-11,28,6946113,33.14246575342466,M,White,2016-06-15,269.0,0.0,0,0.0,0
4649,1089,936434,10219166,misdemeanor,violent,2013-08-29,435,2864989,58.156164383561645,M,Black,2018-10-14,-1872.0,0.0,0,0.0,0
364,6138,13592,4855258,felony,violent,2017-11-08,821,7357500,33.413698630136984,M,Black,2016-03-13,-422.0,0.0,0,0.0,5
5454,5253,1195934,6891939,misdemeanor,other,2016-07-03,656,6891939,56.93972602739726,M,White,2016-07-03,1085.0,0.0,0,0.0,0
6039,2069,1790946,9651834,felony,drug,2014-03-10,961,7197240,51.27945205479452,M,White,2016-04-25,-796.0,8155.0,0,0.0,0
6178,3300,2455042,5960269,misdemeanor,property,2017-03-29,932,5469978,51.64657534246575,M,Black,2017-07-24,0.0,0.0,0,0.0,0
3781,314,336599,5923311,misdemeanor,violent,2017-04-05,113,5923311,29.265753424657536,M,White,2017-04-05,1042.0,557.0,0,0.0,0
3878,1047,344444,2033093,misdemeanor,property,2019-03-19,270,4865164,27.265753424657536,M,Black,2017-11-06,127.0,0.0,0,0.0,1
1873,5676,60742,6015800,misdemeanor,property,2017-03-13,737,6015800,28.254794520547943,M,Black,2017-03-13,1288.0,0.0,0,0.0,0
1193,2127,38681,6467136,misdemeanor,drug,2016-11-04,801,4546237,41.66301369863014,F,White,2018-01-08,-638.0,0.0,0,0.0,0
2135,5554,69058,7657289,misdemeanor,other,2015-12-14,402,7255033,49.24931506849315,F,mixed,2016-04-10,-947.0,0.0,0,0.0,0
4499,4974,910069,4697219,felony,violent,2017-12-04,408,5059604,27.77260273972603,F,mixed,2017-10-05,-1.0,0.0,1,0.0,1
3188,6002,114124,7783693,misdemeanor,other,2015-11-06,21,6060715,55.07671232876712,M,Black,2017-03-01,0.0,0.0,0,0.0,0
227,1504,9044,5960883,misdemeanor,drug,2017-03-28,715,3076203,21.186301369863013,M,Black,2018-09-04,209.0,0.0,0,0.0,0
2276,4422,73796,4779682,misdemeanor,other,2017-11-20,710,5195856,30.24383561643836,M,Black,2017-09-12,69.0,0.0,0,0.0,0
4088,2877,533988,21440865,misdemeanor,drug,2012-02-15,110,6485726,27.197260273972603,M,White,2016-10-30,-85.0,1995.0,0,0.0,0
3477,6038,243409,5175054,misdemeanor,other,2017-09-15,639,5142809,30.34794520547945,M,Black,2017-09-21,743.0,0.0,0,0.0,0
1813,1132,58583,9278383,misdemeanor,drug,2014-07-05,266,3982258,27.813698630136987,M,Black,2018-04-07,-31.0,0.0,0,0.0,2
81,2064,3909,9465089,misdemeanor,property,2014-05-12,935,6370773,47.17260273972602,M,White,2016-12-01,-156.0,0.0,0,0.0,3
4558,1151,912191,8551622,felony,other,2015-03-11,454,5560929,34.93698630136986,M,Black,2017-07-03,80.0,0.0,1,0.0,1
5335,1993,1127005,7240238,misdemeanor,other,2016-04-13,234,3052452,52.342465753424655,M,White,2018-09-08,-61.0,0.0,0,0.0,0
4851,1883,1002535,2017446,misdemeanor,property,2019-03-22,388,5559287,23.715068493150685,M,Black,2017-07-04,142.0,0.0,0,0.0,0
5352,5170,1127005,8198875,misdemeanor,other,2015-07-03,234,3052452,52.342465753424655,M,White,2018-09-08,880.0,0.0,0,0.0,0
3691,273,323098,8413282,misdemeanor,property,2015-04-21,127,5801992,31.42465753424657,M,Black,2017-05-07,-141.0,2138.0,0,0.0,0
1311,1107,45613,10717897,misdemeanor,violent,2013-03-11,692,3245978,36.17808219178082,F,Black,2018-07-31,-2773.0,132.0,0,0.0,0
4625,2057,929734,262171,misdemeanor,property,2020-02-09,297,2971473,40.465753424657535,M,White,2018-09-24,664.0,0.0,0,0.0,0
552,5653,19918,10922711,misdemeanor,other,2012-12-24,562,2977729,27.96712328767123,M,White,2018-09-22,0.0,0.0,0,0.0,0
2115,3993,69058,5346059,misdemeanor,drug,2017-08-16,402,7255033,49.24931506849315,F,mixed,2016-04-10,670.0,0.0,0,0.0,0
5568,2839,1300240,8563390,misdemeanor,drug,2015-03-08,879,7200598,26.747945205479454,M,Black,2016-04-23,439.0,0.0,0,0.0,0
644,5364,24391,2536660,misdemeanor,other,2018-12-14,203,5319741,32.3013698630137,M,Black,2017-08-21,407.0,0.0,0,0.0,0
3945,292,359972,6914953,misdemeanor,violent,2016-06-26,16,3836808,27.076712328767123,F,Black,2018-05-01,209.0,0.0,0,0.0,0
4963,2399,1052139,3779889,misdemeanor,property,2018-05-11,891,6537189,48.367123287671234,M,White,2016-10-14,-129.0,0.0,0,0.0,0
1271,4182,43838,1120190,misdemeanor,violent,2019-08-18,34,4301105,25.852054794520548,M,Black,2018-02-21,-329.0,0.0,0,0.0,1
4711,1437,961194,3394043,misdemeanor,property,2018-07-20,945,3394043,55.55068493150685,M,Black,2018-07-20,-305.0,0.0,0,0.0,0
213,1190,9003,6598088,misdemeanor,violent,2016-09-25,906,6872176,33.45753424657534,F,Black,2016-07-06,-29.0,0.0,0,0.0,0
2636,5083,81823,8406419,misdemeanor,other,2015-04-23,809,3806430,34.8986301369863,M,,2018-05-07,-1870.0,0.0,0,0.0,0
5413,1835,1137620,2858793,misdemeanor,property,2018-10-15,845,3130830,33.10958904109589,M,Black,2018-08-24,-17.0,0.0,0,0.0,0
3354,6219,207810,1664222,misdemeanor,other,2020-05-09,511,3739546,27.51780821917808,M,Black,2018-05-20,113.0,0.0,0,0.0,0
4411,3293,861665,4936339,misdemeanor,property,2017-10-28,333,5132759,34.63835616438356,M,Black,2017-09-23,-56.0,0.0,0,0.0,0
3286,3310,173473,3450453,misdemeanor,property,2018-07-12,404,7552078,50.16712328767123,M,Black,2016-01-16,-92.0,0.0,0,0.0,0
6222,3121,2559192,5525027,misdemeanor,violent,2017-07-11,694,6055237,65.05205479452054,M,Black,2017-03-02,131.0,0.0,0,0.0,0
3600,3651,306222,11441983,felony,property,2012-06-24,409,6809493,24.671232876712327,M,Black,2016-07-26,-2121.0,0.0,0,0.0,2
2,724,1788,10853148,felony,property,2013-01-22,200,5879415,46.96164383561644,M,,2017-04-17,0.0,0.0,1,0.0,0
6310,2789,2879059,7203402,misdemeanor,violent,2016-04-22,668,7203402,20.98630136986301,F,Black,2016-04-22,110.0,0.0,0,0.0,0
2640,1014,81979,3679700,misdemeanor,violent,2018-05-30,443,3679700,57.31780821917808,F,Black,2018-05-30,867.0,0.0,0,0.0,0
3960,4959,379371,9830539,misdemeanor,property,2020-06-30,946,4641585,25.254794520547943,M,,2017-12-14,6.0,0.0,0,0.0,0
4847,1838,1002535,1921745,misdemeanor,property,2019-04-09,388,5559287,23.715068493150685,M,Black,2017-07-04,433.0,0.0,0,0.0,0
4396,3034,860034,4689683,misdemeanor,violent,2017-12-06,530,4689683,41.83287671232877,M,Black,2017-12-06,662.0,1581.0,0,0.0,0
5765,4501,1440050,816243,felony,other,2019-10-15,131,5113359,27.572602739726022,M,White,2017-09-26,770.0,0.0,0,1.0,1
4704,745,961194,9500124,misdemeanor,property,2014-04-29,945,3394043,55.55068493150685,M,Black,2018-07-20,-321.0,0.0,0,0.0,0
1777,6232,57529,7391608,misdemeanor,property,2016-03-03,153,7224958,25.56438356164384,M,Black,2016-04-17,804.0,0.0,0,0.0,0
898,6447,27382,5815812,misdemeanor,other,2017-05-03,75,7381538,26.56438356164384,M,Black,2016-03-07,-1337.0,0.0,0,0.0,0
1882,2896,62440,22374545,misdemeanor,violent,2013-04-30,702,3472322,54.43835616438356,M,White,2018-07-09,-2543.0,293.0,0,0.0,1
2829,1999,85806,5496770,felony,property,2017-07-17,14,6816869,30.0986301369863,M,White,2016-07-23,-108.0,0.0,1,0.0,0
2137,5977,69058,10388572,misdemeanor,other,2013-07-03,402,7255033,49.24931506849315,F,mixed,2016-04-10,-840.0,0.0,0,0.0,0
3184,3581,114124,9375174,misdemeanor,other,2014-06-04,21,6060715,55.07671232876712,M,Black,2017-03-01,-254.0,0.0,0,0.0,0
6417,5671,3198569,6798050,misdemeanor,other,2016-07-29,288,6798050,18.86027397260274,M,White,2016-07-29,34.0,199.0,0,0.0,0
514,2152,16944,5236325,misdemeanor,violent,2017-09-06,503,3471309,39.66849315068493,M,White,2018-07-09,-419.0,1014.0,0,0.0,0
1298,28,45181,3488308,misdemeanor,other,2018-07-05,207,3488332,19.26849315068493,M,Black,2018-07-05,0.0,0.0,0,0.0,2
231,4981,9044,5206437,misdemeanor,other,2017-09-11,715,3076203,21.186301369863013,M,Black,2018-09-04,-1065.0,0.0,0,0.0,0
4833,4886,1000343,4608838,felony,drug,2017-12-21,283,3895575,22.04931506849315,F,Black,2018-04-20,-64.0,0.0,1,0.0,2
162,1351,7833,10850132,misdemeanor,drug,2013-01-23,969,2827385,40.71232876712329,F,Black,2018-10-21,100.0,0.0,0,0.0,0
3642,4547,318135,4840386,felony,other,2017-11-11,995,6935981,34.8054794520548,M,White,2016-06-17,457.0,0.0,0,0.0,1
5782,4480,1463080,7518030,misdemeanor,other,2016-01-30,62,7518030,20.778082191780825,F,White,2016-01-30,-18.0,468.0,0,0.0,0
4595,4727,920520,11160416,misdemeanor,drug,2012-09-28,604,6577694,48.33698630136986,F,Black,2016-10-01,-1464.0,0.0,0,0.0,0
1412,1071,48211,10912072,felony,violent,2012-12-29,843,3250281,34.2,M,White,2018-07-30,-704.0,0.0,0,0.0,0
1977,393,65745,694240,misdemeanor,violent,2019-11-11,954,2673805,27.67945205479452,M,White,2018-11-19,645.0,0.0,0,0.0,0
2235,1750,72764,5854005,misdemeanor,property,2017-04-22,885,6163577,22.72054794520548,F,Black,2017-02-03,-94.0,0.0,0,0.0,3
2308,2821,74677,2073708,misdemeanor,drug,2019-03-13,294,6355703,28.54520547945205,M,White,2016-12-09,1017.0,0.0,0,0.0,0
6387,6490,3143337,1851268,misdemeanor,other,2019-04-21,396,2693604,28.542465753424658,M,Black,2018-11-15,157.0,0.0,0,0.0,0
1503,5104,50867,3972450,misdemeanor,drug,2018-04-09,944,5473408,20.72876712328767,M,Black,2017-07-21,-18.0,0.0,0,0.0,1
4010,406,456897,10047622,misdemeanor,drug,2013-10-30,930,6649145,24.86027397260274,M,Black,2016-09-11,-1026.0,5270.0,0,0.0,0
4139,6146,540719,6240674,misdemeanor,other,2017-01-13,785,6561693,19.350684931506848,M,Black,2016-10-06,-775.0,0.0,0,0.0,0
827,4202,26679,9808618,misdemeanor,property,2014-01-12,224,6916481,31.117808219178084,M,Black,2016-06-25,-768.0,83.0,0,0.0,0
3134,3902,100614,5111848,misdemeanor,property,2017-09-27,665,5111848,25.375342465753423,F,Black,2017-09-27,1861.0,0.0,0,0.0,0
4935,1395,1026471,6525461,misdemeanor,drug,2016-10-18,197,5775568,21.797260273972604,M,Black,2017-05-14,-226.0,0.0,0,0.0,1
6215,5856,2557412,772422,felony,other,2019-10-25,498,7272789,23.60821917808219,M,Black,2016-04-05,49.0,0.0,1,1.0,1
5389,645,1134813,7158116,misdemeanor,violent,2016-05-05,699,7159070,18.42465753424657,M,Black,2016-05-05,0.0,0.0,0,0.0,6
3107,3645,98350,439928,felony,violent,2020-01-04,183,4251991,53.772602739726025,M,Black,2018-03-02,673.0,0.0,0,0.0,1
5013,3011,1059734,7139462,felony,property,2016-05-11,308,6984750,27.78904109589041,F,Black,2016-06-04,947.0,0.0,0,0.0,0
6416,5670,3198370,6916329,misdemeanor,other,2016-06-25,514,6916329,40.895890410958906,M,White,2016-06-25,0.0,0.0,0,0.0,0
2798,775,85246,6459173,felony,property,2016-11-07,51,6243514,19.75068493150685,M,Black,2017-01-12,-768.0,0.0,0,0.0,4
3661,264,320631,10151988,misdemeanor,violent,2013-09-21,996,6305418,31.63013698630137,M,Black,2016-12-23,-1255.0,422.0,0,0.0,0
5296,1299,1117726,11491057,misdemeanor,drug,2012-06-07,519,7288288,50.95616438356164,M,Black,2016-03-31,-1559.0,1338.0,0,0.0,0
3780,4673,336042,9390133,misdemeanor,other,2014-05-29,610,5170311,55.30684931506849,M,White,2017-09-15,432.0,0.0,0,0.0,0
2851,3126,87608,5710263,misdemeanor,violent,2017-05-28,87,5710263,45.41643835616439,M,Black,2017-05-28,1118.0,0.0,0,0.0,0
5434,2052,1137620,2390383,misdemeanor,property,2019-01-15,845,3130830,33.10958904109589,M,Black,2018-08-24,267.0,0.0,0,0.0,0
1617,631,55112,8255836,misdemeanor,violent,2015-06-14,225,7200043,46.46849315068493,M,White,2016-04-23,622.0,0.0,0,0.0,0
6483,6443,3458193,6101399,misdemeanor,other,2017-02-17,505,6588601,25.621917808219177,M,Black,2016-09-28,142.0,0.0,0,0.0,0
4858,965,1004445,6288988,misdemeanor,violent,2017-01-01,100,6288988,26.410958904109588,F,Black,2017-01-01,-568.0,592.0,0,0.0,0
3613,3679,311707,8874413,misdemeanor,property,2014-11-20,641,6106630,35.1945205479452,M,Black,2017-02-16,200.0,0.0,0,0.0,0
1869,2947,60742,6672509,misdemeanor,violent,2016-09-04,737,6015800,28.254794520547943,M,Black,2017-03-13,-1104.0,0.0,0,0.0,0
759,6308,26152,2496545,felony,other,2018-12-23,671,4957370,27.528767123287672,M,Black,2017-10-24,-405.0,0.0,0,0.0,1
3407,6151,228565,2974985,misdemeanor,drug,2018-09-24,799,7208240,19.350684931506848,M,Black,2016-04-21,310.0,0.0,0,0.0,0
3189,6023,114124,6060715,misdemeanor,other,2017-03-01,21,6060715,55.07671232876712,M,Black,2017-03-01,481.0,0.0,0,0.0,0
4895,2046,1009164,829364,misdemeanor,property,2019-10-13,804,7293010,26.153424657534245,M,Black,2016-03-30,1304.0,0.0,0,0.0,0
4118,5458,539268,1355318,misdemeanor,other,2019-07-03,626,3993384,44.24383561643835,M,White,2018-04-05,-457.0,0.0,0,0.0,0
5409,1830,1137620,3130830,misdemeanor,property,2018-08-24,845,3130830,33.10958904109589,M,Black,2018-08-24,388.0,0.0,0,0.0,0
4122,6188,539268,707921,felony,property,2019-11-08,626,3993384,44.24383561643835,M,White,2018-04-05,460.0,0.0,0,0.0,0
3929,528,358458,10770769,misdemeanor,property,2013-02-20,160,6746136,28.85753424657534,M,mixed,2016-08-13,-953.0,0.0,0,0.0,0
5223,5892,1075503,2334462,misdemeanor,property,2019-01-26,212,6623957,61.09041095890411,M,Black,2016-09-19,-273.0,0.0,0,0.0,1
3036,3591,92826,8618758,misdemeanor,violent,2015-02-14,746,6037598,40.84657534246576,M,Black,2017-03-07,455.0,0.0,0,0.0,0
573,2892,21406,5590253,felony,property,2017-06-26,450,5590253,19.052054794520547,M,White,2017-06-26,276.0,0.0,1,0.0,0
3445,3735,235227,6072435,misdemeanor,property,2017-02-26,317,5726487,39.8986301369863,F,Black,2017-05-27,0.0,0.0,0,0.0,0
130,995,5400,4558833,misdemeanor,violent,2018-01-03,642,4292218,27.21917808219178,M,Black,2018-02-22,1134.0,0.0,0,0.0,0
872,6033,27249,4657056,misdemeanor,other,2017-12-12,960,6478529,22.87945205479452,M,Black,2016-11-01,-57.0,0.0,0,0.0,3
706,2509,25425,9168330,misdemeanor,drug,2014-08-11,130,4398368,38.36438356164384,M,White,2018-02-02,-1796.0,0.0,0,0.0,2
5961,2995,1611752,3505883,misdemeanor,violent,2018-07-03,839,3648891,41.035616438356165,M,White,2018-06-06,348.0,0.0,0,0.0,0
6280,5393,2792559,5488284,misdemeanor,other,2017-07-18,614,6313370,50.71780821917808,M,White,2016-12-21,-618.0,0.0,0,0.0,0
5729,5847,1421025,3106149,misdemeanor,other,2018-08-30,371,5201065,36.583561643835615,M,Other,2017-09-12,286.0,3089.0,0,0.0,0
2557,3102,79687,1529645,felony,property,2019-05-31,769,7247779,30.32328767123288,M,Other,2016-04-12,596.0,0.0,0,0.0,2
810,6404,26596,8716953,misdemeanor,other,2015-01-16,137,7370720,46.40547945205479,M,mixed,2016-03-09,-315.0,0.0,0,0.0,0
1650,2422,56090,6510287,felony,property,2016-10-21,362,6916269,18.29041095890411,M,White,2016-06-25,128.0,0.0,1,0.0,0
2845,1663,85929,116462,felony,violent,2020-03-09,963,5226476,35.0,M,Black,2017-09-08,1699.0,0.0,0,1.0,1
6259,5848,2601543,2977689,felony,other,2018-09-23,869,6304179,18.410958904109588,,White,2016-12-25,637.0,0.0,0,0.0,0
2146,4535,69085,9093156,misdemeanor,other,2014-09-05,749,4131834,48.67671232876712,M,White,2018-03-23,0.0,0.0,0,0.0,0
2212,2325,71257,4495056,misdemeanor,property,2018-01-17,630,2922536,33.32054794520548,M,Black,2018-10-02,305.0,0.0,0,0.0,0
5277,5849,1114653,2655257,misdemeanor,other,2018-11-22,78,3399268,39.16712328767123,M,Black,2018-07-20,125.0,0.0,0,0.0,0
6193,5895,2497447,7911242,misdemeanor,property,2015-09-29,543,5560404,55.80821917808219,F,Black,2017-07-04,-1069.0,0.0,0,0.0,0
2884,3516,91690,5330439,misdemeanor,property,2017-08-19,952,5883395,25.66575342465753,M,Black,2017-04-17,-28.0,0.0,0,0.0,0
5105,4486,1065449,6747087,misdemeanor,other,2016-08-12,635,6236432,32.635616438356166,M,White,2017-01-13,-1511.0,0.0,0,0.0,0
2673,4408,82486,4146266,felony,violent,2018-03-20,186,5256465,25.63013698630137,M,Black,2017-09-01,-28.0,0.0,1,0.0,3
1278,839,44159,3947994,misdemeanor,drug,2018-04-12,531,4537309,38.42465753424658,M,Black,2018-01-09,443.0,234.0,0,0.0,0
5843,4445,1516499,3903305,felony,property,2018-04-19,39,4469015,63.25479452054795,M,White,2018-01-22,87.0,0.0,1,1.0,1
5768,2862,1448386,5958672,misdemeanor,drug,2017-03-29,1,5958672,44.989041095890414,M,Black,2017-03-29,1719.0,0.0,0,0.0,0
3268,6022,146410,5763206,misdemeanor,other,2017-05-17,518,5763206,53.31506849315068,M,Black,2017-05-17,208.0,0.0,0,0.0,1
1969,3863,65387,7987931,felony,property,2015-09-05,392,7194627,18.813698630136987,M,Black,2016-04-26,-726.0,0.0,0,0.0,0
1535,727,51504,10084509,felony,drug,2013-10-17,838,7041731,48.94794520547945,M,Black,2016-05-18,-617.0,69.0,0,0.0,0
1481,1358,50827,10532292,felony,violent,2013-05-15,716,5665899,21.778082191780825,M,Black,2017-06-08,-957.0,0.0,0,0.0,3
1319,2384,46047,7023735,misdemeanor,property,2016-05-23,334,7023735,31.136986301369863,M,White,2016-05-23,-879.0,0.0,0,0.0,0
267,4406,10071,9843830,felony,other,2020-07-14,967,5792197,21.95890410958904,M,Black,2017-05-09,2085.0,0.0,0,1.0,1
5887,4968,1567151,7553478,misdemeanor,other,2016-01-15,545,7553479,36.89041095890411,M,,2016-01-15,-579.0,9180.0,0,0.0,0
1243,5287,42402,6332621,misdemeanor,other,2016-12-15,476,6701778,32.106849315068494,M,White,2016-08-27,0.0,0.0,0,0.0,0
2061,4612,67140,1021824,felony,drug,2019-09-06,204,5670555,29.33150684931507,M,Black,2017-06-07,30.0,0.0,1,1.0,2
2750,3652,84027,11185338,misdemeanor,drug,2012-09-20,607,2680535,39.26849315068493,M,Black,2018-11-18,-361.0,0.0,0,0.0,1
5916,2231,1602937,3612336,misdemeanor,drug,2018-06-12,240,4143130,44.59452054794521,F,White,2018-03-21,-38.0,0.0,0,0.0,0
4683,4859,953314,9694411,misdemeanor,drug,2014-02-22,800,5373998,23.87123287671233,M,White,2017-08-10,-7.0,0.0,0,0.0,0
561,249,20010,12006757,misdemeanor,property,2018-12-04,600,2594291,41.0958904109589,M,White,2018-12-04,0.0,0.0,0,0.0,0
2588,1478,80568,7916568,misdemeanor,violent,2015-09-27,27,6577689,38.68219178082192,M,Black,2016-10-01,-370.0,0.0,0,0.0,1
667,2474,24904,5207698,misdemeanor,drug,2017-09-11,992,5971420,26.78904109589041,F,White,2017-03-26,-1.0,0.0,0,0.0,0
6030,5703,1779141,7664867,misdemeanor,other,2015-12-11,998,7500144,61.42191780821918,M,White,2016-02-05,-9.0,0.0,0,0.0,0
2994,3549,92636,1851482,misdemeanor,property,2019-04-21,896,5155920,56.05479452054794,M,Black,2017-09-19,-3.0,0.0,0,0.0,0
5667,2148,1309509,9465112,misdemeanor,property,2014-05-12,754,2495644,31.46849315068493,M,White,2018-12-24,-69.0,41.0,0,0.0,0
6314,5605,2880571,3659989,misdemeanor,property,2018-06-04,420,3659989,69.21369863013699,F,White,2018-06-04,41.0,381.0,0,0.0,0
1087,3825,33253,9863287,felony,property,2013-12-24,649,4284534,24.306849315068494,M,Black,2018-02-25,233.0,0.0,1,0.0,0
5156,3363,1072559,10494132,misdemeanor,other,2013-05-29,467,6845142,55.02739726027397,M,White,2016-07-15,-2337.0,0.0,0,0.0,0
805,6394,26596,7621421,misdemeanor,other,2015-12-25,137,7370720,46.40547945205479,M,mixed,2016-03-09,277.0,0.0,0,0.0,0
6465,5499,3370039,6056862,misdemeanor,other,2020-09-22,572,5339587,79.18082191780822,M,White,2017-08-17,2563.0,0.0,0,0.0,0
352,6269,13178,1769098,felony,drug,2020-06-06,363,6641052,20.01095890410959,M,Black,2016-09-13,-25.0,0.0,1,0.0,5
5770,2881,1448386,11566425,misdemeanor,property,2012-05-15,1,5958672,44.989041095890414,M,Black,2017-03-29,36.0,0.0,0,0.0,0
2142,369,69085,4131834,misdemeanor,drug,2018-03-23,749,4131834,48.67671232876712,M,White,2018-03-23,91.0,27.0,0,0.0,0
2701,36,83127,5610051,misdemeanor,drug,2017-06-20,890,6186016,21.172602739726027,M,Black,2017-01-28,-711.0,461.0,0,0.0,0
1428,690,49237,6341013,misdemeanor,violent,2016-12-13,96,6507127,20.09041095890411,M,Black,2016-10-22,-548.0,709.0,0,0.0,0
6305,5618,2871747,877489,misdemeanor,other,2019-10-03,658,6601849,53.79726027397261,M,Black,2016-09-23,476.0,0.0,0,0.0,0
3065,6048,92826,6037598,misdemeanor,other,2017-03-07,746,6037598,40.84657534246576,M,Black,2017-03-07,26.0,0.0,0,0.0,0
5336,5111,1127005,11283036,misdemeanor,other,2012-08-18,234,3052452,52.342465753424655,M,White,2018-09-08,-1334.0,0.0,0,0.0,0
5621,5477,1307676,3827035,misdemeanor,other,2018-05-03,383,6704112,35.09315068493151,M,White,2016-08-26,-441.0,0.0,0,0.0,0
3984,3870,416390,6349926,misdemeanor,other,2016-12-12,291,6349926,17.438356164383563,M,Black,2016-12-12,-563.0,5335.0,0,0.0,1
1217,5808,41664,6659636,felony,drug,2016-09-08,747,6659636,31.375342465753423,F,White,2016-09-08,-96.0,0.0,1,0.0,1
96,1821,4741,4740711,misdemeanor,property,2017-11-28,421,4609251,33.49589041095891,M,White,2017-12-21,197.0,0.0,0,0.0,0
3847,467,342986,8101147,felony,violent,2015-07-31,427,3234875,50.80821917808219,M,Black,2018-08-02,64.0,0.0,1,0.0,2
4190,3668,586087,10241437,misdemeanor,drug,2013-08-22,301,4497239,31.265753424657536,M,Black,2018-01-17,-2368.0,0.0,0,0.0,0
6297,4161,2871747,5853111,misdemeanor,property,2017-04-23,658,6601849,53.79726027397261,M,Black,2016-09-23,-753.0,0.0,0,0.0,0
1760,12,57529,11571593,felony,violent,2012-05-13,153,7224958,25.56438356164384,M,Black,2016-04-17,-906.0,264.0,0,0.0,0
5704,4033,1348192,1790885,misdemeanor,other,2019-05-02,966,5474682,19.54520547945205,M,Black,2017-07-21,440.0,0.0,0,0.0,0
438,341,15340,5895654,misdemeanor,drug,2017-04-12,237,5697246,39.5972602739726,M,White,2017-05-31,1628.0,163.0,0,0.0,0
2773,802,84410,5892654,felony,drug,2017-04-13,517,5974264,42.84109589041096,F,Black,2017-03-24,1722.0,0.0,0,0.0,0
3758,622,336042,9065112,misdemeanor,other,2014-09-12,610,5170311,55.30684931506849,M,White,2017-09-15,-2.0,0.0,0,0.0,0
456,5773,15340,10702888,misdemeanor,other,2013-03-16,237,5697246,39.5972602739726,M,White,2017-05-31,-2419.0,0.0,0,0.0,0
4177,3662,570963,11424142,misdemeanor,violent,2012-06-30,428,6165914,40.92328767123288,M,Black,2017-02-03,-217.0,15126.0,0,0.0,0
1061,4110,32779,9652732,misdemeanor,drug,2014-03-10,261,6049457,27.38082191780822,M,Black,2017-03-03,-2362.0,0.0,0,0.0,1
2767,1666,84199,10576507,felony,property,2013-04-29,553,7563283,22.12054794520548,M,Black,2016-01-14,-1633.0,0.0,0,0.0,0
3786,261,339988,11282296,misdemeanor,property,2012-08-18,139,5998375,56.57534246575342,M,,2017-03-17,-2291.0,1946.0,0,0.0,0
1601,472,54289,6604040,misdemeanor,violent,2016-09-22,243,7266260,51.58082191780822,M,,2016-04-06,169.0,0.0,0,0.0,0
4786,930,990237,7348621,misdemeanor,drug,2016-03-15,854,4452127,21.10958904109589,F,Black,2018-01-24,-261.0,540.0,0,0.0,0
82,3046,3909,6211284,misdemeanor,property,2017-01-23,935,6370773,47.17260273972602,M,White,2016-12-01,987.0,0.0,0,0.0,3
1282,1767,44351,6473685,misdemeanor,other,2016-11-02,262,4130120,27.8054794520548,F,Black,2018-03-24,-1091.0,192.0,0,0.0,0
5535,4988,1289480,2088008,misdemeanor,drug,2019-03-11,426,5232571,43.96438356164384,F,White,2017-09-07,494.0,0.0,0,0.0,0
4195,6171,586087,3914179,misdemeanor,drug,2018-04-18,301,4497239,31.265753424657536,M,Black,2018-01-17,-941.0,0.0,0,0.0,0
2086,484,68213,2888867,misdemeanor,other,2018-10-09,284,4612496,54.00547945205479,F,Black,2017-12-20,1300.0,92.0,0,0.0,0
4212,3852,670471,7664674,misdemeanor,other,2015-12-11,384,5339923,31.03013698630137,F,Black,2017-08-17,-683.0,0.0,0,0.0,1
6114,568,2143682,7234808,misdemeanor,violent,2016-04-14,646,5014497,54.484931506849314,M,White,2017-10-14,666.0,0.0,0,0.0,0
4890,1624,1009164,981078,misdemeanor,property,2019-09-13,804,7293010,26.153424657534245,M,Black,2016-03-30,1262.0,0.0,0,0.0,0
1260,3225,43443,3450510,misdemeanor,violent,2018-07-12,378,5150392,20.756164383561643,M,Black,2017-09-20,295.0,0.0,0,0.0,1
4731,1687,971359,8372902,felony,violent,2015-05-06,66,6234841,30.63287671232877,M,White,2017-01-15,340.0,0.0,1,0.0,0
4984,3366,1055158,7763889,misdemeanor,violent,2015-11-13,222,7157820,36.14520547945205,M,White,2016-05-06,1401.0,0.0,0,0.0,0
799,6385,26596,9191131,misdemeanor,other,2014-08-04,137,7370720,46.40547945205479,M,mixed,2016-03-09,178.0,0.0,0,0.0,0
5753,194,1439871,8121436,felony,property,2015-07-26,835,7030740,30.698630136986303,M,White,2016-05-20,491.0,0.0,0,0.0,0
2674,4781,82486,7467570,felony,other,2016-02-12,186,5256465,25.63013698630137,M,Black,2017-09-01,-767.0,0.0,0,0.0,3
3521,5357,253477,4495098,misdemeanor,other,2018-01-17,970,7019251,51.3013698630137,M,White,2016-05-24,720.0,0.0,0,0.0,0
642,2392,24391,5319741,misdemeanor,drug,2017-08-21,203,5319741,32.3013698630137,M,Black,2017-08-21,-65.0,0.0,0,0.0,0
1283,1881,44351,1345576,misdemeanor,property,2019-07-05,262,4130120,27.8054794520548,F,Black,2018-03-24,975.0,0.0,0,0.0,0
1731,1164,57158,8369077,misdemeanor,violent,2015-05-07,168,3882249,29.983561643835618,M,Black,2018-04-23,607.0,0.0,0,0.0,0
4666,899,951591,10130053,misdemeanor,violent,2013-09-29,30,5053353,26.58356164383561,M,Black,2017-10-06,-481.0,8745.0,0,0.0,0
5834,5156,1509614,7369356,misdemeanor,property,2016-03-09,424,7369356,52.19178082191781,M,White,2016-03-09,-409.0,0.0,0,0.0,0
3630,6091,316053,9927124,misdemeanor,other,2013-12-07,353,5560634,41.33698630136986,F,White,2017-07-03,-490.0,0.0,0,0.0,0
1370,719,47273,10771404,felony,violent,2013-02-20,621,7465597,23.38082191780822,M,Black,2016-02-13,78.0,0.0,1,0.0,0
5696,4149,1337603,6591677,misdemeanor,property,2016-09-27,763,7000981,24.95068493150685,F,mixed,2016-05-31,74.0,0.0,0,0.0,0
473,443,15353,8101112,misdemeanor,violent,2015-07-31,560,3039691,34.391780821917806,F,White,2018-09-11,-78.0,0.0,0,0.0,3
5119,160,1065717,5191915,misdemeanor,drug,2017-09-12,12,12005804,29.301369863013697,F,White,2018-05-25,-246.0,169.0,0,0.0,0
5502,454,1256556,10235226,felony,violent,2013-08-23,254,6931649,20.413698630136988,M,White,2016-06-20,-1768.0,2819.0,0,0.0,0
2302,5634,74595,8677716,misdemeanor,drug,2020-11-19,148,2568623,38.24109589041096,M,Black,2018-12-10,399.0,0.0,0,0.0,0
4560,1258,912191,6256443,felony,other,2017-01-09,454,5560929,34.93698630136986,M,Black,2017-07-03,560.0,0.0,0,0.0,1
5297,1305,1117726,9119629,misdemeanor,drug,2014-08-27,519,7288288,50.95616438356164,M,Black,2016-03-31,811.0,0.0,0,0.0,0
3351,3790,207810,2415965,misdemeanor,other,2019-01-10,511,3739546,27.51780821917808,M,Black,2018-05-20,-143.0,0.0,0,0.0,0
3517,5353,253477,7019251,misdemeanor,other,2016-05-24,970,7019251,51.3013698630137,M,White,2016-05-24,153.0,0.0,0,0.0,0
1205,1625,40226,1250409,misdemeanor,property,2019-07-23,206,3212729,31.235616438356164,M,Black,2018-08-07,0.0,0.0,0,0.0,0
3776,4657,336042,4266214,felony,violent,2018-02-27,610,5170311,55.30684931506849,M,White,2017-09-15,389.0,0.0,0,0.0,0
1267,4165,43838,2693282,misdemeanor,violent,2018-11-15,34,4301105,25.852054794520548,M,Black,2018-02-21,267.0,0.0,0,0.0,1
3342,6093,206826,10205166,misdemeanor,other,2013-09-04,782,6892253,37.24109589041096,M,Black,2016-07-03,-4.0,0.0,0,0.0,0
1018,5401,29538,8802435,misdemeanor,other,2014-12-16,756,4502396,35.553424657534244,M,Black,2018-01-16,704.0,0.0,0,0.0,1
57,1150,2778,8078126,misdemeanor,drug,2015-08-08,35,4871957,29.649315068493152,M,mixed,2017-11-05,-815.0,0.0,0,0.0,0
1830,1097,59578,10341556,felony,drug,2013-07-19,480,7422471,39.63835616438356,M,Black,2016-02-23,102.0,0.0,1,0.0,1
5500,6264,1253737,2725809,misdemeanor,other,2018-11-08,582,2725809,44.03013698630137,M,White,2018-11-08,-138.0,0.0,0,0.0,0
4363,3311,847667,1663362,misdemeanor,violent,2019-05-09,569,5564259,32.27945205479452,F,Black,2017-07-03,1022.0,0.0,0,0.0,0
964,2505,27924,9669614,misdemeanor,property,2014-03-04,302,6822812,20.48219178082192,M,White,2016-07-21,-262.0,0.0,0,0.0,0
1393,477,48080,3552281,felony,property,2018-06-22,512,6445341,38.95890410958904,M,Black,2016-11-11,-147.0,0.0,1,0.0,0
5193,5948,1072559,764242,misdemeanor,other,2019-10-28,467,6845142,55.02739726027397,M,White,2016-07-15,19.0,0.0,0,0.0,0
5030,3026,1060589,1541493,felony,other,2019-05-29,199,4941565,28.134246575342463,M,Black,2017-10-27,-98.0,0.0,1,0.0,2
440,2279,15340,5697246,misdemeanor,property,2017-05-31,237,5697246,39.5972602739726,M,White,2017-05-31,33.0,0.0,0,0.0,0
3237,3567,126282,10294030,misdemeanor,other,2013-08-06,3,3573863,36.465753424657535,M,Black,2018-06-20,-2130.0,0.0,0,0.0,0
5354,5173,1127005,8372892,misdemeanor,other,2015-05-06,234,3052452,52.342465753424655,M,White,2018-09-08,-107.0,0.0,0,0.0,0
469,5787,15340,10702898,misdemeanor,other,2013-03-16,237,5697246,39.5972602739726,M,White,2017-05-31,0.0,0.0,0,0.0,0
4268,6349,720250,10935,felony,violent,2020-05-04,884,5705381,31.14246575342466,M,Black,2017-05-30,1070.0,0.0,0,0.0,1
4432,2677,883909,5188396,misdemeanor,property,2017-09-13,895,5296171,31.32602739726028,F,White,2017-08-25,178.0,7.0,0,0.0,1
1888,2256,63048,5974822,misdemeanor,property,2017-03-24,631,6194431,26.27671232876712,F,White,2017-01-26,-472.0,608.0,0,0.0,0
219,84,9044,4738877,felony,drug,2017-11-28,715,3076203,21.186301369863013,M,Black,2018-09-04,-198.0,41.0,0,0.0,0
697,2472,25238,4890291,misdemeanor,other,2017-11-01,595,6595530,20.353424657534248,M,White,2016-09-26,-51.0,128.0,0,0.0,0
2959,3435,92636,9294049,misdemeanor,property,2014-07-01,896,5155920,56.05479452054794,M,Black,2017-09-19,-62.0,0.0,0,0.0,0
6231,5835,2559192,5519404,misdemeanor,other,2017-07-12,694,6055237,65.05205479452054,M,Black,2017-03-02,1010.0,0.0,0,0.0,0
4256,4263,720250,3199201,misdemeanor,other,2018-08-09,884,5705381,31.14246575342466,M,Black,2017-05-30,129.0,0.0,0,0.0,1
193,1972,8778,8288340,felony,violent,2015-06-04,827,7307141,34.32876712328767,M,Black,2016-03-26,-716.0,0.0,0,0.0,3
4699,1256,960846,6256563,misdemeanor,property,2017-01-09,764,5919982,26.92328767123288,F,Black,2017-04-06,-87.0,0.0,0,0.0,0
3669,398,320631,10104618,misdemeanor,drug,2020-12-19,996,6305418,31.63013698630137,M,Black,2016-12-23,1343.0,0.0,0,0.0,0
4512,4854,910635,10405551,misdemeanor,other,2013-06-27,841,4973877,61.01643835616439,M,Black,2017-10-22,88.0,0.0,0,0.0,0
4261,4313,720250,8621095,misdemeanor,drug,2015-02-13,884,5705381,31.14246575342466,M,Black,2017-05-30,-40.0,0.0,0,0.0,1
1133,6360,34814,1029597,felony,property,2019-09-05,663,4664272,19.378082191780823,M,,2017-12-11,420.0,0.0,0,1.0,0
6181,3278,2456906,6639316,misdemeanor,drug,2016-09-14,728,6639316,22.794520547945204,F,White,2016-09-14,202.0,0.0,0,0.0,0
3242,4571,126282,4406759,misdemeanor,drug,2018-02-01,3,3573863,36.465753424657535,M,Black,2018-06-20,-256.0,0.0,0,0.0,0
703,5427,25238,5576105,misdemeanor,drug,2017-06-29,595,6595530,20.353424657534248,M,White,2016-09-26,136.0,0.0,0,0.0,0
2554,3197,79198,3577605,misdemeanor,property,2018-06-20,813,3433327,28.265753424657536,M,White,2018-07-15,-25.0,0.0,0,0.0,2
2411,5578,76733,4839171,misdemeanor,drug,2017-11-12,48,4573842,27.47945205479452,F,White,2017-12-30,-39.0,0.0,0,0.0,0
1485,1592,50827,7450983,felony,drug,2016-02-18,716,5665899,21.778082191780825,M,Black,2017-06-08,754.0,0.0,0,0.0,3
2932,4326,91883,7408614,felony,other,2016-02-27,903,7408614,25.14246575342466,F,Black,2016-02-27,-1152.0,0.0,0,0.0,0
4397,3211,860034,4444008,misdemeanor,property,2018-01-26,530,4689683,41.83287671232877,M,Black,2017-12-06,51.0,0.0,0,0.0,0
5226,3305,1103608,4541881,misdemeanor,drug,2018-01-09,464,4541881,27.410958904109588,F,White,2018-01-09,-818.0,0.0,0,0.0,0
5499,5237,1253737,1998098,misdemeanor,property,2019-03-26,582,2725809,44.03013698630137,M,White,2018-11-08,798.0,1968.0,0,0.0,0
6138,2760,2293944,8114808,misdemeanor,property,2015-07-28,555,5847419,38.96712328767124,M,Other,2017-04-25,-144.0,0.0,0,0.0,0
6466,5513,3370039,5339587,misdemeanor,other,2017-08-17,572,5339587,79.18082191780822,M,White,2017-08-17,-1132.0,0.0,0,0.0,0
3759,681,336042,1787777,misdemeanor,other,2019-05-02,610,5170311,55.30684931506849,M,White,2017-09-15,1693.0,0.0,0,0.0,0
4906,986,1012253,5965226,misdemeanor,violent,2017-03-27,661,5965226,25.04383561643836,F,Black,2017-03-27,-270.0,28.0,0,0.0,0
5496,2016,1250624,5982356,misdemeanor,violent,2017-03-22,602,5982356,24.66849315068493,F,Black,2017-03-22,-350.0,0.0,0,0.0,0
1157,6408,35320,8199158,misdemeanor,other,2015-07-03,544,3607980,24.339726027397266,M,Black,2018-06-13,-5.0,0.0,0,0.0,2
6329,5574,2946289,4577434,misdemeanor,other,2017-12-29,689,4577434,24.71232876712329,M,White,2017-12-29,598.0,7751.0,0,0.0,0
4940,1051,1039827,2165338,misdemeanor,other,2019-02-26,361,3839724,22.438356164383563,M,Black,2018-05-01,336.0,12165.0,0,0.0,0
4452,1404,908756,7004085,misdemeanor,violent,2016-05-29,350,7027943,35.915068493150685,M,Black,2016-05-21,0.0,0.0,0,0.0,0
3157,3671,103801,10881298,misdemeanor,violent,2013-01-11,997,7470210,22.88219178082192,M,Black,2016-02-12,222.0,0.0,0,0.0,0
2824,1264,85529,2794784,felony,drug,2018-10-26,734,6161824,19.575342465753423,M,Black,2017-02-04,629.0,0.0,0,0.0,2
2006,375,66046,3051221,felony,violent,2018-09-09,909,5057571,24.473972602739725,M,Black,2017-10-06,-176.0,0.0,1,0.0,0
6350,6316,3054529,3242748,felony,violent,2018-08-01,344,3242748,21.95342465753425,M,Black,2018-08-01,977.0,0.0,0,1.0,0
3095,3522,98350,4251992,misdemeanor,violent,2018-03-02,183,4251991,53.772602739726025,M,Black,2018-03-02,505.0,0.0,0,0.0,1
1315,2336,46047,9662198,misdemeanor,property,2014-03-06,334,7023735,31.136986301369863,M,White,2016-05-23,-1608.0,434.0,0,0.0,0
4267,6301,720250,5705380,misdemeanor,other,2017-05-30,884,5705381,31.14246575342466,M,Black,2017-05-30,-978.0,0.0,0,0.0,1
4695,4783,960754,5765645,felony,drug,2017-05-16,862,7408280,23.98630136986301,M,Black,2016-02-27,444.0,0.0,0,1.0,0
1906,6176,63188,2683161,misdemeanor,other,2018-11-17,990,5775746,18.78904109589041,M,Black,2017-05-14,-612.0,0.0,0,0.0,0
2574,774,80524,6886238,felony,violent,2016-07-05,828,6978316,38.4,M,Black,2016-06-06,220.0,515.0,0,0.0,5
5271,3083,1114653,28242622,felony,violent,2012-09-07,78,3399268,39.16712328767123,M,Black,2018-07-20,-1965.0,640.0,0,0.0,0
755,4351,26152,5111103,misdemeanor,violent,2017-09-27,671,4957370,27.528767123287672,M,Black,2017-10-24,596.0,0.0,0,0.0,1
4121,6157,539268,3225255,misdemeanor,other,2018-08-05,626,3993384,44.24383561643835,M,White,2018-04-05,0.0,0.0,0,0.0,0
4455,4905,908756,2899978,misdemeanor,other,2018-10-08,350,7027943,35.915068493150685,M,Black,2016-05-21,2211.0,0.0,0,0.0,0
1142,4169,35320,3607980,felony,violent,2018-06-13,544,3607980,24.339726027397266,M,Black,2018-06-13,1899.0,0.0,0,1.0,2
436,2586,15177,5497906,felony,violent,2017-07-17,331,5497906,40.90958904109589,M,Black,2017-07-17,-163.0,0.0,1,0.0,1
3829,4627,339988,10876766,misdemeanor,other,2013-01-11,139,5998375,56.57534246575342,M,,2017-03-17,123.0,0.0,0,0.0,0
919,6431,27558,6534870,misdemeanor,other,2016-10-15,54,4448872,37.512328767123286,M,Black,2018-01-25,397.0,0.0,0,0.0,1
3279,6107,162419,9586773,misdemeanor,other,2014-04-01,329,7017218,33.38082191780822,M,Black,2016-05-25,-120.0,0.0,0,0.0,0
4961,2394,1052139,2665129,misdemeanor,property,2018-11-20,891,6537189,48.367123287671234,M,White,2016-10-14,1166.0,0.0,0,0.0,0
5511,5213,1268621,1393104,misdemeanor,other,2019-06-26,193,6783898,50.276712328767125,M,White,2016-08-03,172.0,12065.0,0,0.0,0
3199,6379,115414,10373929,misdemeanor,other,2013-07-09,557,2907915,26.78356164383561,M,,2018-10-05,-18.0,0.0,0,0.0,0
4457,4913,908756,3665026,misdemeanor,other,2018-06-02,350,7027943,35.915068493150685,M,Black,2016-05-21,-1.0,0.0,0,0.0,0
1839,1540,60273,10435090,misdemeanor,violent,2013-06-17,360,7509640,21.56438356164384,F,Black,2016-02-02,-88.0,0.0,0,0.0,0
5259,5846,1113786,3952684,felony,other,2018-04-12,620,7061405,21.46027397260274,F,Black,2016-05-13,1852.0,0.0,0,0.0,1
5697,669,1343831,4548723,misdemeanor,property,2018-01-07,706,4548723,45.35342465753425,F,White,2018-01-07,467.0,6228.0,0,0.0,0
4721,809,961819,5796914,misdemeanor,violent,2017-05-08,849,4667298,38.298630136986304,M,Black,2017-12-10,-515.0,625.0,0,0.0,0
1201,504,40226,13581079,misdemeanor,other,2012-05-29,206,3212729,31.235616438356164,M,Black,2018-08-07,-1200.0,0.0,0,0.0,0
4641,1452,935128,11257917,misdemeanor,property,2012-08-27,375,6156149,48.56712328767123,F,Black,2017-02-06,-1884.0,0.0,0,0.0,0
6153,2788,2293944,6326138,misdemeanor,property,2016-12-17,555,5847419,38.96712328767124,M,Other,2017-04-25,-9.0,0.0,0,0.0,0
4405,3246,861665,2791571,misdemeanor,property,2018-10-29,333,5132759,34.63835616438356,M,Black,2017-09-23,1329.0,1631.0,0,0.0,0
2699,1183,82666,7394502,misdemeanor,property,2016-03-02,295,7394502,43.78356164383562,M,Black,2016-03-02,256.0,0.0,0,0.0,0
4974,3391,1055115,11440963,felony,property,2012-06-25,226,7371681,57.56164383561644,M,White,2016-03-09,-1353.0,0.0,0,0.0,1
2632,4726,81823,472314,misdemeanor,other,2019-12-26,809,3806430,34.8986301369863,M,,2018-05-07,1613.0,0.0,0,0.0,0
5518,5230,1273296,4501073,misdemeanor,property,2018-01-16,666,6762675,28.167123287671235,F,White,2016-08-10,210.0,0.0,0,0.0,0
1988,5932,65834,5660831,misdemeanor,other,2017-06-10,485,5660831,20.065753424657533,M,Black,2017-06-10,-2.0,0.0,0,0.0,1
4375,3269,847994,7311479,misdemeanor,violent,2016-03-25,156,7311479,25.2986301369863,M,Black,2016-03-25,687.0,0.0,0,0.0,0
4056,297,512354,7388658,felony,property,2016-03-03,157,7388658,55.52328767123288,F,White,2016-03-03,-177.0,1117.0,0,1.0,0
890,6101,27382,9667837,misdemeanor,other,2014-03-05,75,7381538,26.56438356164384,M,Black,2016-03-07,-1753.0,0.0,0,0.0,0
3593,5279,301613,4043787,misdemeanor,drug,2020-07-27,834,5513065,20.295890410958904,M,Black,2017-07-13,556.0,0.0,0,0.0,0
2490,126,78820,11999660,misdemeanor,violent,2018-05-30,899,4003633,34.16164383561644,F,White,2018-04-03,0.0,0.0,0,0.0,0
4016,410,474178,7888850,misdemeanor,drug,2015-10-06,213,5597498,28.304109589041097,M,White,2017-06-23,-341.0,17281.0,0,0.0,0
2496,2179,78880,5832719,misdemeanor,drug,2017-04-28,315,6671790,52.02465753424657,M,Black,2016-09-04,67.0,0.0,0,0.0,2
5716,5821,1354979,10824059,misdemeanor,drug,2013-02-01,509,7473272,34.85479452054795,F,White,2016-02-11,0.0,0.0,0,0.0,0
3632,6199,316053,10888043,felony,property,2013-01-09,353,5560634,41.33698630136986,F,White,2017-07-03,1.0,0.0,1,0.0,0
1570,788,51883,6320789,misdemeanor,violent,2016-12-19,752,5828497,25.980821917808218,M,mixed,2017-04-30,1532.0,0.0,0,0.0,0
3627,3860,316053,7947411,misdemeanor,drug,2015-09-17,353,5560634,41.33698630136986,F,White,2017-07-03,154.0,0.0,0,0.0,0
5651,2670,1309027,6938320,misdemeanor,drug,2016-06-17,708,3066846,33.394520547945206,M,White,2018-09-06,442.0,0.0,0,0.0,0
3390,2932,222575,9130033,misdemeanor,drug,2014-08-25,195,6681053,22.824657534246576,M,Black,2016-09-01,-601.0,0.0,0,0.0,0
2859,3206,88417,157302,felony,drug,2020-03-02,513,2485784,33.558904109589044,M,Black,2018-12-26,-268.0,0.0,1,0.0,1
282,1418,10237,6104448,misdemeanor,violent,2017-02-16,516,3013712,26.4986301369863,M,Black,2018-09-16,964.0,0.0,0,0.0,0
791,6370,26596,11605825,misdemeanor,other,2012-05-01,137,7370720,46.40547945205479,M,mixed,2016-03-09,-88.0,0.0,0,0.0,0
4885,1469,1009164,9137346,misdemeanor,drug,2014-08-21,804,7293010,26.153424657534245,M,Black,2016-03-30,-75.0,0.0,0,0.0,0
3679,4021,320631,6270658,felony,property,2017-01-06,996,6305418,31.63013698630137,M,Black,2016-12-23,-126.0,0.0,1,0.0,0
1244,5288,42402,6332623,misdemeanor,other,2016-12-15,476,6701778,32.106849315068494,M,White,2016-08-27,0.0,0.0,0,0.0,0
2059,4424,67140,1037837,felony,drug,2019-09-04,204,5670555,29.33150684931507,M,Black,2017-06-07,734.0,0.0,0,0.0,2
1067,4595,32779,8571279,misdemeanor,other,2015-03-03,261,6049457,27.38082191780822,M,Black,2017-03-03,12.0,0.0,0,0.0,1
3395,6016,222575,6681053,misdemeanor,property,2016-09-01,195,6681053,22.824657534246576,M,Black,2016-09-01,738.0,0.0,0,0.0,0
3761,1598,336042,5254185,misdemeanor,other,2017-09-02,610,5170311,55.30684931506849,M,White,2017-09-15,-541.0,0.0,0,0.0,0
1382,4772,47273,7402013,felony,drug,2016-02-29,621,7465597,23.38082191780822,M,Black,2016-02-13,601.0,0.0,0,0.0,0
2947,6094,92254,10224652,misdemeanor,drug,2013-08-28,413,4354694,25.13150684931507,M,Black,2018-02-11,-2291.0,0.0,0,0.0,0
4684,5186,953314,5373998,misdemeanor,other,2017-08-10,800,5373998,23.87123287671233,M,White,2017-08-10,1265.0,0.0,0,0.0,0
4593,1070,920520,11300649,misdemeanor,drug,2012-08-13,604,6577694,48.33698630136986,F,Black,2016-10-01,-2554.0,870.0,0,0.0,0
3085,3846,94941,7915552,misdemeanor,property,2015-09-28,272,4434854,25.70958904109589,M,Black,2018-01-28,1061.0,0.0,0,0.0,0
3547,3521,260781,3059137,felony,violent,2018-09-07,589,3059137,19.3972602739726,M,Black,2018-09-07,181.0,1725.0,0,0.0,0
1929,5685,63935,2842028,misdemeanor,property,2018-10-18,341,7021379,29.64109589041096,F,White,2016-05-24,591.0,0.0,0,0.0,1
3074,3574,93743,8884967,misdemeanor,other,2014-11-17,640,7392722,22.873972602739727,M,Black,2016-03-03,420.0,0.0,0,0.0,0
743,4206,26152,9191132,misdemeanor,property,2014-08-04,671,4957370,27.528767123287672,M,Black,2017-10-24,-83.0,0.0,0,0.0,1
907,4233,27558,6802137,misdemeanor,property,2016-07-28,54,4448872,37.512328767123286,M,Black,2018-01-25,-93.0,0.0,0,0.0,1
253,1368,10066,9195596,felony,drug,2014-08-01,36,7398258,45.61917808219178,M,Black,2016-03-01,756.0,543.0,0,0.0,0
5457,2303,1205282,9153014,misdemeanor,drug,2014-08-16,247,6223364,29.28767123287671,F,White,2017-01-18,-31.0,0.0,0,0.0,0
5023,2978,1060589,9139721,misdemeanor,property,2014-08-21,199,4941565,28.134246575342463,M,Black,2017-10-27,-1947.0,855.0,0,0.0,2
969,2581,27924,5811082,misdemeanor,property,2017-05-04,302,6822812,20.48219178082192,M,White,2016-07-21,305.0,0.0,0,0.0,0
4097,2541,539268,1194329,misdemeanor,property,2019-08-04,626,3993384,44.24383561643835,M,White,2018-04-05,39.0,0.0,0,0.0,0
346,5048,13178,4260175,misdemeanor,drug,2018-02-28,363,6641052,20.01095890410959,M,Black,2016-09-13,1127.0,0.0,0,0.0,5
396,141,14773,6741334,misdemeanor,property,2016-08-15,792,6072762,28.04383561643836,M,White,2017-02-25,525.0,0.0,0,0.0,1
2909,6287,91718,5705460,misdemeanor,other,2017-05-30,25,6028961,29.572602739726022,M,Black,2017-03-09,355.0,0.0,0,0.0,0
2506,89,79024,4486337,misdemeanor,property,2018-01-18,52,6759183,37.75616438356165,M,Black,2016-08-10,510.0,0.0,0,0.0,0
1908,421,63935,6724283,misdemeanor,property,2016-08-20,341,7021379,29.64109589041096,F,White,2016-05-24,-267.0,747.0,0,0.0,1
2081,3911,67939,5475688,misdemeanor,drug,2017-07-21,707,5475688,60.42191780821918,M,Black,2017-07-21,50.0,0.0,0,0.0,0
4899,5189,1009164,4802692,misdemeanor,other,2017-11-17,804,7293010,26.153424657534245,M,Black,2016-03-30,66.0,0.0,0,0.0,0
606,2406,22194,2384091,misdemeanor,property,2019-01-16,820,4884956,37.95616438356164,F,White,2017-11-02,104.0,0.0,0,0.0,0
1710,1398,56452,6554654,felony,property,2016-10-09,411,6237431,56.37808219178082,M,Black,2017-01-13,-96.0,0.0,1,0.0,1
4449,1382,908756,8258230,misdemeanor,drug,2015-06-12,350,7027943,35.915068493150685,M,Black,2016-05-21,-477.0,0.0,0,0.0,0
3534,4009,258315,8709407,felony,property,2015-01-20,11,3168313,37.42191780821918,M,,2018-08-18,-1187.0,1434.0,0,0.0,0
121,1802,4981,8302464,misdemeanor,property,2015-05-30,925,6982985,37.38082191780822,M,White,2016-06-05,-1470.0,0.0,0,0.0,1
5911,3005,1602754,8209655,misdemeanor,property,2015-06-30,866,7539079,32.87123287671233,F,Black,2016-01-21,39.0,0.0,0,0.0,0
1986,476,65834,2830864,felony,property,2018-10-19,485,5660831,20.065753424657533,M,Black,2017-06-10,49.0,0.0,1,1.0,1
3809,567,339988,6330750,misdemeanor,property,2016-12-15,139,5998375,56.57534246575342,M,,2017-03-17,218.0,0.0,0,0.0,0
4350,5766,844881,427772,misdemeanor,other,2020-01-07,938,2939914,22.983561643835618,M,White,2018-09-30,540.0,0.0,0,0.0,0
4354,5871,845123,5118933,misdemeanor,other,2017-09-26,241,5413918,46.97260273972603,M,Black,2017-08-03,54.0,0.0,0,0.0,0
5475,2316,1241445,5999816,misdemeanor,property,2017-03-17,732,6213037,27.578082191780823,M,White,2017-01-21,55.0,0.0,0,0.0,0
5784,81,1465404,6585774,misdemeanor,violent,2016-09-28,448,6759197,27.92602739726028,M,White,2016-08-10,-4.0,2155.0,0,0.0,0
5746,139,1439871,6603878,misdemeanor,drug,2016-09-22,835,7030740,30.698630136986303,M,White,2016-05-20,20.0,0.0,0,0.0,0
1094,4114,33253,9315925,misdemeanor,property,2014-06-24,649,4284534,24.306849315068494,M,Black,2018-02-25,-3.0,0.0,0,0.0,0
4578,1450,915957,11472157,misdemeanor,drug,2012-06-13,70,7206185,48.07671232876712,M,mixed,2016-04-21,-104.0,0.0,0,0.0,0
4618,1280,929734,893243,misdemeanor,property,2019-09-30,297,2971473,40.465753424657535,M,White,2018-09-24,351.0,0.0,0,0.0,0
1288,5079,44351,96997,misdemeanor,drug,2020-03-12,262,4130120,27.8054794520548,F,Black,2018-03-24,542.0,0.0,0,0.0,0
3235,3502,126282,4762793,misdemeanor,property,2017-11-24,3,3573863,36.465753424657535,M,Black,2018-06-20,1386.0,0.0,0,0.0,0
3179,3563,113657,11150684,misdemeanor,other,2012-10-03,814,6607334,23.334246575342465,M,Black,2016-09-22,-205.0,1512.0,0,0.0,0
6493,6439,3462861,6676950,misdemeanor,other,2016-09-02,92,6676950,71.27123287671233,M,Black,2016-09-02,171.0,0.0,0,0.0,0
3365,5482,212874,10419189,misdemeanor,other,2013-06-23,250,7184393,41.35068493150685,M,mixed,2016-04-29,-519.0,0.0,0,0.0,1
5853,5053,1518060,3155870,misdemeanor,drug,2018-08-20,5,3476358,22.797260273972604,M,Black,2018-07-07,976.0,0.0,0,0.0,1
3629,3868,316053,8452096,felony,violent,2015-04-11,353,5560634,41.33698630136986,F,White,2017-07-03,-71.0,0.0,1,0.0,0
1051,5293,32255,7375235,misdemeanor,other,2016-03-08,984,5773028,42.42191780821918,F,White,2017-05-15,-435.0,0.0,0,0.0,1
1857,4753,60347,8839762,felony,drug,2014-12-02,463,3372243,44.915068493150685,M,Black,2018-07-25,-1181.0,0.0,0,0.0,3
5150,3355,1072559,3860898,misdemeanor,property,2018-04-27,467,6845142,55.02739726027397,M,White,2016-07-15,-32.0,0.0,0,0.0,0
2472,133,78786,9833720,misdemeanor,property,2014-01-03,479,6645202,24.15068493150685,M,White,2016-09-12,-67.0,0.0,0,0.0,2
3529,6259,253477,7565614,misdemeanor,other,2016-01-14,970,7019251,51.3013698630137,M,White,2016-05-24,-6.0,0.0,0,0.0,0
4140,3701,540780,6455123,misdemeanor,violent,2016-11-09,684,6455123,32.47671232876712,F,Black,2016-11-09,-65.0,61.0,0,0.0,0
3640,4541,318135,6935981,felony,other,2016-06-17,995,6935981,34.8054794520548,M,White,2016-06-17,-448.0,0.0,0,0.0,1
5582,5599,1301492,3262072,misdemeanor,property,2018-07-28,910,4810567,26.76438356164384,M,Black,2017-11-16,53.0,0.0,0,0.0,1
1153,6326,35320,4183612,felony,violent,2018-03-14,544,3607980,24.339726027397266,M,Black,2018-06-13,-13.0,0.0,1,0.0,2
3549,3780,260781,4001852,misdemeanor,property,2018-04-04,589,3059137,19.3972602739726,M,Black,2018-09-07,-156.0,0.0,0,0.0,0
4715,1445,961194,3044847,misdemeanor,violent,2018-09-10,945,3394043,55.55068493150685,M,Black,2018-07-20,-25.0,0.0,0,0.0,0
751,4310,26152,7779310,misdemeanor,violent,2015-11-08,671,4957370,27.528767123287672,M,Black,2017-10-24,123.0,0.0,0,0.0,1
3451,6026,235947,5708597,misdemeanor,property,2017-05-29,166,5708597,24.61917808219178,M,,2017-05-29,-795.0,720.0,0,0.0,0
1507,2580,51323,5474413,felony,property,2017-07-21,811,4837325,32.26027397260274,M,White,2017-11-13,-21.0,0.0,1,0.0,0
3807,553,339988,8018657,misdemeanor,property,2015-08-26,139,5998375,56.57534246575342,M,,2017-03-17,13.0,0.0,0,0.0,0
4540,1978,911310,6464374,felony,violent,2016-11-05,711,7364521,44.536986301369865,M,Black,2016-03-10,-23.0,0.0,1,0.0,0
1729,1004,57158,3882249,misdemeanor,violent,2018-04-23,168,3882249,29.983561643835618,M,Black,2018-04-23,488.0,0.0,0,0.0,0
2196,4802,70259,4537735,misdemeanor,property,2018-01-09,565,2747588,23.843835616438355,M,mixed,2018-11-03,-516.0,0.0,0,0.0,0
3705,3976,323098,9860467,misdemeanor,property,2013-12-26,127,5801992,31.42465753424657,M,Black,2017-05-07,-559.0,0.0,0,0.0,0
110,5187,4741,4609251,misdemeanor,other,2017-12-21,421,4609251,33.49589041095891,M,White,2017-12-21,-548.0,0.0,0,0.0,0
2375,5866,75450,953303,misdemeanor,property,2019-09-19,81,7462166,53.10410958904109,M,White,2016-02-16,0.0,0.0,0,0.0,0
4238,3719,720250,6325787,misdemeanor,property,2016-12-18,884,5705381,31.14246575342466,M,Black,2017-05-30,-8.0,3223.0,0,0.0,1
5777,2787,1457941,7138010,misdemeanor,property,2016-05-11,120,7138010,43.21917808219178,F,White,2016-05-11,-317.0,2746.0,0,0.0,0
6450,2645,3353632,7878824,misdemeanor,property,2015-10-09,738,7525705,24.649315068493152,M,Black,2016-01-28,-251.0,1019.0,0,0.0,0
3825,4615,339988,13657692,misdemeanor,other,2012-01-24,139,5998375,56.57534246575342,M,,2017-03-17,-83.0,0.0,0,0.0,0
6100,640,2106053,6397938,felony,violent,2016-11-21,357,6397938,47.74520547945205,F,White,2016-11-21,-269.0,0.0,1,0.0,1
5331,1933,1127005,4165227,misdemeanor,property,2018-03-17,234,3052452,52.342465753424655,M,White,2018-09-08,106.0,0.0,0,0.0,0
4987,5967,1055158,477455,misdemeanor,other,2019-12-26,222,7157820,36.14520547945205,M,White,2016-05-06,1087.0,0.0,0,0.0,0
5713,3997,1352780,3403451,misdemeanor,violent,2018-07-19,680,3403451,49.43561643835616,F,,2018-07-19,88.0,46.0,0,0.0,0
5572,2716,1301492,21316284,felony,violent,2012-11-30,910,4810567,26.76438356164384,M,Black,2017-11-16,-1240.0,1252.0,0,0.0,1
1403,928,48080,7325778,misdemeanor,violent,2016-03-21,512,6445341,38.95890410958904,M,Black,2016-11-11,-804.0,0.0,0,0.0,0
2405,2857,76733,4573842,misdemeanor,other,2017-12-30,48,4573842,27.47945205479452,F,White,2017-12-30,386.0,0.0,0,0.0,0
5218,3382,1075503,9824244,misdemeanor,property,2014-01-07,212,6623957,61.09041095890411,M,Black,2016-09-19,-975.0,0.0,0,0.0,1
3965,2607,380061,8750376,misdemeanor,drug,2015-01-07,981,7417657,28.87123287671233,F,White,2016-02-25,161.0,0.0,0,0.0,2
2139,6077,69058,1135232,misdemeanor,other,2019-08-15,402,7255033,49.24931506849315,F,mixed,2016-04-10,902.0,0.0,0,0.0,0
5367,1640,1129862,7592089,misdemeanor,violent,2016-01-06,390,7422871,30.457534246575342,M,White,2016-02-23,959.0,0.0,0,0.0,0
2199,5107,70259,1537886,misdemeanor,drug,2019-05-29,565,2747588,23.843835616438355,M,mixed,2018-11-03,207.0,0.0,0,0.0,0
3337,6320,206779,3556098,misdemeanor,property,2018-06-22,578,6680947,24.076712328767123,M,Black,2016-09-01,0.0,0.0,0,0.0,0
166,4762,7833,7868387,felony,other,2015-10-13,969,2827385,40.71232876712329,F,Black,2018-10-21,-1104.0,0.0,0,0.0,0
457,5774,15340,10702890,misdemeanor,other,2013-03-16,237,5697246,39.5972602739726,M,White,2017-05-31,0.0,0.0,0,0.0,0
1163,6337,35378,7677636,misdemeanor,property,2015-12-09,338,3368502,62.18082191780822,M,Black,2018-07-26,918.0,0.0,0,0.0,0
1887,5678,62440,3472322,felony,other,2018-07-09,702,3472322,54.43835616438356,M,White,2018-07-09,-4.0,0.0,1,0.0,1
5368,1643,1129862,7568628,misdemeanor,violent,2016-01-13,390,7422871,30.457534246575342,M,White,2016-02-23,7.0,0.0,0,0.0,0
2650,1149,82063,8426905,misdemeanor,other,2015-04-19,352,6471124,26.175342465753424,M,Black,2016-11-03,12.0,81.0,0,0.0,0
4342,5755,844881,6324749,misdemeanor,other,2016-12-19,938,2939914,22.983561643835618,M,White,2018-09-30,0.0,0.0,0,0.0,0
948,2605,27836,8315498,misdemeanor,violent,2015-05-25,576,6766557,36.69041095890411,M,White,2016-08-09,-1597.0,0.0,0,0.0,1
3992,3657,434345,11595615,misdemeanor,violent,2012-05-04,482,5527499,52.1972602739726,F,mixed,2017-07-10,-44.0,0.0,0,0.0,0
3635,5509,316704,5008269,misdemeanor,other,2017-10-16,377,5008270,37.704109589041096,M,Other,2017-10-16,59.0,0.0,0,0.0,0
6290,2439,2852268,5941513,misdemeanor,violent,2017-03-31,776,5941513,28.863013698630137,M,Black,2017-03-31,-46.0,7790.0,0,0.0,0
5814,5084,1499680,8200709,misdemeanor,property,2015-07-02,340,7464288,24.88767123287672,F,Black,2016-02-15,-228.0,0.0,0,0.0,0
1841,1772,60273,7509640,misdemeanor,property,2016-02-02,360,7509640,21.56438356164384,F,Black,2016-02-02,-157.0,0.0,0,0.0,0
3860,5152,342986,4165159,misdemeanor,property,2018-03-17,427,3234875,50.80821917808219,M,Black,2018-08-02,-132.0,0.0,0,0.0,2
5238,3091,1111687,8515727,misdemeanor,violent,2015-03-23,950,5936371,33.51780821917808,M,White,2017-04-03,703.0,0.0,0,0.0,0
2438,2875,77276,4971139,misdemeanor,property,2020-09-02,94,6096501,42.9041095890411,M,Black,2017-02-19,1291.0,0.0,0,0.0,0
1551,685,51576,10662107,misdemeanor,violent,2013-03-29,159,3138306,52.04657534246575,M,Black,2018-08-23,-2014.0,46.0,0,0.0,1
4839,958,1002436,5887803,misdemeanor,drug,2017-04-14,217,5887803,50.013698630136986,M,Black,2017-04-14,-102.0,1840.0,0,0.0,0
4265,4366,720250,826601,misdemeanor,violent,2019-10-14,884,5705381,31.14246575342466,M,Black,2017-05-30,851.0,0.0,0,0.0,1
3227,358,126282,4778011,misdemeanor,other,2017-11-20,3,3573863,36.465753424657535,M,Black,2018-06-20,1403.0,0.0,0,0.0,0
5939,5797,1609935,5397575,misdemeanor,other,2017-08-07,406,7395386,41.40547945205479,,,2016-03-02,1335.0,0.0,0,0.0,0
5586,4058,1301547,6673313,misdemeanor,drug,2016-09-03,976,6673313,29.42465753424657,M,mixed,2016-09-03,-818.0,0.0,0,0.0,0
5617,2671,1307676,6679785,felony,property,2016-09-01,383,6704112,35.09315068493151,M,White,2016-08-26,609.0,0.0,0,0.0,0
5750,172,1439871,1951554,misdemeanor,other,2019-04-03,835,7030740,30.698630136986303,M,White,2016-05-20,608.0,0.0,0,0.0,0
2530,260,79024,12008260,misdemeanor,property,2018-09-14,52,6759183,37.75616438356165,M,Black,2016-08-10,0.0,0.0,0,0.0,0
769,4338,26258,6836654,felony,drug,2016-07-17,412,4367944,22.02739726027397,M,Black,2018-02-08,12.0,0.0,1,0.0,1
950,3006,27836,6766557,misdemeanor,property,2016-08-09,576,6766557,36.69041095890411,M,White,2016-08-09,-494.0,0.0,0,0.0,1
6316,5612,2881955,4461907,misdemeanor,other,2018-01-23,748,7457196,35.83561643835616,F,White,2016-02-17,706.0,0.0,0,0.0,0
1893,2942,63048,9331938,misdemeanor,property,2014-06-19,631,6194431,26.27671232876712,F,White,2017-01-26,-1120.0,0.0,0,0.0,0
2646,2302,81982,9132236,felony,property,2014-08-23,904,5427759,26.80821917808219,M,Black,2017-07-31,-1073.0,0.0,0,0.0,1
3408,6183,228565,3878948,misdemeanor,property,2018-04-24,799,7208240,19.350684931506848,M,Black,2016-04-21,-153.0,0.0,0,0.0,0
3067,6102,92826,9139226,misdemeanor,other,2014-08-21,746,6037598,40.84657534246576,M,Black,2017-03-07,167.0,0.0,0,0.0,0
5360,1984,1129092,6971419,misdemeanor,property,2016-06-08,583,6971419,31.638356164383563,F,White,2016-06-08,70.0,0.0,0,0.0,4
4727,908,965786,9281889,misdemeanor,violent,2014-07-03,56,7414853,36.28767123287671,M,Black,2016-02-25,-928.0,1036.0,0,0.0,0
3070,6113,92826,7304459,misdemeanor,other,2016-03-28,746,6037598,40.84657534246576,M,Black,2017-03-07,740.0,0.0,0,0.0,0
2628,1680,81823,8446943,misdemeanor,drug,2015-04-13,809,3806430,34.8986301369863,M,,2018-05-07,1060.0,0.0,0,0.0,0
5998,5347,1696565,3876566,misdemeanor,property,2018-04-24,45,3876566,42.41095890410959,F,Black,2018-04-24,409.0,8312.0,0,0.0,0
512,4953,15930,1096008,misdemeanor,violent,2019-08-22,335,4079940,26.504109589041096,M,Black,2018-03-31,2666.0,0.0,0,0.0,0
375,4035,13665,583531,felony,violent,2019-12-03,90,6053662,47.84109589041096,M,Black,2017-03-02,-15.0,0.0,1,0.0,1
4861,5818,1004917,11104353,felony,violent,2012-10-19,22,7465428,30.432876712328767,F,Black,2016-02-14,0.0,0.0,1,0.0,0
1297,26,45181,3488332,misdemeanor,other,2018-07-05,207,3488332,19.26849315068493,M,Black,2018-07-05,-100.0,113.0,0,0.0,2
4464,916,909315,7896819,misdemeanor,violent,2015-10-04,410,4524392,22.035616438356165,M,Black,2018-01-11,-957.0,0.0,0,0.0,0
2150,2184,69474,9893544,misdemeanor,violent,2020-09-14,106,6460426,30.30958904109589,F,White,2016-11-07,1342.0,0.0,0,0.0,0
1386,592,47754,3536436,misdemeanor,drug,2018-06-26,133,4777775,36.44931506849315,F,White,2017-11-20,-423.0,0.0,0,0.0,0
2606,826,81290,5965706,felony,violent,2017-03-27,575,4524599,20.134246575342463,M,Black,2018-01-11,-559.0,41.0,0,0.0,0
5483,2079,1243226,7199368,misdemeanor,violent,2016-04-24,499,7199368,19.56712328767124,F,White,2016-04-24,-488.0,188.0,0,0.0,0
3971,5407,380061,10602757,felony,other,2013-04-20,981,7417657,28.87123287671233,F,White,2016-02-25,-404.0,0.0,0,0.0,2
1506,2458,51323,5367900,felony,property,2017-08-11,811,4837325,32.26027397260274,M,White,2017-11-13,1293.0,0.0,0,0.0,0
4482,769,909864,7992738,felony,drug,2015-09-03,80,6892870,22.273972602739725,M,Black,2016-07-02,-1024.0,212.0,0,0.0,0
4626,4714,929734,7206255,misdemeanor,drug,2016-04-21,297,2971473,40.465753424657535,M,White,2018-09-24,-1389.0,0.0,0,0.0,0
788,6275,26596,8097319,misdemeanor,other,2015-08-03,137,7370720,46.40547945205479,M,mixed,2016-03-09,-170.0,0.0,0,0.0,0
3415,6047,229802,5976310,misdemeanor,other,2017-03-24,858,5976310,64.88493150684931,M,Black,2017-03-24,6.0,258.0,0,0.0,0
5173,5908,1072559,9036975,misdemeanor,other,2014-09-23,467,6845142,55.02739726027397,M,White,2016-07-15,483.0,0.0,0,0.0,0
4998,5709,1058203,4212868,misdemeanor,property,2018-03-09,373,7234140,27.33150684931507,M,Black,2016-04-15,1604.0,0.0,0,0.0,0
420,240,14780,11966928,misdemeanor,drug,2016-04-12,175,11966928,22.197260273972603,M,White,2016-04-12,1264.0,0.0,0,0.0,1
1342,2371,46101,10123480,misdemeanor,violent,2013-10-01,585,2788963,46.00547945205479,M,White,2018-10-29,-1805.0,0.0,0,0.0,0
147,2292,6614,7997259,misdemeanor,property,2015-09-02,107,5913001,25.3972602739726,M,White,2017-04-09,62.0,0.0,0,0.0,1
4852,2038,1002535,2487297,misdemeanor,other,2018-12-26,388,5559287,23.715068493150685,M,Black,2017-07-04,-86.0,0.0,0,0.0,0
4726,1257,964750,6232325,misdemeanor,other,2017-01-16,957,6232325,43.64383561643836,M,Black,2017-01-16,918.0,0.0,0,0.0,0
701,5409,25238,9092197,misdemeanor,other,2014-09-06,595,6595530,20.353424657534248,M,White,2016-09-26,-1021.0,0.0,0,0.0,0
2715,4820,83127,91871,misdemeanor,other,2020-03-13,890,6186016,21.172602739726027,M,Black,2017-01-28,961.0,0.0,0,0.0,0
2428,3789,77082,2100281,misdemeanor,property,2019-03-09,356,6537617,29.134246575342463,M,White,2016-10-14,625.0,0.0,0,0.0,0
1059,3643,32779,798074,felony,violent,2019-10-20,261,6049457,27.38082191780822,M,Black,2017-03-03,88.0,0.0,1,0.0,1
647,2332,24750,11036473,felony,drug,2012-11-14,313,2586870,35.0958904109589,M,White,2018-12-06,30.0,0.0,1,0.0,0
4034,300,479978,7017977,misdemeanor,property,2016-05-24,713,7495234,23.75068493150685,M,White,2016-02-07,-200.0,449.0,0,0.0,0
1385,485,47754,1091409,misdemeanor,other,2019-08-23,133,4777775,36.44931506849315,F,White,2017-11-20,378.0,481.0,0,0.0,0
3921,2233,351751,3229568,misdemeanor,drug,2018-08-03,171,6215292,23.90410958904109,F,White,2017-01-20,560.0,0.0,0,0.0,0
2921,3604,91883,6972511,misdemeanor,property,2016-06-08,903,7408614,25.14246575342466,F,Black,2016-02-27,-1419.0,0.0,0,0.0,0
6176,3237,2455042,5564167,misdemeanor,property,2017-07-03,932,5469978,51.64657534246575,M,Black,2017-07-24,-21.0,0.0,0,0.0,0
2079,3690,67939,9351520,misdemeanor,property,2014-06-12,707,5475688,60.42191780821918,M,Black,2017-07-21,-86.0,0.0,0,0.0,0
5423,1922,1137620,4202568,misdemeanor,property,2018-03-11,845,3130830,33.10958904109589,M,Black,2018-08-24,124.0,0.0,0,0.0,0
6395,4227,3185585,6724733,misdemeanor,other,2016-08-20,579,6326198,50.45205479452055,M,Black,2016-12-17,58.0,6645.0,0,0.0,0
3186,5995,114124,7907348,misdemeanor,other,2015-09-30,21,6060715,55.07671232876712,M,Black,2017-03-01,484.0,0.0,0,0.0,0
5683,1331,1335744,1494336,misdemeanor,violent,2019-06-06,833,6148186,32.846575342465755,F,Black,2017-02-07,1249.0,5364.0,0,0.0,0
1289,5151,44351,4130120,misdemeanor,property,2018-03-24,262,4130120,27.8054794520548,F,Black,2018-03-24,-719.0,0.0,0,0.0,0
3158,3677,103801,10453888,misdemeanor,drug,2013-06-11,997,7470210,22.88219178082192,M,Black,2016-02-12,151.0,0.0,0,0.0,0
3217,3428,122092,8856210,misdemeanor,drug,2014-11-25,442,2547343,45.96986301369863,M,mixed,2018-12-13,-1389.0,552.0,0,0.0,0
318,993,12751,2493519,misdemeanor,violent,2018-12-25,73,4435364,26.40821917808219,M,Black,2018-01-27,414.0,0.0,0,0.0,2
4673,1615,951591,5965289,misdemeanor,violent,2017-03-27,30,5053353,26.58356164383561,M,Black,2017-10-06,-193.0,0.0,0,0.0,0
2500,2972,78880,7406354,misdemeanor,other,2016-02-29,315,6671790,52.02465753424657,M,Black,2016-09-04,-321.0,0.0,0,0.0,2
3909,6270,349867,11081290,misdemeanor,other,2012-10-26,676,6357251,23.82191780821918,F,White,2016-12-09,-2088.0,0.0,0,0.0,0
5109,4525,1065449,12006508,misdemeanor,other,2018-04-04,635,6236432,32.635616438356166,M,White,2017-01-13,0.0,0.0,0,0.0,0
1411,752,48211,8836089,felony,property,2014-12-03,843,3250281,34.2,M,White,2018-07-30,-1335.0,0.0,0,0.0,0
1031,2610,29542,8345650,misdemeanor,drug,2015-05-14,881,4668826,28.698630136986303,F,White,2017-12-09,-21.0,0.0,0,0.0,0
4077,2648,531993,7327524,misdemeanor,property,2016-03-21,802,5598101,52.59178082191781,M,White,2017-06-23,-1.0,0.0,0,0.0,1
5375,35,1130673,7005244,misdemeanor,other,2016-05-28,599,7005244,25.65205479452055,M,Black,2016-05-28,734.0,811.0,0,0.0,1
3389,1992,222575,7225119,misdemeanor,property,2016-04-17,195,6681053,22.824657534246576,M,Black,2016-09-01,-712.0,1682.0,0,0.0,0
2331,5593,74726,4109031,misdemeanor,drug,2018-03-27,887,3646741,26.556164383561644,M,Black,2018-06-06,-120.0,0.0,0,0.0,0
4325,3761,767053,2667595,misdemeanor,property,2018-11-20,719,2667595,26.07123287671233,M,Black,2018-11-20,238.0,3975.0,0,0.0,1
1109,4172,33633,1768125,misdemeanor,property,2020-06-05,169,6995174,18.2986301369863,M,mixed,2016-06-01,1429.0,0.0,0,0.0,0
3686,4581,320713,6074485,misdemeanor,other,2017-02-24,342,2868457,30.273972602739725,F,White,2018-10-12,-1295.0,82.0,0,0.0,0
5707,6248,1348192,3588823,misdemeanor,drug,2018-06-16,966,5474682,19.54520547945205,M,Black,2017-07-21,110.0,0.0,0,0.0,0
4296,3737,736961,6086937,misdemeanor,violent,2017-02-22,886,3945139,42.65205479452055,F,Black,2018-04-13,-10.0,5840.0,0,0.0,0
6504,6466,3576545,3447120,misdemeanor,other,2018-07-12,82,3447120,59.85753424657534,M,,2018-07-12,367.0,0.0,0,0.0,0
5803,1850,1488855,11314798,misdemeanor,drug,2012-08-08,245,4207288,31.80821917808219,F,mixed,2018-03-09,20.0,0.0,0,0.0,0
140,5110,5400,1338479,felony,drug,2019-07-08,642,4292218,27.21917808219178,M,Black,2018-02-22,-254.0,0.0,1,0.0,0
2581,1559,80524,9599872,felony,property,2014-03-26,828,6978316,38.4,M,Black,2016-06-06,-806.0,0.0,0,0.0,5
490,2704,15353,1440860,felony,property,2019-06-17,560,3039691,34.391780821917806,F,White,2018-09-11,84.0,0.0,1,0.0,3
2735,4937,83582,5027918,felony,drug,2020-09-03,842,5186512,21.26027397260274,M,Black,2017-09-13,1086.0,0.0,0,1.0,2
508,3974,15930,1211759,misdemeanor,other,2019-07-31,335,4079940,26.504109589041096,M,Black,2018-03-31,936.0,0.0,0,0.0,0
3621,365,316053,5560634,misdemeanor,drug,2017-07-03,353,5560634,41.33698630136986,F,White,2017-07-03,69.0,0.0,0,0.0,0
1025,2457,29542,8309850,misdemeanor,other,2015-05-27,881,4668826,28.698630136986303,F,White,2017-12-09,816.0,4.0,0,0.0,0
6066,5267,1804725,5564860,misdemeanor,other,2017-07-02,806,5564862,25.945205479452056,M,White,2017-07-02,0.0,0.0,0,0.0,0
3032,2619,92826,20703147,misdemeanor,property,2012-01-06,746,6037598,40.84657534246576,M,Black,2017-03-07,0.0,0.0,0,0.0,0
4693,1165,960754,8379750,misdemeanor,violent,2015-05-04,862,7408280,23.98630136986301,M,Black,2016-02-27,407.0,0.0,0,0.0,0
1573,1069,51883,11282530,felony,violent,2012-08-18,752,5828497,25.980821917808218,M,mixed,2017-04-30,-2443.0,0.0,0,0.0,0
458,5775,15340,10702893,misdemeanor,other,2013-03-16,237,5697246,39.5972602739726,M,White,2017-05-31,0.0,0.0,0,0.0,0
1362,600,47004,1901384,misdemeanor,violent,2019-04-11,418,5757564,55.87123287671233,M,Black,2017-05-18,693.0,0.0,0,0.0,0
4429,3368,883902,8010993,felony,other,2015-08-29,439,7153262,20.334246575342465,M,Black,2016-05-07,-1028.0,0.0,0,0.0,0
4175,6192,555837,2354030,felony,violent,2019-01-23,536,6352048,46.78904109589041,M,Black,2016-12-11,2184.0,0.0,0,0.0,0
3091,404,98350,10229063,felony,violent,2013-08-26,183,4251991,53.772602739726025,M,Black,2018-03-02,-1470.0,2961.0,0,0.0,1
4740,5114,971359,9380942,misdemeanor,other,2014-06-02,66,6234841,30.63287671232877,M,White,2017-01-15,-74.0,0.0,0,0.0,0
3063,6018,92826,7253000,misdemeanor,property,2016-04-11,746,6037598,40.84657534246576,M,Black,2017-03-07,43.0,0.0,0,0.0,0
2712,2102,83127,5773088,felony,drug,2017-05-15,890,6186016,21.172602739726027,M,Black,2017-01-28,107.0,0.0,1,0.0,0
4474,990,909386,2837267,misdemeanor,violent,2018-10-18,53,6072822,25.61917808219178,M,Black,2017-02-25,600.0,0.0,0,0.0,0
6198,5885,2508428,3866854,misdemeanor,other,2018-04-26,68,5769400,35.37808219178082,M,White,2017-05-16,281.0,0.0,0,0.0,0
4937,1415,1026471,5775568,felony,drug,2017-05-14,197,5775568,21.797260273972604,M,Black,2017-05-14,152.0,0.0,1,0.0,1
645,5383,24391,3638787,misdemeanor,property,2018-06-07,203,5319741,32.3013698630137,M,Black,2017-08-21,-190.0,0.0,0,0.0,0
4035,2217,479978,7202875,misdemeanor,drug,2016-04-22,713,7495234,23.75068493150685,M,White,2016-02-07,-32.0,0.0,0,0.0,0
3801,529,339988,10857800,misdemeanor,property,2013-01-19,139,5998375,56.57534246575342,M,,2017-03-17,359.0,0.0,0,0.0,0
4503,1072,910635,10965921,felony,other,2012-12-07,841,4973877,61.01643835616439,M,Black,2017-10-22,-1507.0,0.0,0,0.0,0
5934,5789,1609935,10702902,misdemeanor,other,2013-03-16,406,7395386,41.40547945205479,,,2016-03-02,0.0,0.0,0,0.0,0
936,4168,27785,3588856,felony,property,2018-06-16,69,4280859,19.4,M,Black,2018-02-26,603.0,0.0,0,0.0,1
5876,1429,1543625,3940404,misdemeanor,violent,2018-04-14,441,4283852,56.85753424657534,M,Black,2018-02-25,671.0,0.0,0,0.0,0
2168,2253,69593,19589371,misdemeanor,property,2012-09-21,988,6166510,35.4,F,mixed,2017-02-03,-573.0,0.0,0,0.0,0
2347,6510,74829,1999350,misdemeanor,other,2019-03-26,246,3392137,27.47945205479452,M,Black,2018-07-21,248.0,0.0,0,0.0,0
3648,342,319551,4977134,misdemeanor,property,2017-10-20,15,6096198,46.87671232876713,F,White,2017-02-19,1545.0,911.0,0,0.0,0
1915,2907,63935,4490224,misdemeanor,other,2018-01-18,341,7021379,29.64109589041096,F,White,2016-05-24,1409.0,0.0,0,0.0,1
4020,2199,474178,8828638,felony,property,2014-12-06,213,5597498,28.304109589041097,M,White,2017-06-23,-56.0,0.0,1,0.0,0
884,4134,27382,7381538,misdemeanor,property,2016-03-07,75,7381538,26.56438356164384,M,Black,2016-03-07,-1741.0,0.0,0,0.0,0
3166,3725,106675,6861244,misdemeanor,drug,2016-07-10,292,6671035,23.64109589041096,M,Black,2016-09-05,1055.0,0.0,0,0.0,0
3980,1876,404843,3157446,misdemeanor,property,2018-08-20,322,3550258,32.032876712328765,M,mixed,2018-06-23,-336.0,0.0,0,0.0,0
5267,3098,1114013,6043768,felony,drug,2017-03-06,407,4457859,48.7945205479452,F,Black,2018-01-24,145.0,0.0,1,0.0,1
3710,6211,323098,3128497,misdemeanor,property,2018-08-25,127,5801992,31.42465753424657,M,Black,2017-05-07,25.0,0.0,0,0.0,0
1980,478,65745,3189335,felony,property,2018-08-10,954,2673805,27.67945205479452,M,White,2018-11-19,-56.0,0.0,1,0.0,0
212,1175,9003,6501856,felony,violent,2016-10-24,906,6872176,33.45753424657534,F,Black,2016-07-06,29.0,0.0,1,0.0,0
5143,3345,1072559,6288866,misdemeanor,property,2017-01-02,467,6845142,55.02739726027397,M,White,2016-07-15,-266.0,0.0,0,0.0,0
595,2426,21966,6309548,misdemeanor,drug,2016-12-22,274,5161682,40.01095890410959,M,White,2017-09-18,-270.0,0.0,0,0.0,0
6361,4055,3088723,7026991,misdemeanor,property,2016-05-22,149,7026991,20.778082191780825,M,Black,2016-05-22,-159.0,10864.0,0,0.0,0
3579,6169,276664,3710052,misdemeanor,property,2018-05-25,436,2797309,42.106849315068494,M,Black,2018-10-26,-154.0,0.0,0,0.0,0
2669,1212,82486,7544095,felony,other,2016-01-19,186,5256465,25.63013698630137,M,Black,2017-09-01,-671.0,0.0,0,0.0,3
3530,6262,253477,4804922,misdemeanor,other,2017-11-17,970,7019251,51.3013698630137,M,White,2016-05-24,673.0,0.0,0,0.0,0
1550,5055,51530,2916797,felony,violent,2018-10-03,770,2916797,32.6958904109589,F,Black,2018-10-03,68.0,0.0,1,0.0,0
5264,5828,1113857,7004850,misdemeanor,other,2016-05-29,248,7004850,36.29041095890411,M,White,2016-05-29,-104.0,0.0,0,0.0,0
185,1323,8778,5435803,misdemeanor,drug,2017-07-29,827,7307141,34.32876712328767,M,Black,2016-03-26,1292.0,0.0,0,0.0,3
1765,1074,57529,11320371,misdemeanor,violent,2012-08-06,153,7224958,25.56438356164384,M,Black,2016-04-17,47.0,0.0,0,0.0,0
1596,2175,53882,4816008,misdemeanor,property,2017-11-15,191,4816008,37.16164383561644,M,White,2017-11-15,364.0,0.0,0,0.0,0
812,6406,26596,7758199,misdemeanor,other,2015-11-14,137,7370720,46.40547945205479,M,mixed,2016-03-09,173.0,0.0,0,0.0,0
1788,885,57776,10742859,misdemeanor,drug,2013-03-01,500,7308318,21.936986301369863,M,Black,2016-03-25,-123.0,0.0,0,0.0,1
2550,3158,79198,8967698,felony,property,2014-10-17,813,3433327,28.265753424657536,M,White,2018-07-15,-1419.0,0.0,0,0.0,2
991,5471,28710,3904095,felony,drug,2018-04-19,486,3904095,20.75068493150685,M,Black,2018-04-19,862.0,0.0,0,0.0,1
2252,2143,72764,6031741,felony,property,2017-03-08,885,6163577,22.72054794520548,F,Black,2017-02-03,-5.0,0.0,1,0.0,3
4198,3757,598785,3477152,misdemeanor,property,2018-07-07,330,3477152,25.506849315068493,M,Black,2018-07-07,1656.0,0.0,0,0.0,0
2625,1017,81823,3806430,misdemeanor,violent,2018-05-07,809,3806430,34.8986301369863,M,,2018-05-07,-98.0,0.0,0,0.0,0
3443,3901,234366,5049055,misdemeanor,violent,2017-10-09,444,5049055,33.42465753424658,M,Black,2017-10-09,481.0,0.0,0,0.0,0
4831,1020,1000343,3895575,misdemeanor,violent,2018-04-20,283,3895575,22.04931506849315,F,Black,2018-04-20,287.0,239.0,0,0.0,2
5648,2625,1309027,4642822,felony,property,2017-12-14,708,3066846,33.394520547945206,M,White,2018-09-06,-456.0,535.0,0,0.0,0
6068,2379,1805696,7349806,misdemeanor,property,2016-03-15,252,7349807,29.40821917808219,F,White,2016-03-15,-474.0,971.0,0,0.0,0
5550,2675,1295291,5784558,misdemeanor,property,2017-05-11,347,7149171,37.394520547945206,M,White,2016-05-09,282.0,0.0,0,0.0,1
2918,3550,91883,1943438,misdemeanor,other,2019-04-05,903,7408614,25.14246575342466,F,Black,2016-02-27,-151.0,0.0,0,0.0,0
1732,1298,57158,11463620,misdemeanor,drug,2012-06-16,168,3882249,29.983561643835618,M,Black,2018-04-23,-1055.0,0.0,0,0.0,0
1662,4758,56320,7804346,felony,drug,2015-10-30,762,4840593,35.95890410958904,M,Black,2017-11-11,-868.0,0.0,0,0.0,0
2501,3579,78880,9508153,felony,property,2014-04-26,315,6671790,52.02465753424657,M,Black,2016-09-04,-674.0,0.0,0,0.0,2
5478,5190,1241445,5283924,misdemeanor,violent,2017-08-28,732,6213037,27.578082191780823,M,White,2017-01-21,187.0,0.0,0,0.0,0
6393,6481,3166359,2903760,misdemeanor,other,2018-10-06,180,2903760,33.0986301369863,M,mixed,2018-10-06,-134.0,0.0,0,0.0,0
3872,324,344444,2150760,misdemeanor,property,2019-02-28,270,4865164,27.265753424657536,M,Black,2017-11-06,-18.0,0.0,0,0.0,1
5060,169,1063563,4332878,misdemeanor,property,2018-02-14,385,4827776,30.816438356164383,M,White,2017-11-13,0.0,0.0,0,0.0,0
5513,5281,1268621,6783898,misdemeanor,other,2016-08-03,193,6783898,50.276712328767125,M,White,2016-08-03,30.0,0.0,0,0.0,0
4401,3297,860034,5229740,misdemeanor,property,2017-09-08,530,4689683,41.83287671232877,M,Black,2017-12-06,680.0,0.0,0,0.0,0
3607,3784,306374,4456365,misdemeanor,violent,2018-01-24,703,4456365,53.26027397260274,F,Asian,2018-01-24,-875.0,0.0,0,0.0,0
1111,4320,33633,6499347,felony,property,2016-10-25,169,6995174,18.2986301369863,M,mixed,2016-06-01,-175.0,0.0,1,0.0,0
4447,1019,908756,3851475,misdemeanor,violent,2018-04-29,350,7027943,35.915068493150685,M,Black,2016-05-21,2014.0,0.0,0,0.0,0
3750,541,336042,9571999,misdemeanor,property,2014-04-04,610,5170311,55.30684931506849,M,White,2017-09-15,-88.0,0.0,0,0.0,0
2391,2822,76548,2368589,misdemeanor,violent,2019-01-19,209,5008666,27.293150684931508,M,Black,2017-10-16,460.0,0.0,0,0.0,0
3716,353,324828,8131741,felony,violent,2017-12-18,789,3377463,34.227397260273975,M,Black,2018-07-24,1844.0,0.0,0,0.0,0
2282,2866,74595,3820802,misdemeanor,other,2018-05-04,148,2568623,38.24109589041096,M,Black,2018-12-10,486.0,0.0,0,0.0,0
2604,4880,81249,6452825,misdemeanor,other,2016-11-09,529,3377366,50.26849315068493,M,Black,2018-07-24,994.0,0.0,0,0.0,0
5084,4522,1064748,12002220,misdemeanor,drug,2018-10-16,659,12002220,23.27671232876712,M,Black,2018-10-16,-445.0,292.0,0,0.0,0
6323,5562,2934116,6503640,misdemeanor,other,2016-10-24,296,6598254,37.6958904109589,M,White,2016-09-25,225.0,102.0,0,0.0,0
6041,5260,1790946,7197240,misdemeanor,other,2016-04-25,961,7197240,51.27945205479452,M,White,2016-04-25,754.0,0.0,0,0.0,0
1726,725,57158,10361762,misdemeanor,drug,2013-07-12,168,3882249,29.983561643835618,M,Black,2018-04-23,-25.0,0.0,0,0.0,0
4032,1038,479529,4163202,misdemeanor,violent,2018-03-18,167,4163202,21.731506849315068,M,Black,2018-03-18,1218.0,0.0,0,0.0,0
280,1352,10237,10898859,misdemeanor,drug,2013-01-04,516,3013712,26.4986301369863,M,Black,2018-09-16,-1413.0,0.0,0,0.0,0
2610,4414,81290,4524599,misdemeanor,other,2018-01-11,575,4524599,20.134246575342463,M,Black,2018-01-11,-15.0,0.0,0,0.0,0
1204,1515,40226,1250017,misdemeanor,drug,2019-07-23,206,3212729,31.235616438356164,M,Black,2018-08-07,-23.0,0.0,0,0.0,0
6112,561,2134683,6524956,misdemeanor,drug,2016-10-18,451,6524956,33.87397260273973,M,White,2016-10-18,-33.0,463.0,0,0.0,0
5018,4454,1059734,27572074,misdemeanor,other,2012-02-24,308,6984750,27.78904109589041,F,Black,2016-06-04,-2856.0,0.0,0,0.0,0
3485,3943,243705,711591,felony,violent,2019-11-07,481,6532455,18.654794520547945,M,Black,2016-10-17,1116.0,0.0,0,0.0,1
1918,2921,63935,6785233,misdemeanor,other,2016-08-03,341,7021379,29.64109589041096,F,White,2016-05-24,-533.0,0.0,0,0.0,1
2512,123,79024,11998282,misdemeanor,property,2018-01-18,52,6759183,37.75616438356165,M,Black,2016-08-10,510.0,0.0,0,0.0,0
5525,1654,1284992,5670687,misdemeanor,violent,2017-06-07,277,5866672,38.0958904109589,M,White,2017-04-20,-372.0,3065.0,0,0.0,0
117,1744,4981,5114865,misdemeanor,property,2017-09-26,925,6982985,37.38082191780822,M,White,2016-06-05,-643.0,0.0,0,0.0,1
5439,1677,1162141,9380862,felony,other,2014-06-02,208,6068520,24.991780821917807,M,Black,2017-02-27,-1101.0,0.0,0,0.0,0
4199,3758,598785,2689113,misdemeanor,property,2018-11-16,330,3477152,25.506849315068493,M,Black,2018-07-07,132.0,0.0,0,0.0,0
3638,627,318135,7675597,misdemeanor,other,2015-12-09,995,6935981,34.8054794520548,M,White,2016-06-17,-191.0,0.0,0,0.0,1
4505,1302,910635,10399454,misdemeanor,property,2013-06-29,841,4973877,61.01643835616439,M,Black,2017-10-22,-216.0,0.0,0,0.0,0
2505,83,79024,6702548,misdemeanor,violent,2016-08-26,52,6759183,37.75616438356165,M,Black,2016-08-10,584.0,0.0,0,0.0,0
2944,6024,92254,5577764,misdemeanor,property,2017-06-29,413,4354694,25.13150684931507,M,Black,2018-02-11,1439.0,0.0,0,0.0,0
1544,943,51530,6398580,misdemeanor,violent,2016-11-21,770,2916797,32.6958904109589,F,Black,2018-10-03,1609.0,0.0,0,0.0,0
4782,4883,989231,6682132,misdemeanor,other,2016-08-31,644,2777894,20.942465753424656,M,Black,2018-10-30,-91.0,0.0,0,0.0,0
5754,209,1439871,7266019,felony,property,2016-04-06,835,7030740,30.698630136986303,M,White,2016-05-20,255.0,0.0,1,0.0,0
3785,6153,338042,2642538,misdemeanor,property,2018-11-26,580,6074091,43.61095890410959,F,White,2017-02-24,640.0,0.0,0,0.0,0
5779,6305,1460821,3682942,misdemeanor,other,2018-05-30,244,3682942,23.68493150684932,M,mixed,2018-05-30,1039.0,2880.0,0,0.0,0
2476,180,78786,11166324,misdemeanor,violent,2012-09-26,479,6645202,24.15068493150685,M,White,2016-09-12,-1251.0,0.0,0,0.0,2
2553,3192,79198,3433327,felony,property,2018-07-15,813,3433327,28.265753424657536,M,White,2018-07-15,91.0,0.0,1,0.0,2
1154,6399,35320,8103699,misdemeanor,other,2015-07-31,544,3607980,24.339726027397266,M,Black,2018-06-13,-957.0,0.0,0,0.0,2
4366,3316,847667,8269935,misdemeanor,property,2020-11-05,569,5564259,32.27945205479452,F,Black,2017-07-03,538.0,0.0,0,0.0,0
1879,794,62147,7209813,felony,violent,2016-04-20,468,7292958,20.78082191780822,M,Black,2016-03-30,-693.0,551.0,0,0.0,0
1600,439,54289,7266260,misdemeanor,violent,2016-04-06,243,7266260,51.58082191780822,M,,2016-04-06,-1245.0,89.0,0,0.0,0
6468,5483,3381394,7055783,misdemeanor,other,2016-05-14,592,6647303,44.915068493150685,,,2016-09-12,1463.0,0.0,0,0.0,0
5433,2031,1137620,3883563,misdemeanor,property,2018-04-23,845,3130830,33.10958904109589,M,Black,2018-08-24,320.0,0.0,0,0.0,0
4373,3260,847994,9830028,misdemeanor,violent,2014-01-06,156,7311479,25.2986301369863,M,Black,2016-03-25,-241.0,0.0,0,0.0,0
3765,4593,336042,10448055,misdemeanor,other,2013-06-12,610,5170311,55.30684931506849,M,White,2017-09-15,-1505.0,0.0,0,0.0,0
3738,5700,334186,1325042,misdemeanor,other,2019-07-10,591,5749590,35.76712328767123,M,,2017-05-21,780.0,0.0,0,0.0,0
2244,1911,72764,5537995,misdemeanor,property,2017-07-07,885,6163577,22.72054794520548,F,Black,2017-02-03,45.0,0.0,0,0.0,3
806,6395,26596,7664090,misdemeanor,other,2015-12-11,137,7370720,46.40547945205479,M,mixed,2016-03-09,-14.0,0.0,0,0.0,0
1606,446,55112,11271102,misdemeanor,property,2012-08-22,225,7200043,46.46849315068493,M,White,2016-04-23,-1340.0,0.0,0,0.0,0
835,4307,26679,8017177,misdemeanor,other,2015-08-27,224,6916481,31.117808219178084,M,Black,2016-06-25,-68.0,0.0,0,0.0,0
3644,4548,318640,5764522,misdemeanor,other,2017-05-16,158,5764522,25.813698630136987,M,White,2017-05-16,-231.0,505.0,0,0.0,0
1093,4113,33253,9305185,misdemeanor,property,2014-06-27,649,4284534,24.306849315068494,M,Black,2018-02-25,689.0,0.0,0,0.0,0
5295,5726,1116388,6644686,misdemeanor,violent,2016-09-13,309,6585372,26.942465753424656,M,Black,2016-09-29,-16.0,0.0,0,0.0,1
3436,6030,230959,4611115,misdemeanor,property,2017-12-21,875,3128626,28.09041095890411,M,mixed,2018-08-25,657.0,0.0,0,0.0,0
1803,4441,57776,1955138,felony,drug,2019-04-03,500,7308318,21.936986301369863,M,Black,2016-03-25,0.0,0.0,1,0.0,1
1442,772,49472,8379807,felony,violent,2015-05-04,119,7563566,32.298630136986304,M,Black,2016-01-14,213.0,0.0,1,0.0,0
2949,6128,92254,6070899,misdemeanor,property,2017-02-27,413,4354694,25.13150684931507,M,Black,2018-02-11,693.0,0.0,0,0.0,0
3261,5986,145687,8923209,misdemeanor,other,2014-11-03,817,6183350,38.347945205479455,M,Asian,2017-01-30,-14.0,0.0,0,0.0,0
6289,2429,2844478,5766861,felony,property,2017-05-16,772,5766861,25.0082191780822,M,Black,2017-05-16,-1215.0,1591.0,0,1.0,0
3249,6412,131507,8007255,misdemeanor,other,2015-08-31,919,6995889,31.076712328767123,M,mixed,2016-06-01,541.0,0.0,0,0.0,0
1755,4825,57265,5379599,misdemeanor,other,2017-08-09,116,5435848,31.40821917808219,M,Black,2017-07-29,1408.0,0.0,0,0.0,0
3394,5688,222575,9130032,misdemeanor,drug,2014-08-25,195,6681053,22.824657534246576,M,Black,2016-09-01,-600.0,0.0,0,0.0,0
5062,191,1063563,7907895,felony,property,2015-09-29,385,4827776,30.816438356164383,M,White,2017-11-13,943.0,0.0,0,0.0,0
6330,2804,2952316,5662902,misdemeanor,violent,2017-06-09,805,5662902,61.33698630136986,M,White,2017-06-09,-203.0,6027.0,0,0.0,0
754,4348,26152,7481974,felony,property,2016-02-09,671,4957370,27.528767123287672,M,Black,2017-10-24,-88.0,0.0,1,0.0,1
4930,1817,1023228,7980663,misdemeanor,property,2015-09-08,88,3548675,26.413698630136988,F,Black,2018-06-24,-1063.0,0.0,0,0.0,0
5162,3390,1072559,6201090,misdemeanor,other,2017-01-25,467,6845142,55.02739726027397,M,White,2016-07-15,-37.0,0.0,0,0.0,0
2118,4005,69058,8904401,misdemeanor,drug,2014-11-10,402,7255033,49.24931506849315,F,mixed,2016-04-10,588.0,0.0,0,0.0,0
3432,3938,230959,3128626,misdemeanor,violent,2018-08-25,875,3128626,28.09041095890411,M,mixed,2018-08-25,382.0,0.0,0,0.0,0
3658,586,320209,4507353,misdemeanor,violent,2018-01-15,986,4507353,35.61369863013699,M,White,2018-01-15,188.0,0.0,0,0.0,0
3908,5307,349867,3432249,misdemeanor,property,2018-07-15,676,6357251,23.82191780821918,F,White,2016-12-09,-49.0,0.0,0,0.0,0
6070,2400,1805696,3591810,misdemeanor,drug,2018-06-15,252,7349807,29.40821917808219,F,White,2016-03-15,822.0,0.0,0,0.0,0
1984,4563,65745,3219260,misdemeanor,property,2018-08-06,954,2673805,27.67945205479452,M,White,2018-11-19,-26.0,0.0,0,0.0,0
2960,3440,92636,8047838,misdemeanor,property,2015-08-18,896,5155920,56.05479452054794,M,Black,2017-09-19,413.0,0.0,0,0.0,0
2014,3879,66046,6947576,misdemeanor,property,2016-06-15,909,5057571,24.473972602739725,M,Black,2017-10-06,966.0,0.0,0,0.0,0
3192,3437,115414,8811942,misdemeanor,property,2014-12-12,557,2907915,26.78356164383561,M,,2018-10-05,-11.0,0.0,0,0.0,0
2751,3693,84027,7637306,misdemeanor,property,2015-12-19,607,2680535,39.26849315068493,M,Black,2018-11-18,1185.0,0.0,0,0.0,1
6251,5837,2591916,5298889,misdemeanor,other,2017-08-25,395,5298889,28.843835616438355,F,White,2017-08-25,496.0,7303.0,0,0.0,0
3071,6115,92826,7335990,misdemeanor,other,2016-03-18,746,6037598,40.84657534246576,M,Black,2017-03-07,-10.0,0.0,0,0.0,0
4080,2661,531993,9242821,felony,property,2014-07-17,802,5598101,52.59178082191781,M,White,2017-06-23,-2056.0,0.0,0,0.0,1
4029,5306,474178,4075628,misdemeanor,other,2018-04-02,213,5597498,28.304109589041097,M,White,2017-06-23,147.0,0.0,0,0.0,0
1749,1206,57265,6756987,misdemeanor,property,2016-08-11,116,5435848,31.40821917808219,M,Black,2017-07-29,-63.0,0.0,0,0.0,0
3418,6088,230776,4915633,misdemeanor,drug,2017-10-30,751,4915633,27.638356164383563,M,Black,2017-10-30,219.0,974.0,0,0.0,0
5425,1925,1137620,3965546,misdemeanor,property,2018-04-10,845,3130830,33.10958904109589,M,Black,2018-08-24,22.0,0.0,0,0.0,0
3884,4954,344444,1800454,felony,property,2019-04-30,270,4865164,27.265753424657536,M,Black,2017-11-06,-251.0,0.0,1,0.0,1
1019,5403,29538,11208482,misdemeanor,other,2012-09-13,756,4502396,35.553424657534244,M,Black,2018-01-16,-824.0,0.0,0,0.0,1
1891,2924,63048,5524450,misdemeanor,other,2017-07-11,631,6194431,26.27671232876712,F,White,2017-01-26,719.0,0.0,0,0.0,0
3050,3859,92826,8583905,misdemeanor,other,2015-02-27,746,6037598,40.84657534246576,M,Black,2017-03-07,41.0,0.0,0,0.0,0
622,2083,23004,5232450,misdemeanor,drug,2017-09-07,103,5232450,55.75890410958904,M,White,2017-09-07,-688.0,810.0,0,0.0,0
5139,3338,1072559,6838092,misdemeanor,property,2016-07-16,467,6845142,55.02739726027397,M,White,2016-07-15,11.0,0.0,0,0.0,0
5588,2286,1302621,11420047,misdemeanor,violent,2012-07-02,85,2907242,54.24657534246575,M,Black,2018-10-05,-1313.0,1074.0,0,0.0,0
3552,3907,260781,5768372,misdemeanor,other,2017-05-16,589,3059137,19.3972602739726,M,Black,2018-09-07,-628.0,0.0,0,0.0,0
1766,1078,57529,10980264,misdemeanor,violent,2012-12-03,153,7224958,25.56438356164384,M,Black,2016-04-17,119.0,0.0,0,0.0,0
5567,2751,1300240,9862959,misdemeanor,drug,2013-12-24,879,7200598,26.747945205479454,M,Black,2016-04-23,-532.0,0.0,0,0.0,0
6477,5511,3389220,5847328,misdemeanor,other,2017-04-25,638,5847328,33.04383561643836,M,White,2017-04-25,381.0,3820.0,0,0.0,0
2585,4941,80524,11404555,misdemeanor,other,2012-07-07,828,6978316,38.4,M,Black,2016-06-06,-871.0,0.0,0,0.0,5
4515,4860,910635,9707317,misdemeanor,other,2014-02-18,841,4973877,61.01643835616439,M,Black,2017-10-22,-6.0,0.0,0,0.0,0
6156,2802,2293944,5847419,misdemeanor,property,2017-04-25,555,5847419,38.96712328767124,M,Other,2017-04-25,-1.0,0.0,0,0.0,0
6050,5295,1799436,5675576,misdemeanor,drug,2017-06-06,336,5754726,21.36712328767124,M,White,2017-05-19,18.0,0.0,0,0.0,1
1017,3670,29538,10881294,misdemeanor,drug,2013-01-11,756,4502396,35.553424657534244,M,Black,2018-01-16,289.0,0.0,0,0.0,1
4808,1748,995275,6234834,misdemeanor,property,2017-01-15,790,6390045,45.11506849315069,M,mixed,2016-11-23,53.0,0.0,0,0.0,0
5091,158,1065197,5821772,misdemeanor,property,2017-05-01,190,5821772,18.03835616438356,M,White,2017-05-01,-250.0,166.0,0,0.0,0
4355,5881,845123,5471332,misdemeanor,other,2017-07-23,241,5413918,46.97260273972603,M,Black,2017-08-03,-65.0,0.0,0,0.0,0
5857,2651,1519445,6553405,misdemeanor,violent,2016-10-10,19,6553405,51.96986301369863,M,Black,2016-10-10,835.0,0.0,0,0.0,0
5682,6230,1330380,7601167,misdemeanor,other,2016-01-04,603,7601167,37.36164383561644,M,Black,2016-01-04,-1085.0,20871.0,0,0.0,0
1753,4703,57265,8409589,misdemeanor,other,2015-04-22,116,5435848,31.40821917808219,M,Black,2017-07-29,-859.0,0.0,0,0.0,0
3779,4670,336042,10681682,misdemeanor,other,2013-03-23,610,5170311,55.30684931506849,M,White,2017-09-15,-2190.0,0.0,0,0.0,0
4181,3663,571225,11430441,misdemeanor,drug,2012-06-28,381,6053989,53.654794520547945,M,Black,2017-03-02,-2945.0,262.0,0,0.0,0
20,4687,2003,11511493,misdemeanor,drug,2012-05-31,325,3551844,53.465753424657535,M,Black,2018-06-22,-2213.0,0.0,0,0.0,0
1810,744,58583,9245055,felony,drug,2014-07-16,266,3982258,27.813698630136987,M,Black,2018-04-07,-2055.0,807.0,0,0.0,2
1555,2634,51576,759961,felony,violent,2019-10-28,159,3138306,52.04657534246575,M,Black,2018-08-23,1788.0,0.0,0,1.0,1
2467,108,78786,11937335,misdemeanor,violent,2015-07-22,479,6645202,24.15068493150685,M,White,2016-09-12,-471.0,0.0,0,0.0,2
317,975,12751,4864261,misdemeanor,violent,2017-11-06,73,4435364,26.40821917808219,M,Black,2018-01-27,-452.0,0.0,0,0.0,2
693,4430,25110,10492266,misdemeanor,other,2013-05-29,449,3787339,22.95616438356164,M,Black,2018-05-10,-1829.0,0.0,0,0.0,2
2261,5108,72764,2063449,misdemeanor,property,2019-03-14,885,6163577,22.72054794520548,F,Black,2017-02-03,104.0,0.0,0,0.0,3
32,1127,2326,9480353,felony,other,2014-05-06,807,7591648,31.378082191780823,M,Black,2016-01-06,-198.0,0.0,1,0.0,1
5867,756,1543625,8475119,misdemeanor,violent,2015-04-03,441,4283852,56.85753424657534,M,Black,2018-02-25,-1281.0,8411.0,0,0.0,0
3904,2251,349867,7064120,misdemeanor,drug,2016-05-12,676,6357251,23.82191780821918,F,White,2016-12-09,-135.0,0.0,0,0.0,0
5393,1703,1134813,5766373,felony,violent,2017-05-16,699,7159070,18.42465753424657,M,Black,2016-05-05,0.0,0.0,1,0.0,6
6293,2810,2871747,4519388,misdemeanor,property,2018-01-12,658,6601849,53.79726027397261,M,Black,2016-09-23,-129.0,197.0,0,0.0,0
2181,1986,69777,6303394,felony,violent,2016-12-26,868,5594049,27.216438356164385,M,Other,2017-06-24,29.0,0.0,1,0.0,2
2619,4387,81431,6632194,felony,drug,2016-09-15,942,6289055,34.40821917808219,M,Black,2017-01-01,-1334.0,0.0,0,0.0,0
87,3063,3909,6370773,felony,property,2016-12-01,935,6370773,47.17260273972602,M,White,2016-12-01,0.0,0.0,1,0.0,3
1359,4645,46960,5915304,misdemeanor,property,2017-04-07,99,5915304,24.994520547945207,F,White,2017-04-07,-42.0,0.0,0,0.0,0
6277,5386,2792559,3848838,misdemeanor,violent,2018-04-30,614,6313370,50.71780821917808,M,White,2016-12-21,461.0,0.0,0,0.0,0
5227,3325,1103608,10525905,misdemeanor,drug,2013-05-17,464,4541881,27.410958904109588,F,White,2018-01-09,-1698.0,0.0,0,0.0,0
4697,921,960846,7761406,misdemeanor,violent,2015-11-13,764,5919982,26.92328767123288,F,Black,2017-04-06,680.0,0.0,0,0.0,0
3258,3814,145687,10740887,felony,property,2013-03-03,817,6183350,38.347945205479455,M,Asian,2017-01-30,-431.0,0.0,0,0.0,0
6266,2247,2740186,6485644,misdemeanor,violent,2016-10-30,873,6485644,48.3013698630137,M,Black,2016-10-30,1542.0,0.0,0,0.0,0
3081,6210,93743,5001124,misdemeanor,drug,2017-10-17,640,7392722,22.873972602739727,M,Black,2016-03-03,-924.0,0.0,0,0.0,0
272,4972,10071,5792197,misdemeanor,other,2017-05-09,967,5792197,21.95890410958904,M,Black,2017-05-09,-473.0,0.0,0,0.0,1
5026,2992,1060589,4941565,misdemeanor,property,2017-10-27,199,4941565,28.134246575342463,M,Black,2017-10-27,27.0,0.0,0,0.0,2
5730,6243,1421025,5201065,misdemeanor,other,2017-09-12,371,5201065,36.583561643835615,M,Other,2017-09-12,-352.0,0.0,0,0.0,0
3599,2687,306222,3939319,felony,violent,2018-04-15,409,6809493,24.671232876712327,M,Black,2016-07-26,-31.0,0.0,1,0.0,2
735,527,25928,10695699,misdemeanor,property,2013-03-18,0,7268817,59.33698630136986,M,Black,2016-04-06,-2064.0,258.0,0,0.0,0
3898,2167,349867,8393431,misdemeanor,drug,2015-04-28,676,6357251,23.82191780821918,F,White,2016-12-09,145.0,0.0,0,0.0,0
1492,804,50867,5059273,felony,violent,2017-10-05,944,5473408,20.72876712328767,M,Black,2017-07-21,76.0,0.0,1,0.0,1
765,4337,26204,6836725,felony,property,2016-07-17,332,6836725,61.276712328767125,F,mixed,2016-07-17,-725.0,52.0,0,1.0,0
5061,184,1063563,10745585,misdemeanor,property,2013-02-28,385,4827776,30.816438356164383,M,White,2017-11-13,-1812.0,0.0,0,0.0,0
1219,2259,41991,6491968,misdemeanor,other,2016-10-27,563,6778366,24.93972602739726,M,White,2016-08-05,566.0,0.0,0,0.0,4
1583,1465,53703,9665259,misdemeanor,violent,2014-03-05,581,6648850,21.15068493150685,M,Black,2016-09-11,33.0,0.0,0,0.0,1
4117,5449,539268,6753607,misdemeanor,property,2020-10-02,626,3993384,44.24383561643835,M,White,2018-04-05,103.0,0.0,0,0.0,0
1752,4392,57265,5283356,felony,other,2017-08-28,116,5435848,31.40821917808219,M,Black,2017-07-29,201.0,0.0,1,0.0,0
3892,287,349867,7591093,misdemeanor,property,2016-01-06,676,6357251,23.82191780821918,F,White,2016-12-09,625.0,0.0,0,0.0,0
2102,494,69058,5764715,misdemeanor,violent,2017-05-16,402,7255033,49.24931506849315,F,mixed,2016-04-10,-735.0,0.0,0,0.0,0
3245,3568,131507,10895117,felony,violent,2013-01-07,919,6995889,31.076712328767123,M,mixed,2016-06-01,-2340.0,5225.0,0,0.0,0
1682,1604,56410,5565948,misdemeanor,violent,2017-07-01,741,4937826,33.4027397260274,M,Black,2017-10-27,-665.0,0.0,0,0.0,0
563,125,20799,11999318,misdemeanor,other,2018-09-26,654,12005419,47.68493150684932,M,White,2018-01-06,0.0,0.0,0,0.0,0
197,16,8819,5053407,felony,other,2017-10-06,877,5059344,42.56438356164384,M,Black,2017-10-05,106.0,41.0,0,0.0,1
679,2614,25060,3579638,felony,violent,2018-06-19,718,4796664,25.947945205479453,F,Black,2017-11-19,212.0,0.0,1,0.0,0
2333,5598,74726,3646741,misdemeanor,other,2018-06-06,887,3646741,26.556164383561644,M,Black,2018-06-06,97.0,0.0,0,0.0,0
3561,3537,265085,2573014,misdemeanor,property,2018-12-09,541,3232676,43.10410958904109,M,Black,2018-08-03,212.0,0.0,0,0.0,0
1126,6356,34599,1616550,misdemeanor,other,2019-05-16,298,5352026,20.945205479452056,M,mixed,2017-08-15,-178.0,0.0,0,0.0,0
5118,4498,1065548,3750764,misdemeanor,drug,2018-05-16,856,6659898,18.39452054794521,M,White,2016-09-07,-45.0,0.0,0,0.0,2
2985,3508,92636,5182465,misdemeanor,property,2017-09-14,896,5155920,56.05479452054794,M,Black,2017-09-19,-104.0,0.0,0,0.0,0
1654,2441,56090,3659350,felony,property,2018-06-04,362,6916269,18.29041095890411,M,White,2016-06-25,274.0,0.0,1,0.0,0
1713,739,56946,9796768,felony,drug,2014-01-15,786,5140950,38.2027397260274,M,Black,2017-09-21,140.0,0.0,1,0.0,0
3723,4668,324828,228546,misdemeanor,drug,2020-02-16,789,3377463,34.227397260273975,M,Black,2018-07-24,934.0,0.0,0,0.0,0
1833,4737,59578,10291719,felony,drug,2013-08-06,480,7422471,39.63835616438356,M,Black,2016-02-23,-931.0,0.0,0,0.0,1
3622,414,316053,8146633,misdemeanor,drug,2015-07-17,353,5560634,41.33698630136986,F,White,2017-07-03,-717.0,0.0,0,0.0,0
31,1112,2326,8871799,misdemeanor,drug,2014-11-20,807,7591648,31.378082191780823,M,Black,2016-01-06,-63.0,0.0,0,0.0,1
3301,6172,176762,4308924,misdemeanor,drug,2018-02-20,487,4308924,27.912328767123288,M,Black,2018-02-20,6.0,1357.0,0,0.0,0
4805,940,994193,6982826,misdemeanor,violent,2016-06-05,795,3625742,34.90958904109589,M,mixed,2018-06-10,-2.0,424.0,0,0.0,0
5527,2028,1284992,3372630,misdemeanor,drug,2018-07-25,277,5866672,38.0958904109589,M,White,2017-04-20,516.0,0.0,0,0.0,0
861,4276,27249,2283932,misdemeanor,property,2019-02-05,960,6478529,22.87945205479452,M,Black,2016-11-01,5.0,0.0,0,0.0,3
5008,5749,1058804,712151,misdemeanor,property,2019-11-07,874,6215258,38.89315068493151,M,White,2017-01-20,0.0,0.0,0,0.0,1
4415,5884,861665,2469503,misdemeanor,property,2018-12-31,333,5132759,34.63835616438356,M,Black,2017-09-23,-155.0,0.0,0,0.0,0
153,2314,6614,5913001,felony,property,2017-04-09,107,5913001,25.3972602739726,M,White,2017-04-09,657.0,0.0,0,0.0,1
2346,6318,74829,3392137,misdemeanor,drug,2018-07-21,246,3392137,27.47945205479452,M,Black,2018-07-21,1376.0,0.0,0,0.0,0
1000,2490,29538,7878761,felony,property,2015-10-09,756,4502396,35.553424657534244,M,Black,2018-01-16,-1166.0,0.0,0,0.0,1
3281,1983,172713,6594587,felony,violent,2016-09-26,323,4874761,24.2054794520548,M,Black,2017-11-04,-114.0,0.0,1,0.0,1
5128,3326,1072559,9214004,misdemeanor,property,2014-07-28,467,6845142,55.02739726027397,M,White,2016-07-15,434.0,0.0,0,0.0,0
2447,2870,77608,3598061,felony,violent,2018-06-14,934,4613060,36.35890410958904,F,White,2017-12-20,-7.0,0.0,1,0.0,1
2228,1644,72764,5752989,felony,property,2017-05-19,885,6163577,22.72054794520548,F,Black,2017-02-03,1804.0,0.0,0,0.0,3
1186,2063,38602,9435251,misdemeanor,violent,2014-05-22,853,6235576,43.96986301369863,M,Black,2017-01-14,-968.0,0.0,0,0.0,0
5382,1848,1130673,11211066,misdemeanor,drug,2012-09-12,599,7005244,25.65205479452055,M,Black,2016-05-28,-184.0,0.0,0,0.0,1
781,4221,26596,8310347,misdemeanor,property,2015-05-27,137,7370720,46.40547945205479,M,mixed,2016-03-09,127.0,0.0,0,0.0,0
3569,3953,265085,5327001,misdemeanor,other,2020-09-10,541,3232676,43.10410958904109,M,Black,2018-08-03,206.0,0.0,0,0.0,0
5429,1970,1137620,7905972,misdemeanor,property,2015-09-30,845,3130830,33.10958904109589,M,Black,2018-08-24,232.0,0.0,0,0.0,0
1943,2957,64186,2855309,misdemeanor,drug,2018-10-16,917,6203506,35.85753424657534,M,Black,2017-01-24,444.0,0.0,0,0.0,0
1791,1082,57776,10819464,felony,drug,2013-02-03,500,7308318,21.936986301369863,M,Black,2016-03-25,-1146.0,0.0,0,0.0,1
5653,2691,1309027,2972921,misdemeanor,drug,2018-09-24,708,3066846,33.394520547945206,M,White,2018-09-06,613.0,0.0,0,0.0,0
6454,3344,3355630,6055461,misdemeanor,drug,2017-03-02,416,6055461,60.701369863013696,F,White,2017-03-02,-89.0,743.0,0,0.0,0
3834,4651,339988,5665413,misdemeanor,other,2017-06-08,139,5998375,56.57534246575342,M,,2017-03-17,-1.0,0.0,0,0.0,0
2055,1794,67140,1162655,misdemeanor,drug,2019-08-09,204,5670555,29.33150684931507,M,Black,2017-06-07,793.0,0.0,0,0.0,2
1190,2075,38681,6595986,felony,property,2016-09-26,801,4546237,41.66301369863014,F,White,2018-01-08,326.0,79.0,0,0.0,0
3487,5953,243705,3549994,misdemeanor,property,2018-06-24,481,6532455,18.654794520547945,M,Black,2016-10-17,-754.0,0.0,0,0.0,1
1426,5043,48528,6067215,misdemeanor,other,2017-02-27,155,3851361,25.53972602739726,M,White,2018-04-29,1736.0,0.0,0,0.0,0
131,999,5400,4292218,misdemeanor,violent,2018-02-22,642,4292218,27.21917808219178,M,Black,2018-02-22,50.0,0.0,0,0.0,0
1228,3054,41991,6589204,felony,property,2016-09-28,563,6778366,24.93972602739726,M,White,2016-08-05,0.0,0.0,1,0.0,4
1165,6346,35378,1675778,misdemeanor,property,2019-05-08,338,3368502,62.18082191780822,M,Black,2018-07-26,1044.0,0.0,0,0.0,0
66,1929,2870,3819130,misdemeanor,property,2018-05-04,290,3819130,38.43835616438356,M,White,2018-05-04,538.0,0.0,0,0.0,0
4619,1732,929734,2657582,misdemeanor,property,2018-11-21,297,2971473,40.465753424657535,M,White,2018-09-24,-313.0,0.0,0,0.0,0
5361,1990,1129092,7210339,felony,property,2016-04-20,583,6971419,31.638356164383563,F,White,2016-06-08,-49.0,0.0,1,0.0,4
4058,3972,522552,5789022,felony,other,2017-05-10,636,6457126,32.62191780821918,F,White,2016-11-08,365.0,0.0,0,0.0,0
2941,3854,92254,8692170,misdemeanor,property,2015-01-26,413,4354694,25.13150684931507,M,Black,2018-02-11,954.0,0.0,0,0.0,0
2369,5851,75450,1340657,misdemeanor,property,2019-07-08,81,7462166,53.10410958904109,M,White,2016-02-16,2547.0,0.0,0,0.0,0
3465,6162,239629,3962327,felony,drug,2018-04-11,547,5585793,27.71780821917808,M,Black,2017-06-27,670.0,0.0,0,0.0,1
598,2359,22194,1115511,misdemeanor,drug,2019-08-19,820,4884956,37.95616438356164,F,White,2017-11-02,1559.0,0.0,0,0.0,0
2760,776,84199,7317316,misdemeanor,violent,2016-03-23,553,7563283,22.12054794520548,M,Black,2016-01-14,-970.0,172.0,0,0.0,0
5111,218,1065548,2977733,misdemeanor,property,2018-09-22,856,6659898,18.39452054794521,M,White,2016-09-07,745.0,0.0,0,0.0,2
574,2894,21406,4073552,misdemeanor,property,2020-08-08,450,5590253,19.052054794520547,M,White,2017-06-26,1139.0,0.0,0,0.0,0
5445,4725,1171048,1861451,misdemeanor,drug,2019-04-18,683,3774134,32.556164383561644,F,Black,2018-05-13,1853.0,0.0,0,0.0,0
3076,3803,93743,11346673,misdemeanor,other,2012-07-28,640,7392722,22.873972602739727,M,Black,2016-03-03,-1314.0,0.0,0,0.0,0
1444,1124,49472,9429116,misdemeanor,drug,2014-05-24,119,7563566,32.298630136986304,M,Black,2016-01-14,-716.0,0.0,0,0.0,0
5641,5475,1308319,3395947,misdemeanor,other,2018-07-20,46,5819314,19.27671232876712,M,Black,2017-05-02,0.0,0.0,0,0.0,0
1996,3577,65964,9834887,misdemeanor,property,2014-01-03,229,6725060,24.34794520547945,M,Black,2016-08-20,-77.0,0.0,0,0.0,1
2068,3434,67939,9250707,misdemeanor,property,2014-07-15,707,5475688,60.42191780821918,M,Black,2017-07-21,216.0,0.0,0,0.0,0
1779,1090,57732,10225627,felony,drug,2013-08-27,101,5844042,26.22739726027397,M,Black,2017-04-26,-298.0,0.0,1,0.0,0
4292,4442,725268,3676290,misdemeanor,other,2018-05-31,492,6889724,30.73972602739726,M,mixed,2016-07-05,787.0,0.0,0,0.0,0
6303,5607,2871747,2861012,misdemeanor,drug,2018-10-15,658,6601849,53.79726027397261,M,Black,2016-09-23,228.0,0.0,0,0.0,0
4368,5893,847667,383385,misdemeanor,property,2020-01-16,569,5564259,32.27945205479452,F,Black,2017-07-03,261.0,0.0,0,0.0,0
1499,1591,50867,6340648,felony,violent,2016-12-13,944,5473408,20.72876712328767,M,Black,2017-07-21,0.0,0.0,1,0.0,1
2036,511,66832,13649514,misdemeanor,other,2012-12-16,892,4100820,33.62465753424657,M,Black,2018-03-28,144.0,0.0,0,0.0,1
4551,4946,911946,8348277,misdemeanor,other,2015-05-13,727,6339294,31.46027397260274,M,Black,2016-12-13,-14.0,0.0,0,0.0,0
2403,2830,76733,10933567,misdemeanor,property,2012-12-19,48,4573842,27.47945205479452,F,White,2017-12-30,-2728.0,0.0,0,0.0,0
2427,3747,77082,5603474,misdemeanor,violent,2017-06-22,356,6537617,29.134246575342463,M,White,2016-10-14,251.0,0.0,0,0.0,0
6517,6205,3667430,6623308,felony,violent,2016-09-19,196,6623308,48.88767123287671,M,Black,2016-09-19,5.0,0.0,1,1.0,1
1314,1621,45613,3245978,misdemeanor,violent,2018-07-31,692,3245978,36.17808219178082,F,Black,2018-07-31,1550.0,0.0,0,0.0,0
2689,1955,82604,9543598,felony,drug,2014-04-15,129,2576292,34.865753424657534,M,Black,2018-12-07,-1697.0,0.0,0,0.0,2
2160,5319,69474,19588712,misdemeanor,other,2012-02-11,106,6460426,30.30958904109589,F,White,2016-11-07,0.0,0.0,0,0.0,0
1578,428,53703,6648850,felony,violent,2016-09-11,581,6648850,21.15068493150685,M,Black,2016-09-11,421.0,0.0,0,0.0,1
1083,6278,33016,8593815,misdemeanor,other,2015-02-25,43,6443817,28.084931506849315,F,mixed,2016-11-13,532.0,0.0,0,0.0,0
5079,1664,1064456,11520123,felony,drug,2012-05-29,908,2953487,26.27123287671233,M,Black,2018-09-26,-2311.0,0.0,0,0.0,0
3018,6004,92636,8007497,misdemeanor,other,2015-08-31,896,5155920,56.05479452054794,M,Black,2017-09-19,-1.0,0.0,0,0.0,0
5622,5491,1307676,6621889,misdemeanor,other,2016-09-19,383,6704112,35.09315068493151,M,White,2016-08-26,-591.0,0.0,0,0.0,0
6097,557,2106053,6476446,misdemeanor,property,2016-11-01,357,6397938,47.74520547945205,F,White,2016-11-21,547.0,0.0,0,0.0,1
4926,4681,1023093,2632090,misdemeanor,property,2018-11-27,64,3493710,18.852054794520548,M,Black,2018-07-04,-586.0,0.0,0,0.0,0
5184,5931,1072559,5639420,misdemeanor,other,2017-06-15,467,6845142,55.02739726027397,M,White,2016-07-15,-1.0,0.0,0,0.0,0
6029,5702,1779141,7636434,misdemeanor,other,2015-12-20,998,7500144,61.42191780821918,M,White,2016-02-05,7.0,0.0,0,0.0,0
1641,3066,55857,6102845,misdemeanor,drug,2017-02-17,434,6102845,27.07945205479452,F,White,2017-02-17,750.0,0.0,0,0.0,0
2245,1913,72764,6133284,misdemeanor,property,2017-02-10,885,6163577,22.72054794520548,F,Black,2017-02-03,-147.0,0.0,0,0.0,3
5387,5248,1130673,9329968,felony,other,2014-06-19,599,7005244,25.65205479452055,M,Black,2016-05-28,-959.0,0.0,0,0.0,1
2517,151,79024,6759183,misdemeanor,other,2016-08-10,52,6759183,37.75616438356165,M,Black,2016-08-10,450.0,0.0,0,0.0,0
3454,3616,238381,5480070,felony,other,2017-07-20,121,5854343,19.65753424657534,F,Black,2017-04-22,151.0,1873.0,0,0.0,0
1757,4931,57265,1091963,felony,other,2019-08-23,116,5435848,31.40821917808219,M,Black,2017-07-29,2504.0,0.0,0,1.0,0
5124,3321,1072559,11590817,misdemeanor,other,2012-05-07,467,6845142,55.02739726027397,M,White,2016-07-15,-114.0,0.0,0,0.0,0
4591,1211,919650,7532175,misdemeanor,violent,2016-01-24,744,7532175,34.915068493150685,M,Black,2016-01-24,987.0,0.0,0,0.0,0
1326,5370,46047,7015773,felony,other,2016-05-25,334,7023735,31.136986301369863,M,White,2016-05-23,-728.0,0.0,0,0.0,0
3531,6050,255887,3404410,misdemeanor,property,2018-07-19,201,3404410,55.59452054794521,M,Black,2018-07-19,244.0,2410.0,0,0.0,0
4425,3259,883902,9041192,felony,violent,2014-09-22,439,7153262,20.334246575342465,M,Black,2016-05-07,-1037.0,0.0,0,0.0,0
5,1259,1788,5879415,felony,violent,2017-04-17,200,5879415,46.96164383561644,M,,2017-04-17,1579.0,0.0,0,1.0,0
840,3558,27249,11325121,misdemeanor,violent,2012-08-04,960,6478529,22.87945205479452,M,Black,2016-11-01,-2877.0,570.0,0,0.0,3
5309,1995,1119846,7485908,misdemeanor,property,2016-02-08,914,7485908,19.312328767123287,M,Black,2016-02-08,-141.0,0.0,0,0.0,3
6240,3199,2572349,3990322,misdemeanor,property,2018-04-06,221,3411394,39.00821917808219,F,White,2018-07-18,187.0,1392.0,0,0.0,0
5673,2185,1309509,9848913,misdemeanor,drug,2020-07-15,754,2495644,31.46849315068493,M,White,2018-12-24,2145.0,0.0,0,0.0,0
927,6489,27558,4478680,misdemeanor,other,2018-01-20,54,4448872,37.512328767123286,M,Black,2018-01-25,-3.0,0.0,0,0.0,1
446,3052,15340,8247165,misdemeanor,property,2015-06-17,237,5697246,39.5972602739726,M,White,2017-05-31,0.0,0.0,0,0.0,0
2242,1907,72764,5749964,misdemeanor,property,2017-05-20,885,6163577,22.72054794520548,F,Black,2017-02-03,8.0,0.0,0,0.0,3
4304,3792,742629,1058639,misdemeanor,property,2019-08-30,79,3828636,22.02465753424657,M,Black,2018-05-03,141.0,0.0,0,0.0,1
5815,1707,1499779,5415512,misdemeanor,other,2017-08-02,882,5739857,58.48219178082192,F,Black,2017-05-23,762.0,99.0,0,0.0,0
2451,5541,77608,3966313,misdemeanor,property,2018-04-10,934,4613060,36.35890410958904,F,White,2017-12-20,336.0,0.0,0,0.0,1
5755,4473,1439871,10510065,felony,other,2013-05-22,835,7030740,30.698630136986303,M,White,2016-05-20,-1050.0,0.0,0,0.0,0
3674,565,320631,6655456,misdemeanor,drug,2016-09-08,996,6305418,31.63013698630137,M,Black,2016-12-23,-96.0,0.0,0,0.0,0
4308,3743,742996,4599087,misdemeanor,property,2017-12-24,857,4599087,46.87945205479452,F,,2017-12-24,-433.0,367.0,0,0.0,0
4369,5963,847667,5564259,misdemeanor,other,2017-07-03,569,5564259,32.27945205479452,F,Black,2017-07-03,-927.0,0.0,0,0.0,0
1332,5398,46047,9088114,felony,other,2014-09-08,334,7023735,31.136986301369863,M,White,2016-05-23,225.0,0.0,1,0.0,0
408,113,14780,11956862,misdemeanor,drug,2016-10-31,175,11966928,22.197260273972603,M,White,2016-04-12,662.0,0.0,0,0.0,1
1014,2612,29538,4502396,felony,violent,2018-01-16,756,4502396,35.553424657534244,M,Black,2018-01-16,847.0,0.0,0,0.0,1
3198,6096,115414,10321175,misdemeanor,drug,2013-07-27,557,2907915,26.78356164383561,M,,2018-10-05,-1341.0,0.0,0,0.0,0
2378,2853,75570,6277837,misdemeanor,drug,2017-01-04,677,4741552,26.2027397260274,M,White,2017-11-28,-754.0,0.0,0,0.0,0
3430,3488,230959,5045367,misdemeanor,drug,2017-10-10,875,3128626,28.09041095890411,M,mixed,2018-08-25,-1059.0,0.0,0,0.0,0
4809,1800,995275,3430000,misdemeanor,other,2020-07-09,790,6390045,45.11506849315069,M,mixed,2016-11-23,1271.0,0.0,0,0.0,0
4956,1063,1052139,1761937,misdemeanor,property,2020-06-03,891,6537189,48.367123287671234,M,White,2016-10-14,235.0,1401.0,0,0.0,0
2583,1678,80524,8069971,felony,property,2015-08-11,828,6978316,38.4,M,Black,2016-06-06,-303.0,0.0,1,0.0,5
5198,5957,1072559,1312244,misdemeanor,other,2019-07-12,467,6845142,55.02739726027397,M,White,2016-07-15,410.0,0.0,0,0.0,0
2584,1960,80524,8854161,felony,property,2014-11-25,828,6978316,38.4,M,Black,2016-06-06,-259.0,0.0,1,0.0,5
844,4129,27249,6486844,misdemeanor,violent,2016-10-29,960,6478529,22.87945205479452,M,Black,2016-11-01,-3.0,0.0,0,0.0,3
1080,4044,33016,6443817,misdemeanor,property,2016-11-13,43,6443817,28.084931506849315,F,mixed,2016-11-13,1159.0,0.0,0,0.0,0
6164,1602,2392616,5804869,felony,violent,2017-05-05,299,5804869,25.912328767123288,F,Black,2017-05-05,358.0,8602.0,0,1.0,0
2265,5455,72764,474233,misdemeanor,property,2019-12-26,885,6163577,22.72054794520548,F,Black,2017-02-03,-65.0,0.0,0,0.0,3
2966,3452,92636,7875753,misdemeanor,property,2015-10-11,896,5155920,56.05479452054794,M,Black,2017-09-19,224.0,0.0,0,0.0,0
6093,1811,2080856,6710623,misdemeanor,property,2016-08-24,774,6710623,50.40547945205479,F,White,2016-08-24,-85.0,1147.0,0,0.0,0
760,6335,26152,8862350,misdemeanor,other,2014-11-23,671,4957370,27.528767123287672,M,Black,2017-10-24,-1491.0,0.0,0,0.0,1
5275,3150,1114653,11377166,felony,violent,2012-07-17,78,3399268,39.16712328767123,M,Black,2018-07-20,-2562.0,0.0,0,0.0,0
1568,694,51883,11163480,felony,violent,2012-09-27,752,5828497,25.980821917808218,M,mixed,2017-04-30,-2286.0,307.0,0,0.0,0
2609,4402,81290,4438316,misdemeanor,other,2018-01-26,575,4524599,20.134246575342463,M,Black,2018-01-11,-252.0,0.0,0,0.0,0
433,4500,14836,2127283,misdemeanor,drug,2019-03-05,773,5627332,26.013698630136982,M,White,2017-06-18,-438.0,0.0,0,0.0,0
1871,5673,60742,5649262,misdemeanor,property,2017-06-13,737,6015800,28.254794520547943,M,Black,2017-03-13,1011.0,0.0,0,0.0,0
6341,4059,3054080,6676974,misdemeanor,property,2016-09-02,124,6676974,23.698630136986303,F,mixed,2016-09-02,-1022.0,46821.0,0,0.0,0
3539,1018,259056,3847443,misdemeanor,violent,2018-04-30,59,4219078,40.772602739726025,M,Black,2018-03-08,-435.0,0.0,0,0.0,1
1685,1906,56410,5101569,misdemeanor,property,2017-09-28,741,4937826,33.4027397260274,M,Black,2017-10-27,-1084.0,0.0,0,0.0,0
1419,624,48528,9449507,felony,violent,2014-05-18,155,3851361,25.53972602739726,M,White,2018-04-29,-233.0,317.0,0,0.0,0
2374,5865,75450,953304,misdemeanor,property,2019-09-19,81,7462166,53.10410958904109,M,White,2016-02-16,-204.0,0.0,0,0.0,0
1921,2927,63935,3269649,misdemeanor,other,2018-07-27,341,7021379,29.64109589041096,F,White,2016-05-24,910.0,0.0,0,0.0,1
108,5155,4741,97653,misdemeanor,other,2020-03-12,421,4609251,33.49589041095891,M,White,2017-12-21,529.0,0.0,0,0.0,0
3115,3873,98350,6788370,misdemeanor,other,2016-08-02,183,4251991,53.772602739726025,M,Black,2018-03-02,467.0,0.0,0,0.0,1
4925,4667,1023093,3350807,misdemeanor,other,2020-07-05,64,3493710,18.852054794520548,M,Black,2018-07-04,768.0,0.0,0,0.0,0
2891,3629,91690,5996761,misdemeanor,property,2017-03-19,952,5883395,25.66575342465753,M,Black,2017-04-17,54.0,0.0,0,0.0,0
77,2146,3484,1863547,misdemeanor,violent,2019-04-18,928,7383051,38.0,M,Black,2016-03-06,1138.0,0.0,0,0.0,1
5988,2328,1675740,3301450,misdemeanor,other,2020-06-19,609,6147642,34.961643835616435,M,White,2017-02-07,735.0,0.0,0,0.0,0
180,4779,8089,7169772,felony,drug,2016-05-02,586,4652942,22.35890410958904,M,Black,2017-12-12,222.0,0.0,1,0.0,0
5058,154,1063563,4827776,misdemeanor,property,2017-11-13,385,4827776,30.816438356164383,M,White,2017-11-13,442.0,0.0,0,0.0,0
5811,5149,1499514,3892526,misdemeanor,other,2018-04-21,758,3892526,37.345205479452055,F,Asian,2018-04-21,257.0,0.0,0,0.0,0
2940,3800,92254,11464318,misdemeanor,violent,2012-06-16,413,4354694,25.13150684931507,M,Black,2018-02-11,-438.0,0.0,0,0.0,0
2928,3947,91883,4035913,misdemeanor,property,2020-07-23,903,7408614,25.14246575342466,F,Black,2016-02-27,726.0,0.0,0,0.0,0
2429,3791,77082,1891070,misdemeanor,other,2019-04-14,356,6537617,29.134246575342463,M,White,2016-10-14,36.0,0.0,0,0.0,0
607,2408,22194,1251682,misdemeanor,property,2019-07-23,820,4884956,37.95616438356164,F,White,2017-11-02,188.0,0.0,0,0.0,0
1566,5520,51576,3138306,misdemeanor,other,2018-08-23,159,3138306,52.04657534246575,M,Black,2018-08-23,1533.0,0.0,0,0.0,1
3615,3914,311707,6106630,misdemeanor,other,2017-02-16,641,6106630,35.1945205479452,M,Black,2017-02-16,800.0,0.0,0,0.0,0
1612,517,55112,13657090,misdemeanor,property,2012-02-24,225,7200043,46.46849315068493,M,White,2016-04-23,42.0,0.0,0,0.0,0
1448,4742,49472,9895151,misdemeanor,other,2013-12-16,119,7563566,32.298630136986304,M,Black,2016-01-14,-759.0,0.0,0,0.0,0
2671,1217,82486,5256465,misdemeanor,drug,2017-09-01,186,5256465,25.63013698630137,M,Black,2017-09-01,-36.0,0.0,0,0.0,3
3712,6312,323098,3128023,misdemeanor,property,2018-08-25,127,5801992,31.42465753424657,M,Black,2017-05-07,-34.0,0.0,0,0.0,0
3480,3533,243705,3065596,felony,other,2018-09-06,481,6532455,18.654794520547945,M,Black,2016-10-17,554.0,0.0,0,0.0,1
3207,2984,115968,7003779,misdemeanor,violent,2016-05-30,768,7003779,30.983561643835618,M,Black,2016-05-30,-88.0,0.0,0,0.0,0
1623,1870,55112,6014073,misdemeanor,drug,2017-03-13,225,7200043,46.46849315068493,M,White,2016-04-23,-156.0,0.0,0,0.0,0
4579,1456,915957,10157401,misdemeanor,drug,2013-09-19,70,7206185,48.07671232876712,M,mixed,2016-04-21,463.0,0.0,0,0.0,0
2436,2852,77276,5898026,felony,property,2017-04-12,94,6096501,42.9041095890411,M,Black,2017-02-19,117.0,0.0,1,0.0,0
1645,2277,56090,5772265,felony,property,2017-05-15,362,6916269,18.29041095890411,M,White,2016-06-25,-182.0,0.0,1,0.0,0
5699,3995,1347952,4556922,misdemeanor,violent,2018-01-04,979,4556922,19.016438356164382,M,Black,2018-01-04,-214.0,867.0,0,0.0,0
3509,6483,251820,4307219,misdemeanor,other,2018-02-20,461,4307219,31.624657534246577,M,Black,2018-02-20,-121.0,0.0,0,0.0,0
2532,4467,79024,2534021,misdemeanor,other,2018-12-14,52,6759183,37.75616438356165,M,Black,2016-08-10,-124.0,0.0,0,0.0,0
1185,585,38602,6235576,misdemeanor,drug,2017-01-14,853,6235576,43.96986301369863,M,Black,2017-01-14,-535.0,67.0,0,0.0,0
5589,2722,1302621,10900717,misdemeanor,violent,2013-01-04,85,2907242,54.24657534246575,M,Black,2018-10-05,186.0,0.0,0,0.0,0
4250,4217,720250,8100285,misdemeanor,violent,2015-08-01,884,5705381,31.14246575342466,M,Black,2017-05-30,775.0,0.0,0,0.0,1
5069,4477,1063563,8689361,misdemeanor,other,2015-01-26,385,4827776,30.816438356164383,M,White,2017-11-13,-1115.0,0.0,0,0.0,0
4451,1403,908756,7004034,misdemeanor,other,2016-05-29,350,7027943,35.915068493150685,M,Black,2016-05-21,89.0,0.0,0,0.0,0
6408,5656,3192537,5291766,misdemeanor,other,2017-08-26,924,5291769,49.96986301369863,M,White,2017-08-26,0.0,0.0,0,0.0,0
3951,4588,363740,3526910,misdemeanor,other,2018-06-27,379,3526910,42.463013698630135,F,Asian,2018-06-27,-118.0,3401.0,0,0.0,0
2598,892,81249,10874521,misdemeanor,drug,2013-01-13,529,3377366,50.26849315068493,M,Black,2018-07-24,-95.0,0.0,0,0.0,0
1467,4696,49882,8878788,misdemeanor,drug,2014-11-18,230,3596356,35.18082191780822,M,Black,2018-06-14,-1029.0,0.0,0,0.0,1
5467,5192,1236019,5226530,misdemeanor,other,2017-09-08,552,4801505,31.194520547945206,M,Black,2017-11-17,-70.0,0.0,0,0.0,0
2662,1389,82277,6469558,felony,drug,2016-11-03,725,7591971,30.315068493150687,M,Black,2016-01-06,-985.0,0.0,0,0.0,1
4008,3215,451627,6564018,felony,property,2016-10-06,293,6724161,44.64109589041096,M,Black,2016-08-21,941.0,0.0,0,1.0,1
4574,5024,913768,10838830,misdemeanor,other,2013-01-26,675,7583303,41.04383561643836,M,Black,2016-01-08,-95.0,0.0,0,0.0,0
5570,2847,1300240,7064454,misdemeanor,drug,2016-05-12,879,7200598,26.747945205479454,M,Black,2016-04-23,-24.0,0.0,0,0.0,0
668,2593,24904,5971420,misdemeanor,drug,2017-03-26,992,5971420,26.78904109589041,F,White,2017-03-26,-169.0,0.0,0,0.0,0
5435,4018,1137620,6304200,misdemeanor,other,2016-12-25,845,3130830,33.10958904109589,M,Black,2018-08-24,-751.0,0.0,0,0.0,0
2489,90,78820,3678851,misdemeanor,violent,2018-05-30,899,4003633,34.16164383561644,F,White,2018-04-03,1531.0,34.0,0,0.0,0
5660,2207,1309468,7333834,misdemeanor,drug,2016-03-18,287,7307171,35.24931506849315,F,White,2016-03-26,-112.0,0.0,0,0.0,0
4659,893,942762,10875434,misdemeanor,drug,2013-01-12,867,2978046,38.273972602739725,M,Black,2018-09-22,-1923.0,2111.0,0,0.0,0
2645,1614,81982,5427759,felony,drug,2017-07-31,904,5427759,26.80821917808219,M,Black,2017-07-31,1027.0,0.0,0,0.0,1
4310,6141,746888,4874206,misdemeanor,other,2017-11-04,561,4981381,47.06575342465754,F,Black,2017-10-20,-3.0,0.0,0,0.0,0
2078,3682,67939,9092645,misdemeanor,property,2014-09-06,707,5475688,60.42191780821918,M,Black,2017-07-21,346.0,0.0,0,0.0,0
2535,4483,79024,6831591,misdemeanor,other,2016-07-18,52,6759183,37.75616438356165,M,Black,2016-08-10,-879.0,0.0,0,0.0,0
3323,6217,196266,34882,felony,violent,2020-04-19,440,5370074,29.63013698630137,M,Black,2017-08-11,634.0,0.0,0,1.0,0
2819,4919,85446,3407482,misdemeanor,other,2018-07-18,778,6604737,18.117808219178084,M,Black,2016-09-22,215.0,0.0,0,0.0,2
1429,747,49237,9556075,felony,violent,2014-04-10,96,6507127,20.09041095890411,M,Black,2016-10-22,-978.0,0.0,0,0.0,0
5949,2223,1610763,6133666,misdemeanor,drug,2017-02-10,840,5330582,36.07945205479452,M,Black,2017-08-19,-14.0,0.0,0,0.0,0
4367,5873,847667,1805244,misdemeanor,other,2019-04-30,569,5564259,32.27945205479452,F,Black,2017-07-03,-555.0,0.0,0,0.0,0
1939,2929,64186,2084785,misdemeanor,drug,2019-03-12,917,6203506,35.85753424657534,M,Black,2017-01-24,1.0,0.0,0,0.0,0
5002,5735,1058203,4164734,misdemeanor,drug,2018-03-18,373,7234140,27.33150684931507,M,Black,2016-04-15,112.0,0.0,0,0.0,0
5397,1869,1134813,5928260,felony,violent,2017-04-04,699,7159070,18.42465753424657,M,Black,2016-05-05,0.0,0.0,1,0.0,6
2741,862,83874,9915986,felony,violent,2020-10-01,757,4159297,24.51506849315069,F,Black,2018-03-19,1847.0,0.0,0,1.0,1
5948,2221,1610763,6075975,misdemeanor,drug,2017-02-24,840,5330582,36.07945205479452,M,Black,2017-08-19,89.0,0.0,0,0.0,0
196,4798,8778,5601446,felony,drug,2017-06-22,827,7307141,34.32876712328767,M,Black,2016-03-26,192.0,0.0,1,0.0,3
2480,192,78786,8463283,misdemeanor,violent,2015-04-07,479,6645202,24.15068493150685,M,White,2016-09-12,752.0,0.0,0,0.0,2
787,4244,26596,7542595,misdemeanor,property,2016-01-20,137,7370720,46.40547945205479,M,mixed,2016-03-09,-33.0,0.0,0,0.0,0
4239,4042,720250,8614734,misdemeanor,property,2015-02-18,884,5705381,31.14246575342466,M,Black,2017-05-30,-669.0,0.0,0,0.0,1
2011,3709,66046,6805539,misdemeanor,drug,2016-07-27,909,5057571,24.473972602739725,M,Black,2017-10-06,1008.0,0.0,0,0.0,0
2920,3554,91883,22684,misdemeanor,property,2020-04-27,903,7408614,25.14246575342466,F,Black,2016-02-27,175.0,0.0,0,0.0,0
6017,2067,1768653,10236998,misdemeanor,property,2013-08-23,456,6896776,56.12054794520548,M,White,2016-07-01,-2051.0,6375.0,0,0.0,0
122,1813,4981,7245182,misdemeanor,violent,2016-04-12,925,6982985,37.38082191780822,M,White,2016-06-05,318.0,0.0,0,0.0,1
1468,4700,49882,9543393,misdemeanor,other,2014-04-15,230,3596356,35.18082191780822,M,Black,2018-06-14,-217.0,0.0,0,0.0,1
2293,5571,74595,6280673,misdemeanor,drug,2017-01-03,148,2568623,38.24109589041096,M,Black,2018-12-10,439.0,0.0,0,0.0,0
3405,3723,228565,7208240,misdemeanor,violent,2016-04-21,799,7208240,19.350684931506848,M,Black,2016-04-21,98.0,120.0,0,0.0,0
315,852,12751,1153610,misdemeanor,drug,2019-08-12,73,4435364,26.40821917808219,M,Black,2018-01-27,2628.0,0.0,0,0.0,2
6205,4451,2535391,20684588,felony,drug,2012-07-27,510,5291736,24.898630136986306,F,White,2017-08-26,-10.0,0.0,1,0.0,0
4087,5770,531993,11581458,misdemeanor,other,2012-05-10,802,5598101,52.59178082191781,M,White,2017-06-23,-2941.0,0.0,0,0.0,1
64,1752,2870,5971286,misdemeanor,drug,2017-03-26,290,3819130,38.43835616438356,M,White,2018-05-04,-165.0,0.0,0,0.0,0
2497,2214,78880,6671790,felony,drug,2016-09-04,315,6671790,52.02465753424657,M,Black,2016-09-04,-236.0,0.0,1,0.0,2
5881,1375,1557971,7659346,misdemeanor,violent,2015-12-13,546,6545079,43.106849315068494,M,Black,2016-10-12,-438.0,0.0,0,0.0,0
2126,4553,69058,4765166,misdemeanor,other,2017-11-22,402,7255033,49.24931506849315,F,mixed,2016-04-10,-360.0,0.0,0,0.0,0
298,18,11885,5223686,felony,other,2017-09-09,894,5223686,39.12876712328767,M,Black,2017-09-09,232.0,588.0,0,0.0,1
4479,1160,909645,8066145,misdemeanor,violent,2015-08-12,490,5568205,61.298630136986304,F,Black,2017-06-30,-1027.0,0.0,0,0.0,0
2631,4384,81823,8118403,felony,drug,2015-07-27,809,3806430,34.8986301369863,M,,2018-05-07,127.0,0.0,1,0.0,0
3865,696,343162,11472298,misdemeanor,violent,2012-06-13,422,4129776,28.81917808219178,M,Black,2018-03-24,-2110.0,0.0,0,0.0,0
885,4215,27382,7682031,misdemeanor,drug,2015-12-08,75,7381538,26.56438356164384,M,Black,2016-03-07,-90.0,0.0,0,0.0,0
5476,3990,1241445,6090770,misdemeanor,property,2017-02-21,732,6213037,27.578082191780823,M,White,2017-01-21,-24.0,0.0,0,0.0,0
6171,44,2452788,2483707,felony,violent,2018-12-27,818,7603699,26.33150684931507,M,Black,2016-01-03,-32.0,0.0,1,0.0,0
713,5431,25425,3180092,misdemeanor,other,2018-08-13,130,4398368,38.36438356164384,M,White,2018-02-02,192.0,0.0,0,0.0,2
1549,5047,51530,3264637,misdemeanor,property,2018-07-27,770,2916797,32.6958904109589,F,Black,2018-10-03,214.0,0.0,0,0.0,0
1178,4118,36799,7697681,felony,drug,2015-12-03,973,2816767,33.8986301369863,M,Black,2018-10-23,1184.0,0.0,0,0.0,0
2638,602,81979,709059,misdemeanor,violent,2019-11-07,443,3679700,57.31780821917808,F,Black,2018-05-30,-51.0,156.0,0,0.0,0
4669,1483,951591,7948732,misdemeanor,property,2015-09-16,30,5053353,26.58356164383561,M,Black,2017-10-06,-64.0,0.0,0,0.0,0
4046,4543,482239,6674459,felony,other,2016-09-02,198,7220104,46.33698630136986,M,White,2016-04-18,137.0,0.0,1,0.0,3
1140,6311,35048,3102607,misdemeanor,drug,2018-08-30,122,3102607,34.986301369863014,M,mixed,2018-08-30,622.0,0.0,0,0.0,0
2012,3810,66046,11118403,felony,violent,2012-10-15,909,5057571,24.473972602739725,M,Black,2017-10-06,-1381.0,0.0,0,0.0,0
3990,962,434345,5527499,misdemeanor,property,2017-07-10,482,5527499,52.1972602739726,F,mixed,2017-07-10,-526.0,15023.0,0,0.0,0
3767,4621,336042,11238733,misdemeanor,other,2012-09-03,610,5170311,55.30684931506849,M,White,2017-09-15,71.0,0.0,0,0.0,0
1704,5195,56410,3927289,misdemeanor,property,2018-04-16,741,4937826,33.4027397260274,M,Black,2017-10-27,-33.0,0.0,0,0.0,0
3295,3587,175405,8705837,misdemeanor,violent,2015-01-21,210,4862015,20.88219178082192,M,Black,2017-11-07,-205.0,0.0,0,0.0,4
6311,2867,2879059,3800826,misdemeanor,violent,2018-05-08,668,7203402,20.98630136986301,F,Black,2016-04-22,746.0,0.0,0,0.0,0
4224,3703,703333,6730488,misdemeanor,violent,2016-08-18,276,6730488,42.98082191780822,M,mixed,2016-08-18,-83.0,1238.0,0,0.0,0
2936,3442,92254,8638771,misdemeanor,property,2015-02-08,413,4354694,25.13150684931507,M,Black,2018-02-11,-1.0,0.0,0,0.0,0
836,4332,26679,7012487,felony,property,2016-05-26,224,6916481,31.117808219178084,M,Black,2016-06-25,273.0,0.0,1,0.0,0
3240,4011,126282,8758070,misdemeanor,other,2015-01-04,3,3573863,36.465753424657535,M,Black,2018-06-20,562.0,0.0,0,0.0,0
4967,5367,1052139,6537189,misdemeanor,other,2016-10-14,891,6537189,48.367123287671234,M,White,2016-10-14,1152.0,0.0,0,0.0,0
960,2466,27924,6488871,misdemeanor,property,2016-10-28,302,6822812,20.48219178082192,M,White,2016-07-21,-501.0,88.0,0,0.0,0
1658,1081,56320,11423824,felony,other,2012-06-30,762,4840593,35.95890410958904,M,Black,2017-11-11,-2683.0,230.0,0,0.0,0
4903,2312,1012225,6096461,misdemeanor,drug,2017-02-19,823,6096461,50.65753424657535,M,White,2017-02-19,-177.0,0.0,0,0.0,0
4481,1508,909652,3550165,misdemeanor,property,2018-06-23,611,3672977,59.91232876712328,M,Black,2018-05-31,23.0,0.0,0,0.0,0
3574,2550,275082,8652280,misdemeanor,drug,2020-11-13,303,3083081,48.989041095890414,M,Black,2018-09-04,825.0,3989.0,0,0.0,0
4174,4041,555837,10830108,misdemeanor,violent,2013-01-30,536,6352048,46.78904109589041,M,Black,2016-12-11,-2665.0,0.0,0,0.0,0
2717,4930,83127,848453,misdemeanor,other,2019-10-09,890,6186016,21.172602739726027,M,Black,2017-01-28,1900.0,0.0,0,0.0,0
5266,3093,1114013,6547770,misdemeanor,drug,2016-10-12,407,4457859,48.7945205479452,F,Black,2018-01-24,-29.0,156.0,0,0.0,1
4874,2095,1009066,9736164,misdemeanor,property,2020-12-16,67,5067540,20.96712328767123,M,Black,2017-10-04,989.0,0.0,0,0.0,0
6186,3221,2497431,5919198,felony,drug,2017-04-07,238,6192743,18.84931506849315,M,Black,2017-01-27,508.0,0.0,0,1.0,2
41,6323,2326,2654490,misdemeanor,violent,2018-11-22,807,7591648,31.378082191780823,M,Black,2016-01-06,1663.0,0.0,0,0.0,1
5552,2690,1295291,3848994,misdemeanor,drug,2018-04-30,347,7149171,37.394520547945206,M,White,2016-05-09,-166.0,0.0,0,0.0,1
5380,1689,1130673,6931636,felony,drug,2016-06-20,599,7005244,25.65205479452055,M,Black,2016-05-28,714.0,0.0,0,0.0,1
59,4757,2778,7834305,misdemeanor,drug,2015-10-21,35,4871957,29.649315068493152,M,mixed,2017-11-05,-446.0,0.0,0,0.0,0
2070,3467,67939,7367365,misdemeanor,property,2016-03-10,707,5475688,60.42191780821918,M,Black,2017-07-21,397.0,0.0,0,0.0,0
3088,3519,95389,3021313,misdemeanor,other,2018-09-14,897,5251707,36.84109589041096,,Black,2017-09-04,2262.0,0.0,0,0.0,0
2434,2827,77276,4907067,misdemeanor,property,2020-08-28,94,6096501,42.9041095890411,M,Black,2017-02-19,-103.0,0.0,0,0.0,0
2452,5575,77608,4586846,misdemeanor,property,2017-12-27,934,4613060,36.35890410958904,F,White,2017-12-20,-104.0,0.0,0,0.0,1
1195,5270,38681,4546237,misdemeanor,drug,2018-01-08,801,4546237,41.66301369863014,F,White,2018-01-08,-273.0,0.0,0,0.0,0
5973,5731,1644444,4599258,misdemeanor,property,2017-12-24,923,4599258,26.8,M,White,2017-12-24,407.0,0.0,0,0.0,0
2711,1783,83127,6186016,felony,property,2017-01-28,890,6186016,21.172602739726027,M,Black,2017-01-28,-153.0,0.0,1,0.0,0
1464,1600,49882,6273439,misdemeanor,drug,2017-01-05,230,3596356,35.18082191780822,M,Black,2018-06-14,337.0,0.0,0,0.0,1
3811,576,339988,5787038,misdemeanor,property,2017-05-10,139,5998375,56.57534246575342,M,,2017-03-17,-9.0,0.0,0,0.0,0
5392,1703,1134813,5766373,felony,violent,2017-05-16,478,5928260,19.339726027397266,M,Black,2017-04-04,349.0,0.0,1,0.0,6
4002,873,451627,10948200,misdemeanor,property,2012-12-13,293,6724161,44.64109589041096,M,Black,2016-08-21,-195.0,0.0,0,0.0,1
3838,304,342694,6871892,misdemeanor,violent,2016-07-06,465,6486630,19.843835616438355,F,White,2016-10-29,1141.0,2706.0,0,0.0,0
4387,3220,848761,6855646,felony,property,2016-07-12,613,7291921,30.10410958904109,M,White,2016-03-31,-6.0,0.0,1,0.0,0
639,5400,23784,20284085,misdemeanor,other,2012-09-18,50,4559816,26.156164383561645,F,White,2018-01-03,0.0,0.0,0,0.0,1
2861,3124,89034,5573668,misdemeanor,violent,2017-06-30,590,5573668,32.09041095890411,M,White,2017-06-30,-1.0,0.0,0,0.0,0
1101,4046,33633,6777468,misdemeanor,property,2016-08-05,169,6995174,18.2986301369863,M,mixed,2016-06-01,-75.0,204.0,0,0.0,0
731,2613,25670,3949162,misdemeanor,drug,2018-04-12,690,3949162,35.26301369863014,F,Black,2018-04-12,756.0,0.0,0,0.0,0
4313,3920,749038,5834411,felony,violent,2017-04-28,724,5834411,18.353424657534248,F,Black,2017-04-28,-139.0,1853.0,0,1.0,0
1673,1084,56410,9938384,felony,violent,2013-12-04,741,4937826,33.4027397260274,M,Black,2017-10-27,-2063.0,0.0,0,0.0,0
2795,4952,84823,3991882,felony,drug,2018-04-05,400,2922877,24.0,M,Black,2018-10-02,44.0,0.0,1,0.0,3
1843,749,60332,9587969,felony,violent,2014-03-31,693,4552038,25.438356164383563,M,Black,2018-01-05,-1180.0,59.0,0,0.0,3
1842,3992,60273,5598779,misdemeanor,violent,2017-06-23,360,7509640,21.56438356164384,F,Black,2016-02-02,507.0,0.0,0,0.0,0
695,4433,25110,3787339,misdemeanor,drug,2018-05-10,449,3787339,22.95616438356164,M,Black,2018-05-10,196.0,0.0,0,0.0,2
4563,1396,912961,6525048,felony,drug,2016-10-18,704,6525048,33.78356164383562,M,Black,2016-10-18,944.0,0.0,0,1.0,0
450,3073,15340,8584403,misdemeanor,property,2015-02-27,237,5697246,39.5972602739726,M,White,2017-05-31,44.0,0.0,0,0.0,0
6457,5927,3357477,5289777,misdemeanor,other,2017-08-28,918,5289777,39.53150684931507,M,White,2017-08-28,63.0,162.0,0,0.0,0
380,227,14260,2190368,misdemeanor,violent,2019-02-21,625,12005344,19.30958904109589,M,,2018-01-15,178.0,0.0,0,0.0,0
1006,2532,29538,2988313,misdemeanor,violent,2018-09-20,756,4502396,35.553424657534244,M,Black,2018-01-16,1152.0,0.0,0,0.0,1
4682,4857,953314,9672807,misdemeanor,drug,2014-03-01,800,5373998,23.87123287671233,M,White,2017-08-10,-873.0,0.0,0,0.0,0
1669,1005,56410,3980792,misdemeanor,property,2018-04-08,741,4937826,33.4027397260274,M,Black,2017-10-27,124.0,0.0,0,0.0,0
4073,2641,531993,8639387,misdemeanor,property,2015-02-07,802,5598101,52.59178082191781,M,White,2017-06-23,137.0,0.0,0,0.0,1
2850,3090,87608,9482736,misdemeanor,other,2014-05-06,87,5710263,45.41643835616439,M,Black,2017-05-28,-1991.0,1679.0,0,0.0,0
5941,5799,1609935,5397574,misdemeanor,other,2017-08-07,406,7395386,41.40547945205479,,,2016-03-02,0.0,0.0,0,0.0,0
3159,3799,103801,11450174,misdemeanor,drug,2012-06-21,997,7470210,22.88219178082192,M,Black,2016-02-12,-355.0,0.0,0,0.0,0
5982,3024,1664393,2668316,misdemeanor,property,2018-11-20,953,2668316,23.945205479452056,M,White,2018-11-20,155.0,1697.0,0,0.0,0
3568,3949,265085,228337,misdemeanor,drug,2020-02-17,541,3232676,43.10410958904109,M,Black,2018-08-03,76.0,0.0,0,0.0,0
564,4469,20799,1148591,misdemeanor,property,2019-08-13,654,12005419,47.68493150684932,M,White,2018-01-06,321.0,0.0,0,0.0,0
4438,5523,883909,643465,misdemeanor,other,2019-11-21,895,5296171,31.32602739726028,F,White,2017-08-25,818.0,0.0,0,0.0,1
4382,5887,847994,2573067,misdemeanor,drug,2018-12-09,156,7311479,25.2986301369863,M,Black,2016-03-25,1557.0,0.0,0,0.0,0
6149,2780,2293944,6794593,misdemeanor,property,2016-07-30,555,5847419,38.96712328767124,M,Other,2017-04-25,0.0,0.0,0,0.0,0
4185,4285,571225,11179406,felony,property,2012-09-22,381,6053989,53.654794520547945,M,Black,2017-03-02,-1217.0,0.0,0,0.0,0
4883,1417,1009164,5473822,misdemeanor,property,2017-07-21,804,7293010,26.153424657534245,M,Black,2016-03-30,-34.0,0.0,0,0.0,0
4909,4903,1014195,2573195,felony,other,2018-12-08,414,2573195,30.80821917808219,F,mixed,2018-12-08,1.0,0.0,1,1.0,0
5377,1670,1130673,10798290,misdemeanor,drug,2013-02-11,599,7005244,25.65205479452055,M,Black,2016-05-28,117.0,0.0,0,0.0,1
4155,5411,542158,9481134,misdemeanor,other,2014-05-06,216,6837789,31.87945205479452,M,mixed,2016-07-16,-1240.0,0.0,0,0.0,0
5230,3288,1107929,4827484,misdemeanor,drug,2017-11-14,650,4290696,49.46849315068493,F,White,2018-02-23,1642.0,4321.0,0,0.0,0
4172,3802,555837,11305595,misdemeanor,violent,2012-08-11,536,6352048,46.78904109589041,M,Black,2016-12-11,-2496.0,0.0,0,0.0,0
5788,232,1475717,6260408,misdemeanor,property,2020-09-25,275,3193787,33.11232876712329,F,White,2018-08-10,1346.0,5864.0,0,0.0,0
5053,102,1063563,11937033,felony,property,2015-11-25,385,4827776,30.816438356164383,M,White,2017-11-13,581.0,0.0,0,0.0,0
3264,3900,146410,5935381,misdemeanor,property,2017-04-03,518,5763206,53.31506849315068,M,Black,2017-05-17,-252.0,174.0,0,0.0,1
782,4222,26596,8728258,misdemeanor,property,2015-01-15,137,7370720,46.40547945205479,M,mixed,2016-03-09,-132.0,0.0,0,0.0,0
2172,4579,69593,4073414,misdemeanor,property,2020-08-08,988,6166510,35.4,F,mixed,2017-02-03,2581.0,0.0,0,0.0,0
461,5778,15340,10702901,misdemeanor,other,2013-03-16,237,5697246,39.5972602739726,M,White,2017-05-31,0.0,0.0,0,0.0,0
4085,5498,531993,1719187,misdemeanor,property,2020-05-19,802,5598101,52.59178082191781,M,White,2017-06-23,-64.0,0.0,0,0.0,1
4211,2129,670471,4956545,felony,property,2017-10-24,384,5339923,31.03013698630137,F,Black,2017-08-17,68.0,0.0,1,1.0,1
597,2339,22194,8348974,felony,violent,2015-05-13,820,4884956,37.95616438356164,F,White,2017-11-02,-1708.0,228.0,0,0.0,0
6155,2800,2293944,5843570,misdemeanor,property,2017-04-26,555,5847419,38.96712328767124,M,Other,2017-04-25,113.0,0.0,0,0.0,0
5810,5096,1499514,5393247,misdemeanor,violent,2017-08-07,758,3892526,37.345205479452055,F,Asian,2018-04-21,74.0,0.0,0,0.0,0
5212,3230,1075503,6623957,misdemeanor,property,2016-09-19,212,6623957,61.09041095890411,M,Black,2016-09-19,1291.0,729.0,0,0.0,1
4718,1464,961194,9643239,misdemeanor,property,2014-03-12,945,3394043,55.55068493150685,M,Black,2018-07-20,292.0,0.0,0,0.0,0
2907,4284,91718,9398576,misdemeanor,property,2020-05-27,25,6028961,29.572602739726022,M,Black,2017-03-09,504.0,0.0,0,0.0,0
988,2465,28710,7584559,misdemeanor,drug,2016-01-08,486,3904095,20.75068493150685,M,Black,2018-04-19,-978.0,96.0,0,0.0,1
878,6473,27249,3795632,misdemeanor,other,2018-05-09,960,6478529,22.87945205479452,M,Black,2016-11-01,-63.0,0.0,0,0.0,3
758,4368,26152,299797,felony,violent,2020-02-01,671,4957370,27.528767123287672,M,Black,2017-10-24,568.0,0.0,0,1.0,1
4288,2956,725268,3714797,misdemeanor,drug,2018-05-24,492,6889724,30.73972602739726,M,mixed,2016-07-05,464.0,0.0,0,0.0,0
1922,2933,63935,7986871,misdemeanor,property,2015-09-06,341,7021379,29.64109589041096,F,White,2016-05-24,-1055.0,0.0,0,0.0,1
5399,1987,1134813,7159070,felony,violent,2016-05-05,699,7159070,18.42465753424657,M,Black,2016-05-05,0.0,0.0,1,0.0,6
4150,3694,542158,8401798,misdemeanor,property,2015-04-25,216,6837789,31.87945205479452,M,mixed,2016-07-16,791.0,0.0,0,0.0,0
4091,2895,533988,6485726,misdemeanor,property,2016-10-30,110,6485726,27.197260273972603,M,White,2016-10-30,-43.0,0.0,0,0.0,0
719,2477,25523,6219221,misdemeanor,property,2017-01-19,314,5666449,29.742465753424657,M,Black,2017-06-08,-1061.0,0.0,0,0.0,0
5842,1792,1516499,4469015,felony,property,2018-01-22,39,4469015,63.25479452054795,M,White,2018-01-22,63.0,8.0,0,0.0,1
4872,1814,1009066,7267414,misdemeanor,violent,2016-04-06,67,5067540,20.96712328767123,M,Black,2017-10-04,-1406.0,0.0,0,0.0,0
3588,4097,300361,1725916,misdemeanor,property,2020-05-21,391,2563302,25.852054794520548,M,Black,2018-12-11,524.0,0.0,0,0.0,0
895,6315,27382,3199391,misdemeanor,other,2018-08-09,75,7381538,26.56438356164384,M,Black,2016-03-07,463.0,0.0,0,0.0,0
2038,521,66832,13659629,misdemeanor,drug,2012-03-25,892,4100820,33.62465753424657,M,Black,2018-03-28,9.0,0.0,0,0.0,1
5829,1885,1509614,7423121,misdemeanor,other,2016-02-23,424,7369356,52.19178082191781,M,White,2016-03-09,10.0,0.0,0,0.0,0
226,1386,9044,6681939,felony,violent,2016-08-31,715,3076203,21.186301369863013,M,Black,2018-09-04,294.0,0.0,1,0.0,0
2531,4466,79024,1866714,misdemeanor,other,2019-04-17,52,6759183,37.75616438356165,M,Black,2016-08-10,215.0,0.0,0,0.0,0
2997,3584,92636,8399158,misdemeanor,property,2015-04-27,896,5155920,56.05479452054794,M,Black,2017-09-19,-1722.0,0.0,0,0.0,0
15,1366,2003,8963923,misdemeanor,drug,2014-10-18,325,3551844,53.465753424657535,M,Black,2018-06-22,412.0,0.0,0,0.0,0
157,2327,6851,2114628,felony,violent,2019-03-07,507,4635194,26.76986301369863,M,White,2017-12-16,1040.0,0.0,0,0.0,1
5864,4999,1535214,2916923,misdemeanor,drug,2018-10-03,496,2905661,51.038356164383565,M,Black,2018-10-05,2013.0,0.0,0,0.0,0
2873,6036,91481,4650173,misdemeanor,other,2017-12-13,117,4650173,21.28219178082192,M,Black,2017-12-13,704.0,0.0,0,0.0,0
2024,515,66829,13633121,misdemeanor,violent,2012-08-23,793,6871709,48.30684931506849,M,White,2016-07-06,-1107.0,0.0,0,0.0,2
541,1292,19626,1771515,felony,property,2020-06-08,263,4180689,21.15890410958904,F,mixed,2018-03-14,817.0,0.0,0,1.0,0
1356,4610,46960,5665409,misdemeanor,property,2017-06-08,99,5915304,24.994520547945207,F,White,2017-04-07,-19.0,0.0,0,0.0,0
237,861,9102,9953882,felony,violent,2020-11-04,521,4983747,24.898630136986306,M,Black,2017-10-19,1049.0,0.0,0,1.0,0
493,2714,15353,1457735,misdemeanor,property,2019-06-13,560,3039691,34.391780821917806,F,White,2018-09-11,490.0,0.0,0,0.0,3
1876,5699,60742,4078069,misdemeanor,other,2018-04-02,737,6015800,28.254794520547943,M,Black,2017-03-13,196.0,0.0,0,0.0,0
3037,3593,92826,6723938,misdemeanor,property,2016-08-21,746,6037598,40.84657534246576,M,Black,2017-03-07,554.0,0.0,0,0.0,0
3386,6127,220893,6065254,misdemeanor,other,2017-02-28,523,7488749,18.24109589041096,F,Black,2016-02-08,55.0,0.0,0,0.0,0
1772,4407,57529,8055774,felony,other,2015-08-15,153,7224958,25.56438356164384,M,Black,2016-04-17,-27.0,0.0,1,0.0,0
2008,3501,66046,6122534,misdemeanor,property,2017-02-14,909,5057571,24.473972602739725,M,Black,2017-10-06,-1204.0,0.0,0,0.0,0
257,31,10071,1693237,felony,other,2020-05-14,967,5792197,21.95890410958904,M,Black,2017-05-09,2093.0,5.0,0,0.0,1
4389,3271,848761,7508310,felony,property,2016-02-03,613,7291921,30.10410958904109,M,White,2016-03-31,-68.0,0.0,1,0.0,0
714,5437,25425,1502598,misdemeanor,other,2019-06-05,130,4398368,38.36438356164384,M,White,2018-02-02,296.0,0.0,0,0.0,2
2995,3551,92636,2124732,misdemeanor,property,2019-03-06,896,5155920,56.05479452054794,M,Black,2017-09-19,-46.0,0.0,0,0.0,0
3048,3845,92826,7900899,misdemeanor,property,2015-10-02,746,6037598,40.84657534246576,M,Black,2017-03-07,521.0,0.0,0,0.0,0
4762,865,988101,5521321,misdemeanor,violent,2017-07-11,57,6185866,33.271232876712325,M,Black,2017-01-28,1726.0,0.0,0,0.0,0
2545,3182,79145,4092738,misdemeanor,property,2018-03-29,495,4185409,26.87945205479452,F,White,2018-03-14,-77.0,0.0,0,0.0,0
465,5783,15340,10702892,misdemeanor,other,2013-03-16,237,5697246,39.5972602739726,M,White,2017-05-31,0.0,0.0,0,0.0,0
5898,1435,1588377,578508,misdemeanor,drug,2019-12-03,893,4998162,21.09315068493151,M,Black,2017-10-17,777.0,0.0,0,0.0,0
4232,3877,709771,6515921,misdemeanor,drug,2016-10-20,327,6515921,24.68219178082192,M,Black,2016-10-20,83.0,309.0,0,0.0,0
3055,3945,92826,884133,misdemeanor,other,2019-10-02,746,6037598,40.84657534246576,M,Black,2017-03-07,986.0,0.0,0,0.0,0
1867,2935,60742,5508806,misdemeanor,violent,2017-07-14,737,6015800,28.254794520547943,M,Black,2017-03-13,1194.0,0.0,0,0.0,0
4776,1169,988645,6351856,misdemeanor,other,2016-12-11,679,6990731,18.816438356164383,M,Black,2016-06-02,-87.0,0.0,0,0.0,0
902,6499,27382,2277996,misdemeanor,other,2019-02-06,75,7381538,26.56438356164384,M,Black,2016-03-07,-39.0,0.0,0,0.0,0
5033,5310,1060589,3831793,misdemeanor,other,2018-05-02,199,4941565,28.134246575342463,M,Black,2017-10-27,13.0,0.0,0,0.0,2
4664,4756,942846,8297198,misdemeanor,other,2015-06-01,662,7476023,44.3013698630137,M,Black,2016-02-10,-254.0,0.0,0,0.0,0
6124,664,2196821,5957332,misdemeanor,violent,2017-03-29,766,5249584,28.054794520547944,M,White,2017-09-04,-159.0,0.0,0,0.0,0
5241,3152,1111687,10742314,misdemeanor,other,2013-03-02,950,5936371,33.51780821917808,M,White,2017-04-03,-385.0,0.0,0,0.0,0
2575,796,80524,6886237,felony,violent,2016-07-05,828,6978316,38.4,M,Black,2016-06-06,0.0,0.0,1,0.0,5
1505,1548,51323,9770641,misdemeanor,property,2014-01-26,811,4837325,32.26027397260274,M,White,2017-11-13,-1434.0,0.0,0,0.0,0
6427,5453,3216126,5589933,misdemeanor,other,2017-06-26,71,5728325,46.04109589041096,M,White,2017-05-26,-260.0,0.0,0,0.0,0
1983,2236,65745,3090155,misdemeanor,drug,2018-09-01,954,2673805,27.67945205479452,M,White,2018-11-19,-79.0,0.0,0,0.0,0
1377,1536,47273,10834837,felony,violent,2013-01-28,621,7465597,23.38082191780822,M,Black,2016-02-13,269.0,0.0,1,0.0,0
35,1267,2326,3980714,felony,drug,2018-04-08,807,7591648,31.378082191780823,M,Black,2016-01-06,823.0,0.0,0,0.0,1
2237,1761,72764,10865717,misdemeanor,property,2013-01-16,885,6163577,22.72054794520548,F,Black,2017-02-03,-320.0,0.0,0,0.0,3
4132,1420,540719,6161918,misdemeanor,other,2017-02-04,785,6561693,19.350684931506848,M,Black,2016-10-06,121.0,0.0,0,0.0,0
685,6044,25060,5682065,misdemeanor,property,2017-06-05,718,4796664,25.947945205479453,F,Black,2017-11-19,1510.0,0.0,0,0.0,0
2804,1786,85246,2766079,misdemeanor,property,2018-11-01,51,6243514,19.75068493150685,M,Black,2017-01-12,-25.0,0.0,0,0.0,4
2089,346,68785,6074502,felony,violent,2017-02-24,154,6074502,39.4027397260274,,Black,2017-02-24,0.0,0.0,1,0.0,2
2049,1527,67140,11593422,felony,drug,2012-05-04,204,5670555,29.33150684931507,M,Black,2017-06-07,-84.0,0.0,1,0.0,2
6424,2560,3216126,10593485,felony,violent,2013-04-23,71,5728325,46.04109589041096,M,White,2017-05-26,-1431.0,0.0,0,0.0,0
3536,5696,258315,3168312,misdemeanor,other,2018-08-18,11,3168313,37.42191780821918,M,,2018-08-18,2249.0,0.0,0,0.0,0
962,2475,27924,5439652,felony,property,2017-07-28,302,6822812,20.48219178082192,M,White,2016-07-21,322.0,0.0,1,0.0,0
4777,2099,988645,7810024,misdemeanor,other,2015-10-29,679,6990731,18.816438356164383,M,Black,2016-06-02,-409.0,0.0,0,0.0,0
2601,1200,81249,6335275,misdemeanor,property,2016-12-14,529,3377366,50.26849315068493,M,Black,2018-07-24,1314.0,0.0,0,0.0,0
4636,1235,932315,5831414,felony,drug,2017-04-28,870,6386392,22.084931506849315,M,Black,2016-11-26,62.0,0.0,1,0.0,3
2786,963,84823,5403607,misdemeanor,violent,2017-08-05,400,2922877,24.0,M,Black,2018-10-02,-451.0,0.0,0,0.0,3
3257,3687,145687,9475842,misdemeanor,property,2014-05-08,817,6183350,38.347945205479455,M,Asian,2017-01-30,-186.0,0.0,0,0.0,0
4341,5754,844881,6324750,misdemeanor,other,2016-12-19,938,2939914,22.983561643835618,M,White,2018-09-30,-11.0,0.0,0,0.0,0
3625,3830,316053,9667599,felony,violent,2014-03-05,353,5560634,41.33698630136986,F,White,2017-07-03,-61.0,0.0,1,0.0,0
1103,4048,33633,6730230,misdemeanor,property,2016-08-18,169,6995174,18.2986301369863,M,mixed,2016-06-01,0.0,0.0,0,0.0,0
335,1584,13178,6641052,felony,other,2016-09-13,363,6641052,20.01095890410959,M,Black,2016-09-13,587.0,0.0,0,0.0,5
946,2590,27836,5198987,misdemeanor,drug,2017-09-12,576,6766557,36.69041095890411,M,White,2016-08-09,1590.0,0.0,0,0.0,1
1592,4542,53858,6806428,misdemeanor,other,2016-07-26,386,6792133,29.10684931506849,M,mixed,2016-08-01,-6.0,0.0,0,0.0,0
2044,4007,66936,9585502,felony,drug,2014-04-01,926,4531245,46.2958904109589,M,Black,2018-01-10,-22.0,0.0,1,0.0,0
867,4317,27249,6892080,misdemeanor,property,2016-07-03,960,6478529,22.87945205479452,M,Black,2016-11-01,373.0,0.0,0,0.0,3
2858,3094,88417,8869032,misdemeanor,drug,2020-11-25,513,2485784,33.558904109589044,M,Black,2018-12-26,700.0,0.0,0,0.0,1
5819,1860,1499946,6387599,felony,violent,2016-11-25,653,6322340,25.86849315068493,M,White,2016-12-19,-119.0,0.0,1,0.0,1
501,1056,15930,2021231,misdemeanor,property,2019-03-21,335,4079940,26.504109589041096,M,Black,2018-03-31,355.0,0.0,0,0.0,0
5863,1300,1535214,10660887,misdemeanor,drug,2013-03-30,496,2905661,51.038356164383565,M,Black,2018-10-05,-1006.0,3471.0,0,0.0,0
2104,2824,69058,8679258,misdemeanor,violent,2020-11-21,402,7255033,49.24931506849315,F,mixed,2016-04-10,788.0,0.0,0,0.0,0
2802,1723,85246,2604438,felony,violent,2018-12-03,51,6243514,19.75068493150685,M,Black,2017-01-12,994.0,0.0,0,0.0,4
3973,338,404843,9591595,misdemeanor,property,2014-03-29,322,3550258,32.032876712328765,M,mixed,2018-06-23,174.0,0.0,0,0.0,0
3918,2192,351751,10868966,misdemeanor,violent,2013-01-15,171,6215292,23.90410958904109,F,White,2017-01-20,195.0,0.0,0,0.0,0
5474,1919,1241445,6213037,misdemeanor,property,2017-01-21,732,6213037,27.578082191780823,M,White,2017-01-21,-57.0,0.0,0,0.0,0
596,5363,21966,385945,misdemeanor,other,2020-01-15,274,5161682,40.01095890410959,M,White,2017-09-18,1119.0,0.0,0,0.0,0
327,1039,13178,4430134,misdemeanor,violent,2018-01-29,363,6641052,20.01095890410959,M,Black,2016-09-13,132.0,0.0,0,0.0,5
2912,6504,91718,6965717,misdemeanor,other,2016-06-10,25,6028961,29.572602739726022,M,Black,2017-03-09,-624.0,0.0,0,0.0,0
5268,3169,1114013,7208841,misdemeanor,drug,2016-04-21,407,4457859,48.7945205479452,F,Black,2018-01-24,-319.0,0.0,0,0.0,1
5107,4492,1065449,6236432,felony,other,2017-01-13,635,6236432,32.635616438356166,M,White,2017-01-13,-104.0,0.0,1,0.0,0
643,2906,24391,4884948,misdemeanor,other,2017-11-02,203,5319741,32.3013698630137,M,Black,2017-08-21,73.0,0.0,0,0.0,0
3142,5030,101770,9539633,misdemeanor,drug,2014-04-16,354,5351996,26.92602739726028,F,,2017-08-15,-133.0,0.0,0,0.0,0
5025,2988,1060589,5089476,misdemeanor,property,2017-09-30,199,4941565,28.134246575342463,M,Black,2017-10-27,1136.0,0.0,0,0.0,2
1636,2272,55857,9193903,felony,property,2014-08-02,434,6102845,27.07945205479452,F,White,2017-02-17,-1362.0,0.0,0,0.0,0
1898,5324,63048,6164603,misdemeanor,drug,2017-02-03,631,6194431,26.27671232876712,F,White,2017-01-26,-55.0,0.0,0,0.0,0
4973,3383,1055115,7371681,misdemeanor,property,2016-03-09,226,7371681,57.56164383561644,M,White,2016-03-09,1384.0,0.0,0,0.0,1
5322,1928,1124386,3086879,misdemeanor,property,2018-09-03,399,6928740,19.56164383561644,M,Black,2016-06-21,476.0,0.0,0,0.0,1
274,711,10237,11148450,misdemeanor,drug,2012-10-03,516,3013712,26.4986301369863,M,Black,2018-09-16,0.0,0.0,0,0.0,0
3620,311,316053,5846290,misdemeanor,property,2017-04-25,353,5560634,41.33698630136986,F,White,2017-07-03,-3.0,0.0,0,0.0,0
4575,523,915957,11587820,misdemeanor,drug,2012-05-07,70,7206185,48.07671232876712,M,mixed,2016-04-21,-264.0,2189.0,0,0.0,0
3439,3861,231083,8762137,misdemeanor,violent,2015-01-01,982,5806918,29.01095890410959,M,Black,2017-05-05,435.0,0.0,0,0.0,0
4828,1454,1000104,11099893,misdemeanor,property,2012-10-20,701,5327849,24.931506849315067,M,Black,2017-08-20,-1686.0,0.0,0,0.0,0
5265,5863,1113857,6450648,misdemeanor,other,2016-11-10,248,7004850,36.29041095890411,M,White,2016-05-29,165.0,0.0,0,0.0,0
3293,5518,173830,5732444,misdemeanor,other,2017-05-25,900,5732443,28.616438356164384,M,White,2017-05-25,0.0,0.0,0,0.0,0
3704,3857,323098,8189876,felony,property,2015-07-08,127,5801992,31.42465753424657,M,Black,2017-05-07,-206.0,0.0,1,0.0,0
6452,5919,3353632,6989420,misdemeanor,other,2016-06-03,738,7525705,24.649315068493152,M,Black,2016-01-28,127.0,0.0,0,0.0,0
307,4713,11936,6992737,misdemeanor,property,2016-06-01,20,7158353,60.92602739726028,M,Black,2016-05-05,-555.0,0.0,0,0.0,2
6485,6367,3462861,11237602,misdemeanor,other,2012-09-04,92,6676950,71.27123287671233,M,Black,2016-09-02,-563.0,0.0,0,0.0,0
5329,1893,1127005,10144597,misdemeanor,property,2013-09-24,234,3052452,52.342465753424655,M,White,2018-09-08,-1021.0,0.0,0,0.0,0
90,5771,3909,10729887,misdemeanor,other,2013-03-07,935,6370773,47.17260273972602,M,White,2016-12-01,-1364.0,0.0,0,0.0,3
5204,2440,1072904,5967924,misdemeanor,drug,2017-03-27,6,5967924,26.654794520547945,M,Black,2017-03-27,108.0,345.0,0,0.0,0
3380,3756,220893,6023673,misdemeanor,violent,2017-03-10,523,7488749,18.24109589041096,F,Black,2016-02-08,0.0,0.0,0,0.0,0
360,4365,13592,605721,felony,property,2019-11-28,821,7357500,33.413698630136984,M,Black,2016-03-13,1826.0,0.0,0,0.0,5
6014,3067,1750067,5600399,misdemeanor,violent,2017-06-23,686,5600399,32.02191780821918,F,Black,2017-06-23,520.0,2159.0,0,0.0,0
5065,239,1063563,11932632,misdemeanor,property,2014-02-01,385,4827776,30.816438356164383,M,White,2017-11-13,-983.0,0.0,0,0.0,0
4233,3881,712318,6570894,felony,drug,2016-10-04,901,6183928,37.106849315068494,M,Black,2017-01-30,-16.0,2547.0,0,0.0,1
5222,5890,1075503,767042,misdemeanor,property,2019-10-26,212,6623957,61.09041095890411,M,Black,2016-09-19,96.0,0.0,0,0.0,1
6374,4062,3098802,5984092,misdemeanor,property,2017-03-22,920,5984092,26.14794520547945,M,Black,2017-03-22,-249.0,1285.0,0,0.0,0
1681,1516,56410,1816087,misdemeanor,property,2019-04-27,741,4937826,33.4027397260274,M,Black,2017-10-27,-182.0,0.0,0,0.0,0
2880,3456,91690,7825507,misdemeanor,property,2015-10-24,952,5883395,25.66575342465753,M,Black,2017-04-17,-621.0,79.0,0,0.0,0
3129,6160,98350,3549692,misdemeanor,drug,2018-06-24,183,4251991,53.772602739726025,M,Black,2018-03-02,402.0,0.0,0,0.0,1
1265,3410,43838,4738797,misdemeanor,violent,2017-11-29,34,4301105,25.852054794520548,M,Black,2018-02-21,180.0,0.0,0,0.0,1
293,1328,10779,5329404,misdemeanor,violent,2017-08-19,951,5329404,29.78356164383561,F,Black,2017-08-19,984.0,0.0,0,0.0,0
1962,340,65387,5052909,misdemeanor,violent,2017-10-06,392,7194627,18.813698630136987,M,Black,2016-04-26,-266.0,0.0,0,0.0,0
2351,2831,75036,11507047,misdemeanor,drug,2012-06-02,533,6707445,28.55890410958904,M,White,2016-08-25,-1545.0,0.0,0,0.0,0
126,5181,4981,6982985,misdemeanor,other,2016-06-05,925,6982985,37.38082191780822,M,White,2016-06-05,-1.0,0.0,0,0.0,1
255,1981,10066,7398258,misdemeanor,drug,2016-03-01,36,7398258,45.61917808219178,M,Black,2016-03-01,977.0,0.0,0,0.0,0
2394,5617,76548,2312185,misdemeanor,other,2019-01-30,209,5008666,27.293150684931508,M,Black,2017-10-16,419.0,0.0,0,0.0,0
1510,2985,51323,7056356,misdemeanor,violent,2016-05-14,811,4837325,32.26027397260274,M,White,2017-11-13,67.0,0.0,0,0.0,0
4663,1318,942846,7476023,misdemeanor,drug,2016-02-10,662,7476023,44.3013698630137,M,Black,2016-02-10,1009.0,0.0,0,0.0,0
5015,3016,1059734,6867143,misdemeanor,property,2016-07-08,308,6984750,27.78904109589041,F,Black,2016-06-04,34.0,0.0,0,0.0,0
1838,1458,60273,10175755,misdemeanor,violent,2013-09-13,360,7509640,21.56438356164384,F,Black,2016-02-02,-147.0,0.0,0,0.0,0
5149,3354,1072559,3692085,misdemeanor,property,2018-05-29,467,6845142,55.02739726027397,M,White,2016-07-15,34.0,0.0,0,0.0,0
5569,2845,1300240,6983081,misdemeanor,drug,2016-06-05,879,7200598,26.747945205479454,M,Black,2016-04-23,455.0,0.0,0,0.0,0
5893,1325,1576173,5014713,misdemeanor,violent,2017-10-14,84,5014713,54.64931506849315,F,Black,2017-10-14,-1104.0,1158.0,0,0.0,0
5510,5210,1256556,2440839,misdemeanor,property,2019-01-05,254,6931649,20.413698630136988,M,White,2016-06-20,197.0,0.0,0,0.0,0
6128,2656,2248903,7276076,misdemeanor,other,2016-04-04,913,7276076,33.21095890410959,M,White,2016-04-04,-548.0,0.0,0,0.0,0
5855,4994,1518439,5974182,misdemeanor,other,2017-03-24,880,5974182,65.68219178082192,M,Black,2017-03-24,-656.0,379.0,0,0.0,0
1801,4423,57776,1807471,felony,other,2019-04-29,500,7308318,21.936986301369863,M,Black,2016-03-25,-499.0,0.0,0,0.0,1
2951,6161,92254,3059478,misdemeanor,property,2018-09-07,413,4354694,25.13150684931507,M,Black,2018-02-11,266.0,0.0,0,0.0,0
1021,5405,29538,11327085,misdemeanor,other,2012-08-03,756,4502396,35.553424657534244,M,Black,2018-01-16,-17.0,0.0,0,0.0,1
3347,3764,207810,3739546,misdemeanor,violent,2018-05-20,511,3739546,27.51780821917808,M,Black,2018-05-20,127.0,0.0,0,0.0,0
2158,5317,69474,19587949,misdemeanor,other,2012-02-11,106,6460426,30.30958904109589,F,White,2016-11-07,-1731.0,0.0,0,0.0,0
4798,1181,991124,6794395,felony,other,2016-07-30,61,6794396,53.536986301369865,M,Black,2016-07-30,-823.0,0.0,0,0.0,1
4674,2829,951591,16054,misdemeanor,property,2020-04-30,30,5053353,26.58356164383561,M,Black,2017-10-06,1130.0,0.0,0,0.0,0
4348,5762,844881,4941590,misdemeanor,other,2017-10-27,938,2939914,22.983561643835618,M,White,2018-09-30,-52.0,0.0,0,0.0,0
5551,2684,1295291,2866552,felony,property,2018-10-13,347,7149171,37.394520547945206,M,White,2016-05-09,520.0,0.0,0,0.0,1
2325,2792,74726,4609678,misdemeanor,property,2017-12-21,887,3646741,26.556164383561644,M,Black,2018-06-06,1104.0,0.0,0,0.0,0
6366,4093,3097517,3853796,misdemeanor,property,2018-04-28,215,3864977,37.23561643835617,M,,2018-04-26,-9.0,0.0,0,0.0,1
3983,1015,411055,3520892,misdemeanor,violent,2018-06-28,532,3520892,31.063013698630137,M,Indian,2018-06-28,-270.0,0.0,0,0.0,0
4901,982,1009393,5846496,misdemeanor,violent,2017-04-25,473,5846496,18.09315068493151,M,Black,2017-04-25,-423.0,229.0,0,0.0,0
979,2501,28614,10558490,misdemeanor,property,2013-05-06,983,6045036,25.895890410958906,M,Black,2017-03-05,-1957.0,0.0,0,0.0,0
5597,2864,1302726,4489503,misdemeanor,property,2018-01-18,878,2950470,32.536986301369865,M,White,2018-09-27,1684.0,0.0,0,0.0,2
3185,5994,114124,9378296,misdemeanor,other,2014-06-03,21,6060715,55.07671232876712,M,Black,2017-03-01,-1.0,0.0,0,0.0,0
5349,5136,1127005,8129456,misdemeanor,other,2015-07-23,234,3052452,52.342465753424655,M,White,2018-09-08,-1519.0,0.0,0,0.0,0
2913,3805,91724,11349722,misdemeanor,other,2012-07-27,618,5143947,29.24109589041096,M,Black,2017-09-21,-1414.0,6.0,0,0.0,0
3148,4210,101916,9367942,misdemeanor,property,2014-06-06,504,7278705,25.991780821917807,M,Black,2016-04-03,-49.0,0.0,0,0.0,0
5099,243,1065333,12006104,misdemeanor,violent,2018-04-14,819,3940175,19.42739726027397,F,White,2018-04-14,0.0,0.0,0,0.0,0
937,4180,27785,119306,felony,violent,2020-03-09,69,4280859,19.4,M,Black,2018-02-26,632.0,0.0,0,1.0,1
1622,1714,55112,5344590,misdemeanor,drug,2017-08-16,225,7200043,46.46849315068493,M,White,2016-04-23,447.0,0.0,0,0.0,0
3302,3766,184560,2775004,misdemeanor,property,2018-10-31,488,2790886,45.42739726027397,M,Black,2018-10-29,253.0,7798.0,0,0.0,0
6494,6471,3462861,3576217,misdemeanor,other,2018-06-20,92,6676950,71.27123287671233,M,Black,2016-09-02,656.0,0.0,0,0.0,0
5260,3087,1113857,6370777,misdemeanor,violent,2016-12-01,248,7004850,36.29041095890411,M,White,2016-05-29,-497.0,71.0,0,0.0,0
1808,5123,57776,2383168,misdemeanor,drug,2019-01-16,500,7308318,21.936986301369863,M,Black,2016-03-25,2134.0,0.0,0,0.0,1
2233,1653,72764,5366492,misdemeanor,property,2017-08-11,885,6163577,22.72054794520548,F,Black,2017-02-03,-84.0,0.0,0,0.0,3
3868,587,344219,2471357,misdemeanor,violent,2018-12-29,865,2471357,34.32876712328767,F,White,2018-12-29,1846.0,1057.0,0,0.0,0
2430,5435,77082,766081,misdemeanor,property,2019-10-26,356,6537617,29.134246575342463,M,White,2016-10-14,195.0,0.0,0,0.0,0
2561,5869,79687,347387,felony,property,2020-01-23,769,7247779,30.32328767123288,M,Other,2016-04-12,272.0,0.0,1,0.0,2
511,4940,15930,11593508,misdemeanor,violent,2012-05-04,335,4079940,26.504109589041096,M,Black,2018-03-31,-1832.0,0.0,0,0.0,0
5783,4481,1463249,6576617,misdemeanor,other,2016-10-02,136,6576617,18.054794520547944,F,Black,2016-10-02,246.0,169.0,0,0.0,0
2225,1207,72764,7244411,misdemeanor,violent,2016-04-12,885,6163577,22.72054794520548,F,Black,2017-02-03,-297.0,0.0,0,0.0,3
2048,1526,67140,11347298,felony,drug,2012-07-27,204,5670555,29.33150684931507,M,Black,2017-06-07,-2371.0,0.0,0,0.0,2
5232,5954,1107929,4290696,misdemeanor,violent,2018-02-23,650,4290696,49.46849315068493,F,White,2018-02-23,-564.0,0.0,0,0.0,0
1206,2317,40226,3212729,misdemeanor,other,2018-08-07,206,3212729,31.235616438356164,M,Black,2018-08-07,-350.0,0.0,0,0.0,0
4497,3149,910069,10944906,felony,violent,2012-12-15,408,5059604,27.77260273972603,F,mixed,2017-10-05,-1755.0,0.0,0,0.0,1
2630,1971,81823,8516374,felony,drug,2015-03-22,809,3806430,34.8986301369863,M,,2018-05-07,297.0,0.0,1,0.0,0
2520,186,79024,9037003,felony,violent,2014-09-22,52,6759183,37.75616438356165,M,Black,2016-08-10,-1453.0,0.0,0,0.0,0
2787,1276,84823,2922877,felony,violent,2018-10-02,400,2922877,24.0,M,Black,2018-10-02,423.0,0.0,0,0.0,3
3944,279,359972,7707743,misdemeanor,violent,2015-11-30,16,3836808,27.076712328767123,F,Black,2018-05-01,-1014.0,951.0,0,0.0,0
1469,4729,49882,10955443,misdemeanor,other,2012-12-11,230,3596356,35.18082191780822,M,Black,2018-06-14,-490.0,0.0,0,0.0,1
2156,2241,69474,1276602,misdemeanor,drug,2019-07-18,106,6460426,30.30958904109589,F,White,2016-11-07,-36.0,0.0,0,0.0,0
952,3023,27836,3249669,felony,other,2018-07-31,576,6766557,36.69041095890411,M,White,2016-08-09,-53.0,0.0,1,0.0,1
4736,1962,971359,8497329,felony,violent,2015-03-27,66,6234841,30.63287671232877,M,White,2017-01-15,691.0,0.0,0,0.0,0
5880,806,1557971,6079419,misdemeanor,violent,2017-02-23,546,6545079,43.106849315068494,M,Black,2016-10-12,400.0,8712.0,0,0.0,0
3072,6119,92826,7387880,misdemeanor,other,2016-03-04,746,6037598,40.84657534246576,M,Black,2017-03-07,-14.0,0.0,0,0.0,0
671,2471,24916,5570754,felony,drug,2017-06-30,985,5675336,18.75068493150685,M,Black,2017-06-06,42.0,0.0,1,0.0,0
3468,3528,242203,3513350,felony,violent,2018-06-30,829,2472356,20.197260273972603,M,Black,2018-12-29,194.0,2434.0,0,0.0,0
803,6392,26596,8454826,misdemeanor,other,2015-04-10,137,7370720,46.40547945205479,M,mixed,2016-03-09,0.0,0.0,0,0.0,0
537,1133,19626,9288166,felony,violent,2014-07-02,263,4180689,21.15890410958904,F,mixed,2018-03-14,-1657.0,0.0,0,0.0,0
2818,4892,85446,4637059,misdemeanor,drug,2017-12-15,778,6604737,18.117808219178084,M,Black,2016-09-22,-508.0,0.0,0,0.0,2
2342,4144,74829,7236587,misdemeanor,property,2016-04-14,246,3392137,27.47945205479452,M,Black,2018-07-21,-215.0,0.0,0,0.0,0
3466,6165,239629,3261414,misdemeanor,drug,2018-07-29,547,5585793,27.71780821917808,M,Black,2017-06-27,109.0,0.0,0,0.0,1
6371,6325,3097517,4091248,misdemeanor,other,2018-03-29,215,3864977,37.23561643835617,M,,2018-04-26,-28.0,0.0,0,0.0,1
1211,2091,40790,2793396,misdemeanor,violent,2018-10-27,282,2793396,43.8054794520548,M,White,2018-10-27,2142.0,0.0,0,0.0,0
6037,2071,1782791,8201876,misdemeanor,violent,2015-07-02,397,7055804,20.435616438356163,M,Black,2016-05-14,-295.0,1388.0,0,0.0,0
4453,1406,908756,7027943,misdemeanor,other,2016-05-21,350,7027943,35.915068493150685,M,Black,2016-05-21,-8.0,0.0,0,0.0,0
963,2485,27924,8868595,felony,property,2014-11-21,302,6822812,20.48219178082192,M,White,2016-07-21,-980.0,0.0,0,0.0,0
1002,2499,29538,11324616,misdemeanor,violent,2012-08-04,756,4502396,35.553424657534244,M,Black,2018-01-16,-2.0,0.0,0,0.0,1
6047,5262,1798249,5296398,misdemeanor,violent,2017-08-25,760,5296398,26.197260273972603,M,Black,2017-08-25,-51.0,1425.0,0,0.0,0
6161,1544,2335717,9639677,misdemeanor,drug,2014-03-13,933,5855566,39.85479452054795,M,Black,2017-04-21,-1223.0,0.0,0,0.0,1
3478,3507,243705,4841351,misdemeanor,property,2017-11-11,481,6532455,18.654794520547945,M,Black,2016-10-17,57.0,296.0,0,0.0,1
3499,3515,249937,5322293,misdemeanor,violent,2017-08-21,256,5322293,27.84931506849315,M,Black,2017-08-21,-4.0,1731.0,0,0.0,0
1806,4712,57776,6578805,misdemeanor,drug,2016-09-30,500,7308318,21.936986301369863,M,Black,2016-03-25,1180.0,0.0,0,0.0,1
1853,998,60347,3444106,felony,drug,2018-07-12,463,3372243,44.915068493150685,M,Black,2018-07-25,63.0,0.0,1,0.0,3
1877,2911,61596,4090597,felony,property,2018-03-29,846,4183368,38.53972602739726,F,White,2018-03-14,-4.0,854.0,0,1.0,1
6475,5490,3383502,6577014,misdemeanor,other,2016-10-02,280,6577014,46.01095890410959,,,2016-10-02,141.0,2108.0,0,0.0,0
2402,2825,76733,1774094,misdemeanor,property,2020-06-08,48,4573842,27.47945205479452,F,White,2017-12-30,780.0,0.0,0,0.0,0
715,5462,25425,1074460,misdemeanor,other,2019-08-27,130,4398368,38.36438356164384,M,White,2018-02-02,83.0,0.0,0,0.0,2
132,1142,5400,8057770,misdemeanor,violent,2015-08-14,642,4292218,27.21917808219178,M,Black,2018-02-22,-923.0,0.0,0,0.0,0
1214,2131,40790,2106920,misdemeanor,violent,2019-03-08,282,2793396,43.8054794520548,M,White,2018-10-27,2166.0,0.0,0,0.0,0
1203,856,40226,1131970,felony,violent,2019-08-15,206,3212729,31.235616438356164,M,Black,2018-08-07,1480.0,0.0,0,1.0,0
2345,5525,74829,8976733,misdemeanor,other,2014-10-14,246,3392137,27.47945205479452,M,Black,2018-07-21,-1655.0,0.0,0,0.0,0
3855,4010,342986,8324547,felony,violent,2015-05-22,427,3234875,50.80821917808219,M,Black,2018-08-02,-82.0,0.0,1,0.0,2
3896,1891,349867,297701,misdemeanor,property,2020-02-02,676,6357251,23.82191780821918,F,White,2016-12-09,1752.0,0.0,0,0.0,0
2659,864,82277,180202,felony,violent,2020-02-25,725,7591971,30.315068493150687,M,Black,2016-01-06,1449.0,0.0,0,1.0,1
5634,5506,1307719,5788721,misdemeanor,drug,2017-05-10,911,3086994,22.10136986301369,M,Black,2018-09-03,210.0,0.0,0,0.0,2
3221,6067,122092,2547343,misdemeanor,property,2018-12-13,442,2547343,45.96986301369863,M,mixed,2018-12-13,1928.0,0.0,0,0.0,0
1580,496,53703,5777365,felony,violent,2017-05-12,581,6648850,21.15068493150685,M,Black,2016-09-11,-39.0,0.0,1,0.0,1
5254,3141,1113786,2220493,misdemeanor,property,2019-02-16,620,7061405,21.46027397260274,F,Black,2016-05-13,1009.0,0.0,0,0.0,1
182,4976,8089,4797908,misdemeanor,drug,2017-11-18,586,4652942,22.35890410958904,M,Black,2017-12-12,-90.0,0.0,0,0.0,0
1333,2330,46101,9984433,misdemeanor,violent,2013-11-21,585,2788963,46.00547945205479,M,White,2018-10-29,-291.0,54.0,0,0.0,0
6486,6369,3462861,11345267,misdemeanor,other,2012-07-29,92,6676950,71.27123287671233,M,Black,2016-09-02,-37.0,0.0,0,0.0,0
957,5424,27836,7245702,misdemeanor,other,2016-04-12,576,6766557,36.69041095890411,M,White,2016-08-09,-109.0,0.0,0,0.0,1
5196,5951,1072559,8842667,misdemeanor,other,2014-12-02,467,6845142,55.02739726027397,M,White,2016-07-15,889.0,0.0,0,0.0,0
351,6252,13178,3340896,misdemeanor,drug,2020-07-01,363,6641052,20.01095890410959,M,Black,2016-09-13,-14.0,0.0,0,0.0,5
2551,3184,79198,3935936,felony,property,2018-04-16,813,3433327,28.265753424657536,M,White,2018-07-15,1277.0,0.0,0,0.0,2
857,4271,27249,4484277,misdemeanor,property,2018-01-19,960,6478529,22.87945205479452,M,Black,2016-11-01,-240.0,0.0,0,0.0,3
5029,3025,1060589,1044561,felony,violent,2019-09-04,199,4941565,28.134246575342463,M,Black,2017-10-27,994.0,0.0,0,0.0,2
2977,3475,92636,7188003,misdemeanor,property,2016-04-28,896,5155920,56.05479452054794,M,Black,2017-09-19,-17.0,0.0,0,0.0,0
3486,3948,243705,3938266,misdemeanor,other,2020-07-17,481,6532455,18.654794520547945,M,Black,2016-10-17,253.0,0.0,0,0.0,1
22,4844,2003,10983030,misdemeanor,other,2012-12-02,325,3551844,53.465753424657535,M,Black,2018-06-22,143.0,0.0,0,0.0,0
1861,2902,60742,9334172,misdemeanor,other,2014-06-18,737,6015800,28.254794520547943,M,Black,2017-03-13,-153.0,0.0,0,0.0,0
5946,2194,1610763,9636386,misdemeanor,violent,2014-03-14,840,5330582,36.07945205479452,M,Black,2017-08-19,59.0,828.0,0,0.0,0
5747,146,1439871,6304487,misdemeanor,property,2016-12-24,835,7030740,30.698630136986303,M,White,2016-05-20,93.0,0.0,0,0.0,0
5610,5543,1306011,11070325,felony,other,2012-11-01,447,7193530,59.12054794520548,M,White,2016-04-26,-2024.0,0.0,0,0.0,2
1582,1117,53703,9753438,misdemeanor,violent,2014-01-31,581,6648850,21.15068493150685,M,Black,2016-09-11,-997.0,0.0,0,0.0,1
2836,5212,85806,1354693,misdemeanor,other,2019-07-03,14,6816869,30.0986301369863,M,White,2016-07-23,1146.0,0.0,0,0.0,0
5583,2743,1301547,2501747,felony,property,2018-12-21,976,6673313,29.42465753424657,M,mixed,2016-09-03,146.0,55.0,0,1.0,0
285,4750,10237,9245533,felony,drug,2014-07-16,516,3013712,26.4986301369863,M,Black,2018-09-16,524.0,0.0,0,0.0,0
6318,5557,2931293,7303205,misdemeanor,other,2016-03-28,37,7303205,22.63013698630137,F,White,2016-03-28,-665.0,49338.0,0,0.0,0
1795,1197,57776,6389801,felony,drug,2016-11-23,500,7308318,21.936986301369863,M,Black,2016-03-25,254.0,0.0,1,0.0,1
2136,5556,69058,7835474,misdemeanor,other,2015-10-21,402,7255033,49.24931506849315,F,mixed,2016-04-10,-54.0,0.0,0,0.0,0
4141,3931,540780,5695116,misdemeanor,violent,2017-06-01,684,6455123,32.47671232876712,F,Black,2016-11-09,204.0,0.0,0,0.0,0
5792,3189,1475717,2903072,misdemeanor,other,2018-10-07,275,3193787,33.11232876712329,F,White,2018-08-10,219.0,0.0,0,0.0,0
2211,2017,71257,5997163,misdemeanor,property,2017-03-18,630,2922536,33.32054794520548,M,Black,2018-10-02,-808.0,0.0,0,0.0,0
1197,5290,38681,3242082,misdemeanor,drug,2018-08-01,801,4546237,41.66301369863014,F,White,2018-01-08,175.0,0.0,0,0.0,0
357,3631,13592,2737378,felony,property,2018-11-06,821,7357500,33.413698630136984,M,Black,2016-03-13,968.0,0.0,0,0.0,5
4812,4920,995275,2993372,misdemeanor,other,2018-09-19,790,6390045,45.11506849315069,M,mixed,2016-11-23,604.0,0.0,0,0.0,0
834,4306,26679,7796138,misdemeanor,property,2015-11-03,224,6916481,31.117808219178084,M,Black,2016-06-25,-54.0,0.0,0,0.0,0
3677,3987,320631,6053595,misdemeanor,property,2017-03-02,996,6305418,31.63013698630137,M,Black,2016-12-23,50.0,0.0,0,0.0,0
3131,6218,98350,1753399,misdemeanor,other,2020-05-30,183,4251991,53.772602739726025,M,Black,2018-03-02,-21.0,0.0,0,0.0,1
6336,4040,3007259,10830036,misdemeanor,drug,2013-01-30,324,2989464,45.28767123287671,F,mixed,2018-09-20,-2059.0,0.0,0,0.0,0
5063,196,1063563,7960815,felony,property,2015-09-12,385,4827776,30.816438356164383,M,White,2017-11-13,-17.0,0.0,1,0.0,0
2956,3430,92636,9042131,misdemeanor,property,2014-09-21,896,5155920,56.05479452054794,M,Black,2017-09-19,-30.0,0.0,0,0.0,0
1976,389,65745,4392884,felony,violent,2018-02-04,954,2673805,27.67945205479452,M,White,2018-11-19,-219.0,0.0,1,0.0,0
2925,3642,91883,575170,misdemeanor,other,2019-12-04,903,7408614,25.14246575342466,F,Black,2016-02-27,57.0,0.0,0,0.0,0
1947,5686,64186,1990239,misdemeanor,drug,2019-03-28,917,6203506,35.85753424657534,M,Black,2017-01-24,-475.0,0.0,0,0.0,0
3816,617,339988,10686162,misdemeanor,property,2013-03-21,139,5998375,56.57534246575342,M,,2017-03-17,-1454.0,0.0,0,0.0,0
4945,5199,1039827,3839724,misdemeanor,other,2018-05-01,361,3839724,22.438356164383563,M,Black,2018-05-01,0.0,0.0,0,0.0,0
5623,5502,1307676,8685015,misdemeanor,other,2015-01-28,383,6704112,35.09315068493151,M,White,2016-08-26,-600.0,0.0,0,0.0,0
921,6456,27558,2962309,misdemeanor,other,2018-09-25,54,4448872,37.512328767123286,M,Black,2018-01-25,256.0,0.0,0,0.0,1
1697,2050,56410,1415664,misdemeanor,property,2019-06-21,741,4937826,33.4027397260274,M,Black,2017-10-27,223.0,0.0,0,0.0,0
2559,3170,79687,7247779,misdemeanor,property,2016-04-12,769,7247779,30.32328767123288,M,Other,2016-04-12,356.0,0.0,0,0.0,2
2800,1171,85246,6686604,felony,property,2016-08-30,51,6243514,19.75068493150685,M,Black,2017-01-12,-863.0,0.0,0,0.0,4
673,2588,24916,5836880,misdemeanor,drug,2017-04-27,985,5675336,18.75068493150685,M,Black,2017-06-06,-1155.0,0.0,0,0.0,0
4583,4685,915957,11170779,misdemeanor,drug,2012-09-25,70,7206185,48.07671232876712,M,mixed,2016-04-21,74.0,0.0,0,0.0,0
6125,577,2202943,4763108,misdemeanor,property,2017-11-23,525,4763108,48.704109589041096,F,White,2017-11-23,239.0,6122.0,0,0.0,0
608,2409,22194,1251681,misdemeanor,property,2019-07-23,820,4884956,37.95616438356164,F,White,2017-11-02,0.0,0.0,0,0.0,0
2453,5640,77608,6069561,felony,drug,2017-02-27,934,4613060,36.35890410958904,F,White,2017-12-20,-303.0,0.0,1,0.0,1
6447,5917,3352529,6940518,misdemeanor,property,2016-06-17,936,6940518,19.676712328767124,F,White,2016-06-17,-1098.0,23680.0,0,0.0,0
1323,2436,46047,5825525,felony,property,2017-05-01,334,7023735,31.136986301369863,M,White,2016-05-23,1210.0,0.0,0,0.0,0
4041,1681,482239,7656134,misdemeanor,drug,2015-12-14,198,7220104,46.33698630136986,M,White,2016-04-18,-431.0,0.0,0,0.0,3
5176,5915,1072559,6728423,misdemeanor,other,2016-08-19,467,6845142,55.02739726027397,M,White,2016-07-15,414.0,0.0,0,0.0,0
4353,3289,845123,5413918,misdemeanor,drug,2017-08-03,241,5413918,46.97260273972603,M,Black,2017-08-03,-83.0,0.0,0,0.0,0
2620,4836,81431,6007770,misdemeanor,drug,2017-03-15,942,6289055,34.40821917808219,M,Black,2017-01-01,181.0,0.0,0,0.0,0
1991,401,65964,10147169,misdemeanor,drug,2013-09-23,229,6725060,24.34794520547945,M,Black,2016-08-20,-157.0,0.0,0,0.0,1
2471,132,78786,9645810,misdemeanor,drug,2014-03-11,479,6645202,24.15068493150685,M,White,2016-09-12,0.0,0.0,0,0.0,2
2825,4925,85529,1195622,misdemeanor,drug,2019-08-03,734,6161824,19.575342465753423,M,Black,2017-02-04,281.0,0.0,0,0.0,2
3997,4378,442499,9596401,misdemeanor,other,2014-03-27,7,5053285,29.23835616438356,M,White,2017-10-06,-384.0,0.0,0,0.0,0
6002,5336,1710539,5374331,misdemeanor,other,2017-08-10,993,5374331,57.17260273972602,M,White,2017-08-10,0.0,0.0,0,0.0,0
775,4188,26596,10917887,misdemeanor,property,2012-12-27,137,7370720,46.40547945205479,M,mixed,2016-03-09,-1869.0,338.0,0,0.0,0
4388,3234,848761,7254175,misdemeanor,property,2016-04-11,613,7291921,30.10410958904109,M,White,2016-03-31,-92.0,0.0,0,0.0,0
4061,4013,522552,8239067,misdemeanor,drug,2015-06-19,636,6457126,32.62191780821918,F,White,2016-11-08,-1576.0,0.0,0,0.0,0
3121,6055,98350,2533625,misdemeanor,other,2018-12-15,183,4251991,53.772602739726025,M,Black,2018-03-02,596.0,0.0,0,0.0,1
21,4732,2003,11387859,felony,drug,2012-07-12,325,3551844,53.465753424657535,M,Black,2018-06-22,42.0,0.0,1,0.0,0
5451,4060,1189790,6847236,misdemeanor,violent,2016-07-14,236,6847236,40.16712328767123,M,mixed,2016-07-14,1269.0,0.0,0,0.0,0
5117,247,1065548,12005591,misdemeanor,drug,2018-06-30,856,6659898,18.39452054794521,M,White,2016-09-07,2.0,0.0,0,0.0,2
2204,1026,71257,2566371,misdemeanor,violent,2018-12-10,630,2922536,33.32054794520548,M,Black,2018-10-02,69.0,0.0,0,0.0,0
1972,3923,65387,6179507,misdemeanor,other,2017-01-31,392,7194627,18.813698630136987,M,Black,2016-04-26,283.0,0.0,0,0.0,0
4556,971,912191,5560929,misdemeanor,violent,2017-07-03,454,5560929,34.93698630136986,M,Black,2017-07-03,931.0,0.0,0,0.0,1
5315,5176,1123886,6291757,misdemeanor,property,2016-12-30,667,4973926,25.756164383561643,M,Black,2017-10-22,-1149.0,0.0,0,0.0,0
584,161,21493,5595431,misdemeanor,drug,2017-06-23,358,2652491,24.136986301369863,M,White,2018-11-23,520.0,0.0,0,0.0,0
5591,2748,1302621,11197670,misdemeanor,violent,2012-09-16,85,2907242,54.24657534246575,M,Black,2018-10-05,91.0,0.0,0,0.0,0
6048,2101,1799216,5050151,misdemeanor,property,2017-10-08,437,5050151,31.065753424657533,M,White,2017-10-08,44.0,967.0,0,0.0,0
5300,4743,1117726,9895077,felony,property,2013-12-16,519,7288288,50.95616438356164,M,Black,2016-03-31,-596.0,0.0,0,0.0,0
3946,321,359972,3836808,misdemeanor,violent,2018-05-01,16,3836808,27.076712328767123,F,Black,2018-05-01,674.0,0.0,0,0.0,0
2057,1948,67140,10044884,felony,property,2013-10-31,204,5670555,29.33150684931507,M,Black,2017-06-07,-1426.0,0.0,0,0.0,2
5891,4977,1575015,4801231,misdemeanor,drug,2017-11-17,41,4801231,18.983561643835618,M,Black,2017-11-17,34.0,3443.0,0,0.0,0
5774,129,1455195,10500239,misdemeanor,other,2013-05-26,905,5976675,29.553424657534247,F,White,2017-03-24,173.0,6809.0,0,0.0,0
3218,3594,122092,6464808,felony,property,2016-11-05,442,2547343,45.96986301369863,M,mixed,2018-12-13,711.0,0.0,0,0.0,0
1106,4053,33633,6984344,misdemeanor,property,2016-06-04,169,6995174,18.2986301369863,M,mixed,2016-06-01,-116.0,0.0,0,0.0,0
3891,272,349867,9525994,misdemeanor,drug,2014-04-21,676,6357251,23.82191780821918,F,White,2016-12-09,-1548.0,2784.0,0,0.0,0
4954,1507,1050738,3479577,misdemeanor,property,2018-07-06,494,3479577,22.24931506849315,M,Black,2018-07-06,1053.0,0.0,0,0.0,0
1226,3045,41991,9610258,misdemeanor,violent,2014-03-24,563,6778366,24.93972602739726,M,White,2016-08-05,810.0,0.0,0,0.0,4
5756,4474,1439871,9463613,felony,other,2014-05-12,835,7030740,30.698630136986303,M,White,2016-05-20,355.0,0.0,1,0.0,0
1418,4945,48211,8752022,misdemeanor,other,2015-01-06,843,3250281,34.2,M,White,2018-07-30,581.0,0.0,0,0.0,0
2769,4752,84199,9559569,misdemeanor,drug,2014-04-09,553,7563283,22.12054794520548,M,Black,2016-01-14,351.0,0.0,0,0.0,0
822,6428,26596,7358344,misdemeanor,other,2016-03-12,137,7370720,46.40547945205479,M,mixed,2016-03-09,-2.0,0.0,0,0.0,0
4862,1230,1005742,5902358,misdemeanor,violent,2017-04-11,134,5902358,24.58904109589041,M,Black,2017-04-11,1635.0,825.0,0,0.0,0
5580,2859,1301492,4810567,felony,violent,2017-11-16,910,4810567,26.76438356164384,M,Black,2017-11-16,1022.0,0.0,0,0.0,1
1575,1524,51883,11282533,misdemeanor,violent,2012-08-18,752,5828497,25.980821917808218,M,mixed,2017-04-30,-1716.0,0.0,0,0.0,0
4507,4749,910635,9474358,misdemeanor,drug,2014-05-08,841,4973877,61.01643835616439,M,Black,2017-10-22,426.0,0.0,0,0.0,0
3756,616,336042,10661824,misdemeanor,other,2013-03-29,610,5170311,55.30684931506849,M,White,2017-09-15,160.0,0.0,0,0.0,0
618,2452,22194,8380302,felony,violent,2015-05-04,820,4884956,37.95616438356164,F,White,2017-11-02,375.0,0.0,0,0.0,0
2395,5642,76548,4956454,felony,violent,2017-10-24,209,5008666,27.293150684931508,M,Black,2017-10-16,-463.0,0.0,0,0.0,0
926,6487,27558,4463028,misdemeanor,property,2018-01-23,54,4448872,37.512328767123286,M,Black,2018-01-25,-2.0,0.0,0,0.0,1
1143,4193,35320,10808091,misdemeanor,property,2013-02-07,544,3607980,24.339726027397266,M,Black,2018-06-13,-1952.0,0.0,0,0.0,2
2791,4416,84823,9390754,felony,other,2014-05-29,400,2922877,24.0,M,Black,2018-10-02,-21.0,0.0,1,0.0,3
1252,2000,43195,4654149,felony,drug,2017-12-12,23,2766114,20.693150684931503,M,Black,2018-11-01,-966.0,52.0,0,0.0,1
1220,2261,41991,8391303,felony,property,2015-04-29,563,6778366,24.93972602739726,M,White,2016-08-05,-547.0,0.0,0,0.0,4
3770,4625,336042,11119974,misdemeanor,other,2012-10-13,610,5170311,55.30684931506849,M,White,2017-09-15,75.0,0.0,0,0.0,0
3986,4029,416390,5979305,felony,violent,2017-03-23,291,6349926,17.438356164383563,M,Black,2016-12-12,-27.0,0.0,1,0.0,1
3900,2193,349867,10078489,misdemeanor,property,2013-10-20,676,6357251,23.82191780821918,F,White,2016-12-09,-444.0,0.0,0,0.0,0
4757,1162,984444,8344319,misdemeanor,drug,2015-05-14,506,6058937,24.95890410958904,M,White,2017-03-01,-247.0,0.0,0,0.0,0
431,215,14836,5627332,misdemeanor,violent,2017-06-18,773,5627332,26.013698630136982,M,White,2017-06-18,-1062.0,0.0,0,0.0,0
1394,480,48080,2505369,misdemeanor,drug,2018-12-20,512,6445341,38.95890410958904,M,Black,2016-11-11,181.0,0.0,0,0.0,0
109,5160,4741,1412543,misdemeanor,property,2019-06-22,421,4609251,33.49589041095891,M,White,2017-12-21,-264.0,0.0,0,0.0,0
5337,5112,1127005,10405967,misdemeanor,property,2013-06-27,234,3052452,52.342465753424655,M,White,2018-09-08,313.0,0.0,0,0.0,0
60,5216,2778,10893624,misdemeanor,property,2013-01-07,35,4871957,29.649315068493152,M,mixed,2017-11-05,-1017.0,0.0,0,0.0,0
1728,778,57158,6312363,felony,drug,2016-12-21,168,3882249,29.983561643835618,M,Black,2018-04-23,1174.0,0.0,0,0.0,0
1463,1595,49882,7506107,felony,drug,2016-02-03,230,3596356,35.18082191780822,M,Black,2018-06-14,529.0,0.0,0,0.0,1
4262,4321,720250,7384312,misdemeanor,other,2016-03-05,884,5705381,31.14246575342466,M,Black,2017-05-30,386.0,0.0,0,0.0,1
3370,6191,213172,1840756,misdemeanor,other,2019-04-23,141,6009424,19.265753424657536,M,Black,2017-03-15,-495.0,0.0,0,0.0,0
4476,978,909645,5568205,misdemeanor,violent,2017-06-30,490,5568205,61.298630136986304,F,Black,2017-06-30,656.0,259.0,0,0.0,0
4947,5228,1039827,5842383,misdemeanor,property,2017-04-26,361,3839724,22.438356164383563,M,Black,2018-05-01,169.0,0.0,0,0.0,0
6423,2528,3216126,5975064,misdemeanor,property,2017-03-24,71,5728325,46.04109589041096,M,White,2017-05-26,-63.0,0.0,0,0.0,0
581,5672,21406,6591198,misdemeanor,other,2016-09-27,450,5590253,19.052054794520547,M,White,2017-06-26,-293.0,0.0,0,0.0,0
2491,225,78820,4003633,misdemeanor,violent,2018-04-03,899,4003633,34.16164383561644,F,White,2018-04-03,-57.0,0.0,0,0.0,0
1737,4964,57158,7147460,misdemeanor,other,2016-05-09,168,3882249,29.983561643835618,M,Black,2018-04-23,1322.0,0.0,0,0.0,0
4203,3836,637495,9036262,felony,violent,2014-09-23,520,4521188,23.410958904109588,M,Black,2018-01-12,-1214.0,0.0,0,0.0,1
523,1543,17881,10494621,misdemeanor,drug,2013-05-28,753,4771776,31.526027397260275,M,Black,2017-11-21,-1474.0,0.0,0,0.0,2
3516,5352,253477,7625514,misdemeanor,other,2015-12-23,970,7019251,51.3013698630137,M,White,2016-05-24,0.0,0.0,0,0.0,0
5189,5942,1072559,2775665,misdemeanor,other,2018-10-31,467,6845142,55.02739726027397,M,White,2016-07-15,154.0,0.0,0,0.0,0
1123,6344,34599,5352026,felony,property,2017-08-15,298,5352026,20.945205479452056,M,mixed,2017-08-15,753.0,0.0,0,0.0,0
1034,4116,30578,8466092,misdemeanor,violent,2015-04-07,548,7283727,30.66849315068493,F,,2016-04-01,-1133.0,1036.0,0,0.0,1
2922,3634,91883,1178058,misdemeanor,property,2019-08-07,903,7408614,25.14246575342466,F,Black,2016-02-27,1155.0,0.0,0,0.0,0
5494,2011,1247697,5936893,felony,violent,2017-04-02,278,5936893,17.542465753424658,M,White,2017-04-02,661.0,1458.0,0,1.0,0
6325,5564,2934116,6598254,misdemeanor,other,2016-09-25,296,6598254,37.6958904109589,M,White,2016-09-25,-29.0,0.0,0,0.0,0
914,6333,27558,278626,felony,drug,2020-02-05,54,4448872,37.512328767123286,M,Black,2018-01-25,1.0,0.0,1,1.0,1
3840,317,342694,4101148,misdemeanor,violent,2018-03-28,465,6486630,19.843835616438355,F,White,2016-10-29,18.0,0.0,0,0.0,0
1182,2112,38535,4202689,misdemeanor,violent,2018-03-11,194,5666738,19.22739726027397,M,White,2017-06-08,-80.0,0.0,0,0.0,1
3814,582,339988,5878755,misdemeanor,property,2017-04-17,139,5998375,56.57534246575342,M,,2017-03-17,-45.0,0.0,0,0.0,0
547,198,19918,8347546,misdemeanor,violent,2015-05-13,562,2977729,27.96712328767123,M,White,2018-09-22,-62.0,0.0,0,0.0,0
1588,301,53858,6824921,misdemeanor,drug,2016-07-20,386,6792133,29.10684931506849,M,mixed,2016-08-01,-6.0,0.0,0,0.0,0
728,2542,25670,2091888,misdemeanor,property,2019-03-11,690,3949162,35.26301369863014,F,Black,2018-04-12,1942.0,0.0,0,0.0,0
4113,5444,539268,6351262,misdemeanor,property,2020-09-26,626,3993384,44.24383561643835,M,White,2018-04-05,450.0,0.0,0,0.0,0
3835,4669,339988,10762100,misdemeanor,other,2013-02-23,139,5998375,56.57534246575342,M,,2017-03-17,-1566.0,0.0,0,0.0,0
5289,3180,1116388,5370881,felony,violent,2017-08-11,309,6585372,26.942465753424656,M,Black,2016-09-29,-40.0,0.0,1,0.0,1
4842,1025,1002535,2505949,misdemeanor,property,2018-12-20,388,5559287,23.715068493150685,M,Black,2017-07-04,534.0,0.0,0,0.0,0
5442,5141,1162141,11512430,misdemeanor,other,2012-05-31,208,6068520,24.991780821917807,M,Black,2017-02-27,-710.0,0.0,0,0.0,0
899,6451,27382,2939283,misdemeanor,other,2018-09-30,75,7381538,26.56438356164384,M,Black,2016-03-07,515.0,0.0,0,0.0,0
1579,464,53703,5608628,misdemeanor,violent,2017-06-20,581,6648850,21.15068493150685,M,Black,2016-09-11,282.0,0.0,0,0.0,1
1903,2960,63188,2403704,misdemeanor,drug,2019-01-12,990,5775746,18.78904109589041,M,Black,2017-05-14,-52.0,0.0,0,0.0,0
6220,3104,2559192,11349979,misdemeanor,violent,2012-07-27,694,6055237,65.05205479452054,M,Black,2017-03-02,-2708.0,555.0,0,0.0,0
2132,4601,69058,3406571,misdemeanor,other,2018-07-18,402,7255033,49.24931506849315,F,mixed,2016-04-10,0.0,0.0,0,0.0,0
1956,1205,65316,6863214,felony,drug,2016-07-08,429,6863214,36.42739726027397,M,Black,2016-07-08,710.0,0.0,0,0.0,1
2534,4471,79024,11999150,misdemeanor,other,2018-12-14,52,6759183,37.75616438356165,M,Black,2016-08-10,18.0,0.0,0,0.0,0
2964,3450,92636,8202616,misdemeanor,property,2015-07-02,896,5155920,56.05479452054794,M,Black,2017-09-19,-11.0,0.0,0,0.0,0
6464,5481,3370039,10170697,misdemeanor,other,2013-09-16,572,5339587,79.18082191780822,M,White,2017-08-17,-1732.0,7027.0,0,0.0,0
5355,5174,1127005,8046602,misdemeanor,other,2015-08-18,234,3052452,52.342465753424655,M,White,2018-09-08,104.0,0.0,0,0.0,0
2077,3664,67939,10142531,misdemeanor,property,2013-09-25,707,5475688,60.42191780821918,M,Black,2017-07-21,353.0,0.0,0,0.0,0
5113,222,1065548,3512264,felony,property,2018-06-30,856,6659898,18.39452054794521,M,White,2016-09-07,0.0,0.0,1,0.0,2
1449,4761,49472,8379808,felony,drug,2015-05-04,119,7563566,32.298630136986304,M,Black,2016-01-14,504.0,0.0,0,0.0,0
3177,4232,112145,6939057,misdemeanor,property,2016-06-17,466,6939057,22.775342465753425,M,mixed,2016-06-17,1325.0,0.0,0,0.0,0
398,157,14773,6131689,misdemeanor,violent,2017-02-10,792,6072762,28.04383561643836,M,White,2017-02-25,-10.0,0.0,0,0.0,1
4700,2005,960846,5179541,misdemeanor,drug,2017-09-14,764,5919982,26.92328767123288,F,Black,2017-04-06,248.0,0.0,0,0.0,0
5125,3322,1072559,10589269,misdemeanor,property,2013-04-25,467,6845142,55.02739726027397,M,White,2016-07-15,353.0,0.0,0,0.0,0
3421,3487,230885,5830453,felony,property,2017-04-29,788,5830453,28.22191780821917,F,mixed,2017-04-29,-139.0,11.0,0,1.0,0
495,5807,15353,2149811,misdemeanor,property,2019-03-01,560,3039691,34.391780821917806,F,White,2018-09-11,-80.0,0.0,0,0.0,3
1663,4895,56320,4840593,misdemeanor,property,2017-11-11,762,4840593,35.95890410958904,M,Black,2017-11-11,743.0,0.0,0,0.0,0
4807,942,995275,6390045,misdemeanor,drug,2016-11-23,790,6390045,45.11506849315069,M,mixed,2016-11-23,-564.0,1082.0,0,0.0,0
4950,2809,1039918,3897452,misdemeanor,drug,2018-04-20,735,3743125,43.69315068493151,F,White,2018-05-18,-28.0,0.0,0,0.0,0
5858,2655,1519445,7226205,misdemeanor,violent,2016-04-16,19,6553405,51.96986301369863,M,Black,2016-10-10,-177.0,0.0,0,0.0,0
3377,3716,220893,6386090,misdemeanor,violent,2016-11-27,523,7488749,18.24109589041096,F,Black,2016-02-08,-915.0,0.0,0,0.0,0
972,4432,27924,277341,misdemeanor,other,2020-02-05,302,6822812,20.48219178082192,M,White,2016-07-21,-22.0,0.0,0,0.0,0
2962,3445,92636,8301882,misdemeanor,property,2015-05-31,896,5155920,56.05479452054794,M,Black,2017-09-19,42.0,0.0,0,0.0,0
3190,3421,115414,10723577,misdemeanor,property,2013-03-09,557,2907915,26.78356164383561,M,,2018-10-05,-1453.0,1290.0,0,0.0,0
151,2305,6614,8204319,misdemeanor,property,2015-07-01,107,5913001,25.3972602739726,M,White,2017-04-09,431.0,0.0,0,0.0,1
1970,3894,65387,7194627,felony,violent,2016-04-26,392,7194627,18.813698630136987,M,Black,2016-04-26,234.0,0.0,1,0.0,0
1880,1195,62147,7292958,felony,violent,2016-03-30,468,7292958,20.78082191780822,M,Black,2016-03-30,-21.0,0.0,1,0.0,0
3270,6058,146410,4568701,misdemeanor,other,2018-01-02,518,5763206,53.31506849315068,M,Black,2017-05-17,76.0,0.0,0,0.0,1
1751,1232,57265,6141925,misdemeanor,violent,2017-02-08,116,5435848,31.40821917808219,M,Black,2017-07-29,-171.0,0.0,0,0.0,0
578,5662,21406,706156,misdemeanor,other,2019-11-08,450,5590253,19.052054794520547,M,White,2017-06-26,773.0,0.0,0,0.0,0
6278,5388,2792559,1987047,misdemeanor,other,2019-03-28,614,6313370,50.71780821917808,M,White,2016-12-21,332.0,0.0,0,0.0,0
3987,595,419322,3227956,misdemeanor,violent,2018-08-03,742,3227956,20.736986301369864,M,White,2018-08-03,498.0,2932.0,0,0.0,0
1348,2451,46101,8775437,misdemeanor,violent,2014-12-25,585,2788963,46.00547945205479,M,White,2018-10-29,-1404.0,0.0,0,0.0,0
5097,254,1065214,12006021,misdemeanor,violent,2018-04-27,955,12006021,35.41917808219178,F,White,2018-04-27,0.0,0.0,0,0.0,0
1607,459,55112,9430574,misdemeanor,property,2014-05-23,225,7200043,46.46849315068493,M,White,2016-04-23,639.0,0.0,0,0.0,0
3827,4618,339988,13658264,misdemeanor,other,2012-04-17,139,5998375,56.57534246575342,M,,2017-03-17,-9.0,0.0,0,0.0,0
5996,5333,1688253,6946113,misdemeanor,other,2016-06-15,28,6946113,33.14246575342466,M,White,2016-06-15,718.0,12513.0,0,0.0,0
4084,5479,531993,4032765,felony,property,2020-07-22,802,5598101,52.59178082191781,M,White,2017-06-23,1125.0,0.0,0,1.0,1
5493,5912,1246239,8264135,misdemeanor,other,2015-06-11,109,5897554,20.66575342465753,M,White,2017-04-12,-671.0,0.0,0,0.0,0
459,5776,15340,10702894,misdemeanor,other,2013-03-16,237,5697246,39.5972602739726,M,White,2017-05-31,0.0,0.0,0,0.0,0
1756,4845,57265,11119061,misdemeanor,drug,2012-10-14,116,5435848,31.40821917808219,M,Black,2017-07-29,-1760.0,0.0,0,0.0,0
4208,3849,667567,8399320,misdemeanor,property,2015-04-27,192,6835425,50.54246575342466,M,Black,2016-07-18,-465.0,11669.0,0,0.0,0
3128,6126,98350,5759973,misdemeanor,other,2017-05-18,183,4251991,53.772602739726025,M,Black,2018-03-02,1406.0,0.0,0,0.0,1
6008,5794,1744993,6468725,misdemeanor,other,2016-11-04,326,6468725,63.87671232876713,M,White,2016-11-04,-669.0,19515.0,0,0.0,0
3348,3769,207810,3243682,misdemeanor,other,2018-08-01,511,3739546,27.51780821917808,M,Black,2018-05-20,73.0,0.0,0,0.0,0
1574,1234,51883,5828497,misdemeanor,violent,2017-04-30,752,5828497,25.980821917808218,M,mixed,2017-04-30,1716.0,0.0,0,0.0,0
4242,4078,720250,5705381,misdemeanor,property,2017-05-30,884,5705381,31.14246575342466,M,Black,2017-05-30,27.0,0.0,0,0.0,1
1246,5292,42402,9669748,misdemeanor,other,2014-03-04,476,6701778,32.106849315068494,M,White,2016-08-27,-1017.0,0.0,0,0.0,0
678,2524,25060,4796664,misdemeanor,violent,2017-11-19,718,4796664,25.947945205479453,F,Black,2017-11-19,1244.0,0.0,0,0.0,0
2226,1238,72764,6163577,misdemeanor,violent,2017-02-03,885,6163577,22.72054794520548,F,Black,2017-02-03,297.0,0.0,0,0.0,3
2277,4594,73796,10458370,misdemeanor,other,2013-06-09,710,5195856,30.24383561643836,M,Black,2017-09-12,-1625.0,0.0,0,0.0,0
1128,4248,34814,4664272,misdemeanor,property,2017-12-11,663,4664272,19.378082191780823,M,,2017-12-11,63.0,0.0,0,0.0,0
3056,3946,92826,978959,misdemeanor,other,2019-09-14,746,6037598,40.84657534246576,M,Black,2017-03-07,-18.0,0.0,0,0.0,0
2247,2015,72764,5897378,misdemeanor,property,2017-04-12,885,6163577,22.72054794520548,F,Black,2017-02-03,100.0,0.0,0,0.0,3
4538,1412,911310,7456292,misdemeanor,drug,2016-02-17,711,7364521,44.536986301369865,M,Black,2016-03-10,-1178.0,0.0,0,0.0,0
78,5133,3484,936287,felony,property,2019-09-22,928,7383051,38.0,M,Black,2016-03-06,157.0,0.0,1,0.0,1
1107,4130,33633,6913414,felony,property,2016-06-27,169,6995174,18.2986301369863,M,mixed,2016-06-01,23.0,0.0,1,0.0,0
5620,2715,1307676,1277213,misdemeanor,violent,2019-07-18,383,6704112,35.09315068493151,M,White,2016-08-26,703.0,0.0,0,0.0,0
112,1788,4931,2711002,misdemeanor,other,2018-11-12,24,2500555,18.38082191780822,M,Black,2018-12-21,-129.0,0.0,0,0.0,0
3244,6187,126282,1504936,misdemeanor,other,2019-06-05,3,3573863,36.465753424657535,M,Black,2018-06-20,1327.0,0.0,0,0.0,0
3981,1882,404843,1559819,misdemeanor,property,2019-05-27,322,3550258,32.032876712328765,M,mixed,2018-06-23,280.0,0.0,0,0.0,0
1995,460,65964,9613156,felony,drug,2014-03-21,229,6725060,24.34794520547945,M,Black,2016-08-20,31.0,0.0,1,0.0,1
4072,2638,531993,9035234,misdemeanor,property,2014-09-23,802,5598101,52.59178082191781,M,White,2017-06-23,0.0,0.0,0,0.0,1
5343,5124,1127005,2090518,misdemeanor,other,2019-03-11,234,3052452,52.342465753424655,M,White,2018-09-08,184.0,0.0,0,0.0,0
6101,10,2108170,8504503,felony,violent,2015-03-25,307,6672666,26.4986301369863,M,White,2016-09-03,-607.0,2117.0,0,0.0,0
2637,5153,81823,465227,misdemeanor,property,2019-12-28,809,3806430,34.8986301369863,M,,2018-05-07,1710.0,0.0,0,0.0,0
5185,5933,1072559,5710335,misdemeanor,other,2017-05-28,467,6845142,55.02739726027397,M,White,2016-07-15,-18.0,0.0,0,0.0,0
2728,4955,83299,2203151,misdemeanor,drug,2019-02-20,452,6983854,18.164383561643834,,Black,2016-06-04,-634.0,0.0,0,0.0,0
2263,5238,72764,2217032,felony,property,2019-02-17,885,6163577,22.72054794520548,F,Black,2017-02-03,68.0,0.0,1,0.0,3
2234,1701,72764,5456315,felony,violent,2017-07-25,885,6163577,22.72054794520548,F,Black,2017-02-03,-17.0,0.0,1,0.0,3
1132,6319,34814,3446954,misdemeanor,property,2018-07-12,663,4664272,19.378082191780823,M,,2017-12-11,208.0,0.0,0,0.0,0
2937,3448,92254,8702412,misdemeanor,property,2015-01-22,413,4354694,25.13150684931507,M,Black,2018-02-11,-17.0,0.0,0,0.0,0
3172,6121,106675,6560430,misdemeanor,drug,2016-10-07,292,6671035,23.64109589041096,M,Black,2016-09-05,392.0,0.0,0,0.0,0
5821,2298,1499946,11023891,misdemeanor,drug,2012-11-19,653,6322340,25.86849315068493,M,White,2016-12-19,-1491.0,0.0,0,0.0,1
4324,6149,763078,4111160,felony,other,2018-03-27,29,4111160,41.89315068493151,M,Black,2018-03-27,-248.0,1458.0,0,1.0,0
281,1370,10237,9301654,felony,drug,2014-06-28,516,3013712,26.4986301369863,M,Black,2018-09-16,540.0,0.0,0,0.0,0
5576,2731,1301492,10783964,felony,property,2013-02-15,910,4810567,26.76438356164384,M,Black,2017-11-16,94.0,0.0,1,0.0,1
2236,1760,72764,9947140,misdemeanor,property,2013-12-02,885,6163577,22.72054794520548,F,Black,2017-02-03,-1237.0,0.0,0,0.0,3
1098,6159,33253,4284534,felony,property,2018-02-25,649,4284534,24.306849315068494,M,Black,2018-02-25,2031.0,0.0,0,1.0,0
2879,6032,91611,5546182,misdemeanor,other,2017-07-06,102,5490784,30.58082191780822,M,Black,2017-07-18,0.0,0.0,0,0.0,0
2898,5988,91690,8996455,misdemeanor,other,2014-10-07,952,5883395,25.66575342465753,M,Black,2017-04-17,-1038.0,0.0,0,0.0,0
2679,884,82604,9956507,misdemeanor,drug,2013-11-28,129,2576292,34.865753424657534,M,Black,2018-12-07,-1859.0,0.0,0,0.0,2
4329,6213,767053,1683937,felony,drug,2020-05-13,719,2667595,26.07123287671233,M,Black,2018-11-20,307.0,0.0,1,1.0,1
6202,2589,2535391,5291736,misdemeanor,property,2017-08-26,510,5291736,24.898630136986306,F,White,2017-08-26,-380.0,5409.0,0,0.0,0
4652,1491,940651,6924080,misdemeanor,property,2016-06-22,601,3015248,40.293150684931504,F,mixed,2018-09-15,334.0,0.0,0,0.0,0
254,1672,10066,10401577,misdemeanor,other,2013-06-28,36,7398258,45.61917808219178,M,Black,2016-03-01,-399.0,0.0,0,0.0,0
1484,1549,50827,9771814,misdemeanor,drug,2014-01-25,716,5665899,21.778082191780825,M,Black,2017-06-08,-34.0,0.0,0,0.0,3
1696,2039,56410,2714417,misdemeanor,property,2018-11-10,741,4937826,33.4027397260274,M,Black,2017-10-27,196.0,0.0,0,0.0,0
3894,339,349867,8827711,misdemeanor,drug,2014-12-07,676,6357251,23.82191780821918,F,White,2016-12-09,-1550.0,0.0,0,0.0,0
5251,2776,1113786,6738850,misdemeanor,property,2016-08-16,620,7061405,21.46027397260274,F,Black,2016-05-13,324.0,0.0,0,0.0,1
4278,3970,721126,5141923,misdemeanor,property,2017-09-21,730,7453819,50.013698630136986,M,Black,2016-02-18,581.0,0.0,0,0.0,0
265,1593,10071,7218583,misdemeanor,violent,2016-04-18,967,5792197,21.95890410958904,M,Black,2017-05-09,244.0,0.0,0,0.0,1
115,1372,4981,9611958,misdemeanor,other,2014-03-22,925,6982985,37.38082191780822,M,White,2016-06-05,-75.0,0.0,0,0.0,1
2914,6086,91724,6082346,misdemeanor,other,2017-02-23,618,5143947,29.24109589041096,M,Black,2017-09-21,1672.0,0.0,0,0.0,0
3941,4567,358578,3991088,felony,other,2018-04-05,423,2511968,38.64109589041096,M,,2018-12-19,-258.0,0.0,1,0.0,2
4526,6469,910635,3556182,misdemeanor,other,2018-06-22,841,4973877,61.01643835616439,M,Black,2017-10-22,1457.0,0.0,0,0.0,0
821,6427,26596,7355640,misdemeanor,other,2016-03-14,137,7370720,46.40547945205479,M,mixed,2016-03-09,-104.0,0.0,0,0.0,0
29,851,2326,972447,felony,violent,2019-09-16,807,7591648,31.378082191780823,M,Black,2016-01-06,409.0,0.0,0,1.0,1
3222,6175,122092,2653660,misdemeanor,drug,2018-11-23,442,2547343,45.96986301369863,M,mixed,2018-12-13,-20.0,0.0,0,0.0,0
2264,5276,72764,160417,felony,property,2020-02-29,885,6163577,22.72054794520548,F,Black,2017-02-03,377.0,0.0,0,0.0,3
1979,475,65745,2904867,felony,violent,2018-10-05,954,2673805,27.67945205479452,M,White,2018-11-19,-338.0,0.0,1,0.0,0
3318,3454,196266,7986730,misdemeanor,violent,2015-09-06,440,5370074,29.63013698630137,M,Black,2017-08-11,-414.0,3778.0,0,0.0,0
4844,1747,1002535,4951082,misdemeanor,property,2017-10-25,388,5559287,23.715068493150685,M,Black,2017-07-04,-592.0,0.0,0,0.0,0
6410,5658,3192537,5291769,misdemeanor,other,2017-08-26,924,5291769,49.96986301369863,M,White,2017-08-26,0.0,0.0,0,0.0,0
6399,4358,3185585,4934958,misdemeanor,other,2017-10-28,579,6326198,50.45205479452055,M,Black,2016-12-17,315.0,0.0,0,0.0,0
5963,5722,1611752,7291545,misdemeanor,other,2016-03-31,839,3648891,41.035616438356165,M,White,2018-06-06,-797.0,0.0,0,0.0,0
5383,1950,1130673,10429095,felony,drug,2013-06-19,599,7005244,25.65205479452055,M,Black,2016-05-28,280.0,0.0,1,0.0,1
4459,4935,908756,194967,misdemeanor,property,2020-02-22,350,7027943,35.915068493150685,M,Black,2016-05-21,655.0,0.0,0,0.0,0
877,6460,27249,3462419,misdemeanor,other,2018-07-11,960,6478529,22.87945205479452,M,Black,2016-11-01,272.0,0.0,0,0.0,3
6073,2109,1806016,5290353,felony,drug,2017-08-27,608,5290353,22.063013698630137,M,White,2017-08-27,-1191.0,320.0,0,0.0,1
3839,316,342694,4203926,misdemeanor,violent,2018-03-10,465,6486630,19.843835616438355,F,White,2016-10-29,612.0,0.0,0,0.0,0
2349,2729,75036,11036692,misdemeanor,drug,2012-11-14,533,6707445,28.55890410958904,M,White,2016-08-25,0.0,0.0,0,0.0,0
2556,3097,79687,5027340,felony,property,2017-10-12,769,7247779,30.32328767123288,M,Other,2016-04-12,-893.0,0.0,0,0.0,2
4829,1605,1000104,5327849,misdemeanor,other,2017-08-20,701,5327849,24.931506849315067,M,Black,2017-08-20,1765.0,0.0,0,0.0,0
1851,4793,60332,5178599,felony,drug,2017-09-14,693,4552038,25.438356164383563,M,Black,2018-01-05,-113.0,0.0,1,0.0,3
6343,4126,3054080,6463725,misdemeanor,property,2016-11-06,124,6676974,23.698630136986303,F,mixed,2016-09-02,342.0,0.0,0,0.0,0
2238,1768,72764,6506214,felony,property,2016-10-23,885,6163577,22.72054794520548,F,Black,2017-02-03,1376.0,0.0,0,0.0,3
4651,1480,940651,8124223,misdemeanor,property,2015-07-24,601,3015248,40.293150684931504,F,mixed,2018-09-15,117.0,0.0,0,0.0,0
2976,3474,92636,7055128,misdemeanor,property,2016-05-15,896,5155920,56.05479452054794,M,Black,2017-09-19,-21.0,0.0,0,0.0,0
4855,2950,1003853,4713078,felony,property,2017-12-01,393,3388991,42.69041095890411,M,White,2018-07-23,-371.0,1318.0,0,0.0,1
4975,3394,1055115,9850674,misdemeanor,property,2013-12-29,226,7371681,57.56164383561644,M,White,2016-03-09,552.0,0.0,0,0.0,1
1655,3378,56090,1052047,misdemeanor,violent,2019-09-01,362,6916269,18.29041095890411,M,White,2016-06-25,454.0,0.0,0,0.0,0
6122,676,2156291,3365244,misdemeanor,violent,2018-07-26,176,3365244,19.27945205479452,M,Black,2018-07-26,-56.0,0.0,0,0.0,0
4446,707,908756,11091397,misdemeanor,violent,2012-10-23,350,7027943,35.915068493150685,M,Black,2016-05-21,-2209.0,20668.0,0,0.0,0
5319,5247,1123886,9321573,misdemeanor,drug,2014-06-22,667,4973926,25.756164383561643,M,Black,2017-10-22,-992.0,0.0,0,0.0,0
5914,5728,1602754,7539079,misdemeanor,other,2016-01-21,866,7539079,32.87123287671233,F,Black,2016-01-21,385.0,0.0,0,0.0,0
3647,5714,318640,10319987,misdemeanor,other,2013-07-28,158,5764522,25.813698630136987,M,White,2017-05-16,-1388.0,0.0,0,0.0,0
4918,5052,1022206,3875161,misdemeanor,drug,2018-04-24,202,3126042,31.36164383561644,M,Black,2018-08-26,-976.0,0.0,0,0.0,0
3446,3753,235227,5726487,misdemeanor,property,2017-05-27,317,5726487,39.8986301369863,F,Black,2017-05-27,90.0,0.0,0,0.0,0
4442,5803,884830,4548340,misdemeanor,drug,2018-01-08,469,3249757,26.75068493150685,M,Black,2018-07-31,21.0,0.0,0,0.0,0
5325,5178,1124386,6928740,felony,drug,2016-06-21,399,6928740,19.56164383561644,M,Black,2016-06-21,-575.0,0.0,0,0.0,1
2004,52,66046,5057571,misdemeanor,other,2017-10-06,909,5057571,24.473972602739725,M,Black,2017-10-06,1559.0,82.0,0,0.0,0
1613,525,55112,9977537,misdemeanor,property,2013-11-22,225,7200043,46.46849315068493,M,White,2016-04-23,637.0,0.0,0,0.0,0
5931,5769,1609935,11185818,misdemeanor,other,2012-09-20,406,7395386,41.40547945205479,,,2016-03-02,-2630.0,0.0,0,0.0,0
5229,5907,1103608,10525906,misdemeanor,drug,2013-05-17,464,4541881,27.410958904109588,F,White,2018-01-09,-7.0,0.0,0,0.0,0
4924,1790,1023093,3686730,misdemeanor,property,2018-05-29,64,3493710,18.852054794520548,M,Black,2018-07-04,-100.0,0.0,0,0.0,0
2555,3095,79687,71818,felony,property,2020-03-23,769,7247779,30.32328767123288,M,Other,2016-04-12,642.0,489.0,0,1.0,2
2065,502,67939,13580851,misdemeanor,property,2012-06-27,707,5475688,60.42191780821918,M,Black,2017-07-21,-2584.0,0.0,0,0.0,0
3008,5983,92636,9036170,misdemeanor,other,2014-09-23,896,5155920,56.05479452054794,M,Black,2017-09-19,343.0,0.0,0,0.0,0
276,877,10237,11384974,misdemeanor,violent,2012-07-13,516,3013712,26.4986301369863,M,Black,2018-09-16,-1778.0,0.0,0,0.0,0
1446,1572,49472,8505058,felony,violent,2015-03-25,119,7563566,32.298630136986304,M,Black,2016-01-14,206.0,0.0,1,0.0,0
3481,3536,243705,2467599,misdemeanor,property,2018-12-31,481,6532455,18.654794520547945,M,Black,2016-10-17,116.0,0.0,0,0.0,1
1005,2513,29538,8121787,misdemeanor,violent,2015-07-26,756,4502396,35.553424657534244,M,Black,2018-01-16,-58.0,0.0,0,0.0,1
1675,1138,56410,9369661,misdemeanor,drug,2014-06-05,741,4937826,33.4027397260274,M,Black,2017-10-27,441.0,0.0,0,0.0,0
3936,4683,358458,2254951,misdemeanor,property,2019-02-09,160,6746136,28.85753424657534,M,mixed,2016-08-13,1167.0,0.0,0,0.0,0
5710,3969,1352734,3461222,misdemeanor,other,2018-07-11,265,5598626,28.86575342465753,M,White,2017-06-23,0.0,0.0,0,0.0,0
5759,4484,1439871,7151248,misdemeanor,other,2016-05-08,835,7030740,30.698630136986303,M,White,2016-05-20,-12.0,0.0,0,0.0,0
3313,3951,184900,38229,misdemeanor,property,2020-04-16,554,7157228,24.46849315068493,M,Black,2016-05-06,1982.0,0.0,0,0.0,0
5195,5950,1072559,11437678,misdemeanor,other,2012-06-26,467,6845142,55.02739726027397,M,White,2016-07-15,-2690.0,0.0,0,0.0,0
1310,5065,45481,7110209,misdemeanor,drug,2020-10-13,220,2592249,17.6,M,Black,2018-12-05,-24.0,0.0,0,0.0,0
2611,4419,81290,3013699,misdemeanor,other,2018-09-16,575,4524599,20.134246575342463,M,Black,2018-01-11,248.0,0.0,0,0.0,0
1651,2423,56090,6812729,felony,property,2016-07-25,362,6916269,18.29041095890411,M,White,2016-06-25,-88.0,0.0,1,0.0,0
580,5664,21406,5498421,misdemeanor,other,2017-07-17,450,5590253,19.052054794520547,M,White,2017-06-26,76.0,0.0,0,0.0,0
4573,5022,913768,10569360,misdemeanor,other,2013-05-01,675,7583303,41.04383561643836,M,Black,2016-01-08,306.0,0.0,0,0.0,0
2371,5855,75450,1473435,misdemeanor,property,2019-06-11,81,7462166,53.10410958904109,M,White,2016-02-16,-41.0,0.0,0,0.0,0
762,6467,26152,3489959,misdemeanor,property,2018-07-05,671,4957370,27.528767123287672,M,Black,2017-10-24,26.0,0.0,0,0.0,1
2658,781,82277,7373982,felony,property,2016-03-08,725,7591971,30.315068493150687,M,Black,2016-01-06,1235.0,0.0,0,0.0,1
5508,5091,1256556,2664234,misdemeanor,property,2018-11-20,254,6931649,20.413698630136988,M,White,2016-06-20,883.0,0.0,0,0.0,0
2013,3821,66046,10070530,felony,property,2013-10-23,909,5057571,24.473972602739725,M,Black,2017-10-06,373.0,0.0,0,0.0,0
4748,4978,971940,4838938,misdemeanor,drug,2017-11-12,794,4838938,28.084931506849315,M,Black,2017-11-12,1505.0,0.0,0,0.0,0
3019,6005,92636,8032607,misdemeanor,other,2015-08-22,896,5155920,56.05479452054794,M,Black,2017-09-19,-9.0,0.0,0,0.0,0
5199,5958,1072559,6235545,misdemeanor,other,2017-01-15,467,6845142,55.02739726027397,M,White,2016-07-15,-908.0,0.0,0,0.0,0
2133,4602,69058,3406572,misdemeanor,other,2018-07-18,402,7255033,49.24931506849315,F,mixed,2016-04-10,0.0,0.0,0,0.0,0
824,6434,26596,6988305,misdemeanor,other,2016-06-03,137,7370720,46.40547945205479,M,mixed,2016-03-09,86.0,0.0,0,0.0,0
2060,4590,67140,1173769,felony,drug,2019-08-07,204,5670555,29.33150684931507,M,Black,2017-06-07,-28.0,0.0,1,0.0,2
6265,2158,2740186,11306711,misdemeanor,violent,2012-08-10,873,6485644,48.3013698630137,M,Black,2016-10-30,-1525.0,78145.0,0,0.0,0
1539,3168,51504,7041731,misdemeanor,violent,2016-05-18,838,7041731,48.94794520547945,M,Black,2016-05-18,-1381.0,0.0,0,0.0,0
588,4508,21493,4901338,misdemeanor,property,2020-08-26,358,2652491,24.136986301369863,M,White,2018-11-23,-1.0,0.0,0,0.0,0
3160,3807,103801,11546070,felony,property,2012-05-22,997,7470210,22.88219178082192,M,Black,2016-02-12,-30.0,0.0,1,0.0,0
4871,1799,1009066,254437,misdemeanor,violent,2020-02-11,67,5067540,20.96712328767123,M,Black,2017-10-04,5.0,0.0,0,0.0,0
5147,3351,1072559,6250144,misdemeanor,property,2017-01-11,467,6845142,55.02739726027397,M,White,2016-07-15,-229.0,0.0,0,0.0,0
1180,2110,38535,5666738,misdemeanor,drug,2017-06-08,194,5666738,19.22739726027397,M,White,2017-06-08,-30.0,0.0,0,0.0,1
1634,2269,55857,9500677,misdemeanor,property,2014-04-29,434,6102845,27.07945205479452,F,White,2017-02-17,-13.0,0.0,0,0.0,0
3537,5697,258315,3168313,misdemeanor,other,2018-08-18,11,3168313,37.42191780821918,M,,2018-08-18,0.0,0.0,0,0.0,0
5658,2198,1309468,9597284,misdemeanor,property,2014-03-27,287,7307171,35.24931506849315,F,White,2016-03-26,-81.0,0.0,0,0.0,0
4869,1757,1009066,210963,misdemeanor,violent,2020-02-19,67,5067540,20.96712328767123,M,Black,2017-10-04,971.0,0.0,0,0.0,0
5394,1724,1134813,4430539,felony,property,2018-01-29,478,5928260,19.339726027397266,M,Black,2017-04-04,258.0,0.0,1,1.0,6
6209,3137,2556504,1781416,misdemeanor,violent,2019-05-05,239,5118851,39.15068493150685,F,White,2017-09-26,2648.0,19327.0,0,0.0,0
1009,2559,29538,10577524,misdemeanor,property,2013-04-29,756,4502396,35.553424657534244,M,Black,2018-01-16,126.0,0.0,0,0.0,1
271,4916,10071,3127490,felony,violent,2018-08-25,967,5792197,21.95890410958904,M,Black,2017-05-09,352.0,0.0,1,0.0,1
5134,3332,1072559,8172703,misdemeanor,property,2015-07-10,467,6845142,55.02739726027397,M,White,2016-07-15,100.0,0.0,0,0.0,0
784,4226,26596,6919821,misdemeanor,property,2016-06-24,137,7370720,46.40547945205479,M,mixed,2016-03-09,526.0,0.0,0,0.0,0
2082,3915,67939,6234087,felony,violent,2017-01-16,707,5475688,60.42191780821918,M,Black,2017-07-21,-186.0,0.0,1,0.0,0
3011,5991,92636,9247361,misdemeanor,other,2014-07-16,896,5155920,56.05479452054794,M,Black,2017-09-19,-31.0,0.0,0,0.0,0
674,5438,24916,1023355,misdemeanor,property,2019-09-06,985,5675336,18.75068493150685,M,Black,2017-06-06,862.0,0.0,0,0.0,0
333,1481,13178,8174708,misdemeanor,property,2015-07-09,363,6641052,20.01095890410959,M,Black,2016-09-13,-153.0,0.0,0,0.0,5
1967,3727,65387,7256023,misdemeanor,violent,2016-04-09,392,7194627,18.813698630136987,M,Black,2016-04-26,-1399.0,0.0,0,0.0,0
4412,3296,861665,5217816,misdemeanor,property,2017-09-11,333,5132759,34.63835616438356,M,Black,2017-09-23,-47.0,0.0,0,0.0,0
997,5468,28865,3665332,felony,drug,2018-06-02,86,5883782,20.852054794520548,M,Black,2017-04-17,572.0,0.0,0,0.0,1
4527,950,910893,6632110,misdemeanor,property,2016-09-15,227,6632110,31.34520547945205,M,Black,2016-09-15,-645.0,258.0,0,0.0,0
5145,3347,1072559,5912687,misdemeanor,property,2017-04-10,467,6845142,55.02739726027397,M,White,2016-07-15,98.0,0.0,0,0.0,0
1901,2183,63188,5325796,misdemeanor,violent,2020-09-10,990,5775746,18.78904109589041,M,Black,2017-05-14,2365.0,140.0,0,0.0,0
2097,424,69058,6745254,misdemeanor,other,2016-08-14,402,7255033,49.24931506849315,F,mixed,2016-04-10,-505.0,0.0,0,0.0,0
1238,5256,42402,6701777,misdemeanor,other,2016-08-27,476,6701778,32.106849315068494,M,White,2016-08-27,0.0,0.0,0,0.0,0
6188,3265,2497431,7948095,misdemeanor,other,2015-09-17,238,6192743,18.84931506849315,M,Black,2017-01-27,-568.0,0.0,0,0.0,2
3853,2035,342986,3234875,felony,violent,2018-08-02,427,3234875,50.80821917808219,M,Black,2018-08-02,1168.0,0.0,0,1.0,2
2468,111,78786,11956759,felony,violent,2016-12-05,479,6645202,24.15068493150685,M,White,2016-09-12,502.0,0.0,0,0.0,2
5209,3392,1074774,11505120,misdemeanor,other,2012-06-04,633,7021588,25.02465753424657,F,White,2016-05-24,-1957.0,0.0,0,0.0,0
3796,420,339988,7603753,misdemeanor,property,2016-01-02,139,5998375,56.57534246575342,M,,2017-03-17,248.0,0.0,0,0.0,0
199,870,8819,4910224,felony,violent,2017-10-30,877,5059344,42.56438356164384,M,Black,2017-10-05,-763.0,0.0,0,0.0,1
5035,5711,1060589,11223896,misdemeanor,other,2012-09-08,199,4941565,28.134246575342463,M,Black,2017-10-27,-1241.0,0.0,0,0.0,2
3718,599,324828,2460174,misdemeanor,violent,2019-01-01,789,3377463,34.227397260273975,M,Black,2018-07-24,8.0,0.0,0,0.0,0
888,4354,27382,5741504,misdemeanor,violent,2017-05-23,75,7381538,26.56438356164384,M,Black,2016-03-07,1307.0,0.0,0,0.0,0
3789,285,339988,8018656,misdemeanor,property,2015-08-26,139,5998375,56.57534246575342,M,,2017-03-17,-6.0,0.0,0,0.0,0
5480,1532,1243038,11413763,misdemeanor,property,2012-07-04,798,5295157,26.56712328767124,M,Black,2017-08-25,-42.0,0.0,0,0.0,1
1602,4780,54289,6863371,misdemeanor,other,2016-07-08,243,7266260,51.58082191780822,M,,2016-04-06,-76.0,0.0,0,0.0,0
4576,638,915957,6978025,misdemeanor,property,2016-06-06,70,7206185,48.07671232876712,M,mixed,2016-04-21,1491.0,0.0,0,0.0,0
1552,1301,51576,10815737,misdemeanor,violent,2013-02-04,159,3138306,52.04657534246575,M,Black,2018-08-23,-53.0,0.0,0,0.0,1
3163,3424,106675,10661605,misdemeanor,property,2013-03-30,292,6671035,23.64109589041096,M,Black,2016-09-05,-1954.0,0.0,0,0.0,0
6334,4162,3000544,5607185,misdemeanor,drug,2017-06-21,419,5607185,22.46027397260274,M,mixed,2017-06-21,1420.0,0.0,0,0.0,0
2508,105,79024,11937267,misdemeanor,violent,2015-08-11,52,6759183,37.75616438356165,M,Black,2016-08-10,-1220.0,0.0,0,0.0,0
3813,581,339988,5692673,misdemeanor,property,2017-06-01,139,5998375,56.57534246575342,M,,2017-03-17,-5.0,0.0,0,0.0,0
2188,1739,70259,751889,misdemeanor,property,2019-10-29,565,2747588,23.843835616438355,M,mixed,2018-11-03,734.0,0.0,0,0.0,0
4648,1033,936434,2864989,misdemeanor,violent,2018-10-14,435,2864989,58.156164383561645,M,Black,2018-10-14,1993.0,1128.0,0,0.0,0
4840,959,1002535,5559286,misdemeanor,other,2017-07-04,388,5559287,23.715068493150685,M,Black,2017-07-04,81.0,99.0,0,0.0,0
6148,2779,2293944,6794592,misdemeanor,property,2016-07-30,555,5847419,38.96712328767124,M,Other,2017-04-25,-87.0,0.0,0,0.0,0
1625,4623,55112,11514807,misdemeanor,drug,2012-05-30,225,7200043,46.46849315068493,M,White,2016-04-23,-2521.0,0.0,0,0.0,0
1390,379,48080,3784967,misdemeanor,drug,2018-05-10,512,6445341,38.95890410958904,M,Black,2016-11-11,-117.0,326.0,0,0.0,0
5299,1965,1117726,8093444,misdemeanor,drug,2015-08-04,519,7288288,50.95616438356164,M,Black,2016-03-31,649.0,0.0,0,0.0,0
4823,1266,997983,3090058,misdemeanor,violent,2018-09-01,125,7587118,42.21917808219178,M,White,2016-01-07,780.0,0.0,0,0.0,0
4568,5015,913768,11495642,misdemeanor,other,2012-06-06,675,7583303,41.04383561643836,M,Black,2016-01-08,-284.0,0.0,0,0.0,0
4580,1461,915957,10130160,misdemeanor,drug,2013-09-29,70,7206185,48.07671232876712,M,mixed,2016-04-21,10.0,0.0,0,0.0,0
5846,4792,1518057,4616381,misdemeanor,drug,2017-12-19,161,3815617,24.646575342465752,M,Black,2018-05-05,-201.0,0.0,0,0.0,0
6051,5263,1800283,5381622,misdemeanor,drug,2017-08-09,771,5381622,30.75068493150685,M,Black,2017-08-09,64.0,847.0,0,0.0,0
5895,4987,1585223,1830965,misdemeanor,property,2019-04-24,259,2869394,51.11506849315069,M,Black,2018-10-12,0.0,0.0,0,0.0,0
1361,574,47004,5757564,misdemeanor,violent,2017-05-18,418,5757564,55.87123287671233,M,Black,2017-05-18,-103.0,0.0,0,0.0,0
2724,4412,83299,6983854,misdemeanor,other,2016-06-04,452,6983854,18.164383561643834,,Black,2016-06-04,-1005.0,0.0,0,0.0,0
971,4428,27924,169591,misdemeanor,other,2020-02-27,302,6822812,20.48219178082192,M,White,2016-07-21,1712.0,0.0,0,0.0,0
2167,2165,69593,9537396,misdemeanor,drug,2014-04-17,988,6166510,35.4,F,mixed,2017-02-03,74.0,0.0,0,0.0,0
4014,2173,456897,8608765,misdemeanor,property,2015-02-19,930,6649145,24.86027397260274,M,Black,2016-09-11,42.0,0.0,0,0.0,0
1459,854,49882,2088167,felony,violent,2019-03-11,230,3596356,35.18082191780822,M,Black,2018-06-14,500.0,0.0,0,1.0,1
2657,614,82277,11099691,misdemeanor,violent,2012-10-20,725,7591971,30.315068493150687,M,Black,2016-01-06,-1274.0,214.0,0,0.0,1
3278,5989,162419,9205618,misdemeanor,drug,2014-07-30,329,7017218,33.38082191780822,M,Black,2016-05-25,6.0,0.0,0,0.0,0
1973,384,65745,3474520,misdemeanor,property,2018-07-08,954,2673805,27.67945205479452,M,White,2018-11-19,523.0,358.0,0,0.0,0
3692,320,323098,3551967,misdemeanor,property,2018-06-22,127,5801992,31.42465753424657,M,Black,2017-05-07,1158.0,0.0,0,0.0,0
2576,797,80524,6886239,felony,violent,2016-07-05,828,6978316,38.4,M,Black,2016-06-06,0.0,0.0,1,1.0,5
6360,6283,3077859,6489288,misdemeanor,other,2016-10-28,305,6489288,21.63287671232877,M,Black,2016-10-28,116.0,3204.0,0,0.0,0
700,2591,25238,5597976,misdemeanor,violent,2017-06-23,595,6595530,20.353424657534248,M,White,2016-09-26,270.0,0.0,0,0.0,0
6121,674,2156291,2986395,misdemeanor,property,2018-09-20,176,3365244,19.27945205479452,M,Black,2018-07-26,-24.0,0.0,0,0.0,0
2661,1283,82277,1288191,felony,violent,2019-07-16,725,7591971,30.315068493150687,M,Black,2016-01-06,1287.0,0.0,0,0.0,1
632,2333,23784,9943572,misdemeanor,other,2013-12-03,50,4559816,26.156164383561645,F,White,2018-01-03,-1660.0,722.0,0,0.0,1
101,2008,4741,4998760,misdemeanor,violent,2017-10-17,421,4609251,33.49589041095891,M,White,2017-12-21,-19.0,0.0,0,0.0,0
5626,2632,1307719,1998666,misdemeanor,drug,2019-03-26,911,3086994,22.10136986301369,M,Black,2018-09-03,151.0,0.0,0,0.0,2
666,2473,24904,5198728,misdemeanor,other,2017-09-12,992,5971420,26.78904109589041,F,White,2017-03-26,-130.0,154.0,0,0.0,0
2258,4546,72764,6038915,misdemeanor,property,2017-03-06,885,6163577,22.72054794520548,F,Black,2017-02-03,353.0,0.0,0,0.0,3
2754,3833,84027,9139201,misdemeanor,drug,2014-08-21,607,2680535,39.26849315068493,M,Black,2018-11-18,530.0,0.0,0,0.0,1
5014,3013,1059734,6984750,misdemeanor,drug,2016-06-04,308,6984750,27.78904109589041,F,Black,2016-06-04,24.0,0.0,0,0.0,0
187,1360,8778,9671752,misdemeanor,property,2014-03-02,827,7307141,34.32876712328767,M,Black,2016-03-26,78.0,0.0,0,0.0,3
3757,621,336042,9061817,misdemeanor,property,2014-09-14,610,5170311,55.30684931506849,M,White,2017-09-15,534.0,0.0,0,0.0,0
2315,5549,74677,9190412,misdemeanor,other,2014-08-04,294,6355703,28.54520547945205,M,White,2016-12-09,-935.0,0.0,0,0.0,0
5005,2962,1058804,27580500,misdemeanor,property,2012-03-25,874,6215258,38.89315068493151,M,White,2017-01-20,-1660.0,0.0,0,0.0,1
5816,1774,1499779,5739857,misdemeanor,other,2017-05-23,882,5739857,58.48219178082192,F,Black,2017-05-23,-71.0,0.0,0,0.0,0
69,1943,2870,11105983,felony,violent,2012-10-18,290,3819130,38.43835616438356,M,White,2018-05-04,67.0,0.0,1,0.0,0
51,4809,2743,3611694,misdemeanor,drug,2018-06-12,170,5728038,19.27123287671233,M,Black,2017-05-26,-212.0,0.0,0,0.0,1
416,214,14780,5834772,misdemeanor,drug,2017-04-27,175,11966928,22.197260273972603,M,White,2016-04-12,108.0,0.0,0,0.0,1
4881,4998,1009103,4087945,felony,property,2018-03-29,871,5293905,24.052054794520547,F,Black,2017-08-25,-62.0,0.0,1,0.0,1
5649,2664,1309027,8766971,felony,drug,2014-12-30,708,3066846,33.394520547945206,M,White,2018-09-06,-1080.0,0.0,0,0.0,0
5929,5743,1609935,586034,misdemeanor,other,2019-12-03,406,7395386,41.40547945205479,,,2016-03-02,0.0,0.0,0,0.0,0
67,1940,2870,10943242,misdemeanor,drug,2012-12-16,290,3819130,38.43835616438356,M,White,2018-05-04,-1965.0,0.0,0,0.0,0
1826,1966,59002,8118846,felony,violent,2015-07-27,902,4481139,39.21095890410959,M,Black,2018-01-19,-108.0,0.0,1,0.0,0
1845,1247,60332,5329238,felony,drug,2017-08-19,693,4552038,25.438356164383563,M,Black,2018-01-05,1264.0,0.0,0,0.0,3
2608,4398,81290,2905709,misdemeanor,other,2018-10-05,575,4524599,20.134246575342463,M,Black,2018-01-11,595.0,0.0,0,0.0,0
3830,4631,339988,10541590,misdemeanor,other,2013-05-11,139,5998375,56.57534246575342,M,,2017-03-17,120.0,0.0,0,0.0,0
4599,615,922002,9945628,misdemeanor,other,2013-12-02,598,2670602,66.56164383561644,M,Black,2018-11-19,-1492.0,344.0,0,0.0,0
6411,5659,3192705,5328078,misdemeanor,other,2017-08-20,948,5328078,50.26027397260274,M,White,2017-08-20,-6.0,168.0,0,0.0,0
5606,2843,1306011,6376331,felony,property,2016-11-29,447,7193530,59.12054794520548,M,White,2016-04-26,-245.0,0.0,1,0.0,2
2326,2815,74726,3373600,misdemeanor,property,2018-07-25,887,3646741,26.556164383561644,M,Black,2018-06-06,216.0,0.0,0,0.0,0
4708,1131,961194,8972596,misdemeanor,property,2014-10-15,945,3394043,55.55068493150685,M,Black,2018-07-20,7.0,0.0,0,0.0,0
5897,1424,1588377,4998162,felony,drug,2017-10-17,893,4998162,21.09315068493151,M,Black,2017-10-17,-360.0,3154.0,0,0.0,0
4552,4947,911946,8248566,misdemeanor,other,2015-06-16,727,6339294,31.46027397260274,M,Black,2016-12-13,34.0,0.0,0,0.0,0
949,2990,27836,4636294,misdemeanor,violent,2017-12-16,576,6766557,36.69041095890411,M,White,2016-08-09,936.0,0.0,0,0.0,1
4290,4019,725268,7236521,misdemeanor,property,2016-04-14,492,6889724,30.73972602739726,M,mixed,2016-07-05,-82.0,0.0,0,0.0,0
4701,5070,960846,5912822,misdemeanor,other,2017-04-09,764,5919982,26.92328767123288,F,Black,2017-04-06,-158.0,0.0,0,0.0,0
663,2455,24750,20285735,felony,drug,2012-11-14,313,2586870,35.0958904109589,M,White,2018-12-06,30.0,0.0,1,0.0,0
5048,3308,1061804,3797438,misdemeanor,drug,2018-05-09,355,7382549,28.82191780821918,M,White,2016-03-07,469.0,0.0,0,0.0,0
2616,981,81431,5434225,misdemeanor,drug,2017-07-30,942,6289055,34.40821917808219,M,Black,2017-01-01,326.0,0.0,0,0.0,0
3176,3659,112145,11074891,misdemeanor,property,2012-10-31,466,6939057,22.775342465753425,M,mixed,2016-06-17,13.0,0.0,0,0.0,0
42,1728,2569,3515842,misdemeanor,other,2018-06-29,477,5294945,23.389041095890413,M,Black,2017-08-25,-146.0,243.0,0,0.0,0
3939,1463,358578,8866580,misdemeanor,property,2014-11-21,423,2511968,38.64109589041096,M,,2018-12-19,-1509.0,0.0,0,0.0,2
638,5359,23784,11191152,misdemeanor,other,2012-09-18,50,4559816,26.156164383561645,F,White,2018-01-03,-785.0,0.0,0,0.0,1
5401,2027,1134813,4565165,felony,property,2018-01-02,699,7159070,18.42465753424657,M,Black,2016-05-05,0.0,0.0,1,0.0,6
615,2447,22194,160365,misdemeanor,drug,2020-02-29,820,4884956,37.95616438356164,F,White,2017-11-02,277.0,0.0,0,0.0,0
475,538,15353,8816368,misdemeanor,violent,2014-12-10,560,3039691,34.391780821917806,F,White,2018-09-11,474.0,0.0,0,0.0,3
5866,5013,1535214,2905661,misdemeanor,drug,2018-10-05,496,2905661,51.038356164383565,M,Black,2018-10-05,154.0,0.0,0,0.0,0
1948,391,65316,704333,felony,violent,2019-11-08,429,6863214,36.42739726027397,M,Black,2016-07-08,225.0,1130.0,0,0.0,1
5762,130,1440050,8857116,misdemeanor,property,2014-11-24,131,5113359,27.572602739726022,M,White,2017-09-26,-2069.0,179.0,0,0.0,1
4582,1529,915957,11384871,felony,drug,2012-07-13,70,7206185,48.07671232876712,M,mixed,2016-04-21,-1378.0,0.0,0,0.0,0
203,1947,8819,10623945,felony,violent,2013-04-12,877,5059344,42.56438356164384,M,Black,2017-10-05,-31.0,0.0,1,0.0,1
4023,2226,474178,5847053,misdemeanor,other,2017-04-25,213,5597498,28.304109589041097,M,White,2017-06-23,-59.0,0.0,0,0.0,0
5507,1884,1256556,6931649,misdemeanor,violent,2016-06-20,254,6931649,20.413698630136988,M,White,2016-06-20,-486.0,0.0,0,0.0,0
3771,4626,336042,10721964,misdemeanor,other,2013-03-10,610,5170311,55.30684931506849,M,White,2017-09-15,148.0,0.0,0,0.0,0
4114,5445,539268,8652297,misdemeanor,property,2020-11-13,626,3993384,44.24383561643835,M,White,2018-04-05,48.0,0.0,0,0.0,0
2931,4280,91883,1833581,misdemeanor,other,2019-04-24,903,7408614,25.14246575342466,F,Black,2016-02-27,-609.0,0.0,0,0.0,0
6107,678,2119515,1373232,felony,violent,2019-06-30,577,5927377,22.58904109589041,M,Black,2017-04-04,817.0,0.0,0,0.0,0
3080,3952,93743,20443,misdemeanor,drug,2020-04-28,640,7392722,22.873972602739727,M,Black,2016-03-03,2490.0,0.0,0,0.0,0
3230,390,126282,3573863,misdemeanor,property,2018-06-20,3,3573863,36.465753424657535,M,Black,2018-06-20,-64.0,0.0,0,0.0,0
1599,1843,54200,1045828,misdemeanor,violent,2019-09-03,688,6340185,46.75068493150685,F,Black,2016-12-13,754.0,0.0,0,0.0,0
1121,4181,34599,2012386,misdemeanor,drug,2019-03-24,298,5352026,20.945205479452056,M,mixed,2017-08-15,592.0,0.0,0,0.0,0
5838,1877,1515517,4397666,felony,violent,2018-02-02,549,4397666,38.52876712328767,M,White,2018-02-02,-175.0,0.0,1,0.0,2
1846,1384,60332,7885947,felony,other,2015-10-07,693,4552038,25.438356164383563,M,Black,2018-01-05,-682.0,0.0,0,0.0,3
1502,5005,50867,3855366,misdemeanor,drug,2018-04-27,944,5473408,20.72876712328767,M,Black,2017-07-21,-396.0,0.0,0,0.0,1
912,6290,27558,6253559,misdemeanor,other,2017-01-10,54,4448872,37.512328767123286,M,Black,2018-01-25,-886.0,0.0,0,0.0,1
1584,1787,53703,2644676,felony,violent,2018-11-25,581,6648850,21.15068493150685,M,Black,2016-09-11,1726.0,0.0,0,0.0,1
382,4494,14260,4506438,misdemeanor,property,2018-01-15,625,12005344,19.30958904109589,M,,2018-01-15,-224.0,0.0,0,0.0,0
631,5384,23062,3575090,felony,other,2018-06-20,376,3575090,58.87123287671233,M,White,2018-06-20,755.0,0.0,0,1.0,0
133,1265,5400,3061999,felony,property,2018-09-06,642,4292218,27.21917808219178,M,Black,2018-02-22,1119.0,0.0,0,0.0,0
3250,3760,134133,4513745,misdemeanor,other,2018-01-14,126,4513745,51.136986301369866,M,Black,2018-01-14,867.0,2626.0,0,0.0,0
3027,2496,92826,11441485,misdemeanor,property,2012-06-24,746,6037598,40.84657534246576,M,Black,2017-03-07,-1543.0,190.0,0,0.0,0
4143,6116,541012,6933156,misdemeanor,other,2016-06-20,685,6933156,54.827397260273976,M,Black,2016-06-20,14.0,0.0,0,0.0,0
2300,5626,74595,1846584,misdemeanor,drug,2019-04-22,148,2568623,38.24109589041096,M,Black,2018-12-10,54.0,0.0,0,0.0,0
3542,1798,259056,1770063,felony,other,2020-06-07,59,4219078,40.772602739726025,M,Black,2018-03-08,898.0,0.0,0,1.0,1
3731,3808,332271,11573628,misdemeanor,drug,2012-05-12,539,5886184,29.42739726027397,M,Black,2017-04-15,-1980.0,2893.0,0,0.0,0
1561,2713,51576,4373617,misdemeanor,violent,2018-02-07,159,3138306,52.04657534246575,M,Black,2018-08-23,-572.0,0.0,0,0.0,1
1717,1093,56946,10262516,felony,drug,2013-08-14,786,5140950,38.2027397260274,M,Black,2017-09-21,-2019.0,0.0,0,0.0,0
3361,3714,212874,7425165,misdemeanor,property,2016-02-23,250,7184393,41.35068493150685,M,mixed,2016-04-29,66.0,0.0,0,0.0,1
990,2602,28710,7677297,felony,drug,2015-12-09,486,3904095,20.75068493150685,M,Black,2018-04-19,-877.0,0.0,0,0.0,1
2029,413,66832,8076852,felony,violent,2015-08-09,892,4100820,33.62465753424657,M,Black,2018-03-28,-962.0,0.0,0,0.0,1
2470,131,78786,9645811,misdemeanor,property,2014-03-11,479,6645202,24.15068493150685,M,White,2016-09-12,-969.0,0.0,0,0.0,2
2827,1975,85806,7584216,felony,violent,2016-01-08,14,6816869,30.0986301369863,M,White,2016-07-23,-584.0,0.0,0,0.0,0
1809,5135,57776,158320,felony,drug,2020-03-01,500,7308318,21.936986301369863,M,Black,2016-03-25,410.0,0.0,0,0.0,1
2460,3999,78499,4314675,misdemeanor,violent,2018-02-19,852,4314675,35.8,M,Black,2018-02-19,957.0,0.0,0,0.0,0
3525,6255,253477,7651733,misdemeanor,other,2015-12-15,970,7019251,51.3013698630137,M,White,2016-05-24,-52.0,0.0,0,0.0,0
5249,2749,1113786,10003495,misdemeanor,property,2013-11-15,620,7061405,21.46027397260274,F,Black,2016-05-13,-1083.0,0.0,0,0.0,1
3458,3620,239629,5585793,felony,violent,2017-06-27,547,5585793,27.71780821917808,M,Black,2017-06-27,-301.0,1248.0,0,0.0,1
2269,6081,72764,2076080,felony,property,2019-03-13,885,6163577,22.72054794520548,F,Black,2017-02-03,-64.0,0.0,1,0.0,3
5974,5720,1644761,6725214,misdemeanor,property,2016-08-20,978,6725214,18.775342465753425,M,White,2016-08-20,-491.0,317.0,0,0.0,0
593,2377,21966,7322118,misdemeanor,drug,2016-03-22,274,5161682,40.01095890410959,M,White,2017-09-18,-640.0,0.0,0,0.0,0
5224,4462,1087281,3601952,misdemeanor,other,2018-06-14,616,3601952,18.416438356164385,M,White,2018-06-14,-226.0,11778.0,0,0.0,0
2653,4863,82063,9048406,misdemeanor,other,2014-09-18,352,6471124,26.175342465753424,M,Black,2016-11-03,8.0,0.0,0,0.0,0
2327,2818,74726,3904422,misdemeanor,property,2018-04-19,887,3646741,26.556164383561644,M,Black,2018-06-06,-97.0,0.0,0,0.0,0
1786,720,57776,10706852,felony,drug,2013-03-14,500,7308318,21.936986301369863,M,Black,2016-03-25,-503.0,44.0,0,0.0,1
6183,41,2497431,7792027,misdemeanor,drug,2015-11-04,238,6192743,18.84931506849315,M,Black,2017-01-27,-449.0,40525.0,0,0.0,2
3178,4290,112145,10583779,misdemeanor,property,2013-04-26,466,6939057,22.775342465753425,M,mixed,2016-06-17,-1148.0,0.0,0,0.0,0
6213,4145,2557412,7272789,felony,violent,2016-04-05,498,7272789,23.60821917808219,M,Black,2016-04-05,-1401.0,908.0,0,0.0,1
4241,4067,720250,5815718,misdemeanor,property,2017-05-03,884,5705381,31.14246575342466,M,Black,2017-05-30,729.0,0.0,0,0.0,1
4109,3957,539268,3347947,misdemeanor,property,2020-07-03,626,3993384,44.24383561643835,M,White,2018-04-05,400.0,0.0,0,0.0,0
1632,2267,55857,9422546,misdemeanor,violent,2014-05-27,434,6102845,27.07945205479452,F,White,2017-02-17,-114.0,0.0,0,0.0,0
4528,729,911263,9864672,felony,violent,2013-12-23,380,7281409,25.528767123287672,M,Black,2016-04-01,-997.0,370.0,0,0.0,0
1572,1044,51883,1815951,misdemeanor,violent,2019-04-27,752,5828497,25.980821917808218,M,mixed,2017-04-30,2443.0,0.0,0,0.0,0
2054,1751,67140,5670555,misdemeanor,violent,2017-06-07,204,5670555,29.33150684931507,M,Black,2017-06-07,-176.0,0.0,0,0.0,2
1911,436,63935,7181596,felony,property,2016-04-29,341,7021379,29.64109589041096,F,White,2016-05-24,0.0,0.0,1,0.0,1
46,1711,2743,4831492,felony,violent,2017-11-13,170,5728038,19.27123287671233,M,Black,2017-05-26,-190.0,0.0,1,0.0,1
2397,2799,76733,5291756,felony,property,2017-08-26,48,4573842,27.47945205479452,F,White,2017-12-30,-195.0,0.0,1,0.0,0
1156,6402,35320,8189363,misdemeanor,other,2015-07-08,544,3607980,24.339726027397266,M,Black,2018-06-13,-23.0,0.0,0,0.0,2
3893,326,349867,2119192,misdemeanor,property,2019-03-06,676,6357251,23.82191780821918,F,White,2016-12-09,1155.0,0.0,0,0.0,0
1653,2430,56090,5252935,misdemeanor,drug,2017-09-03,362,6916269,18.29041095890411,M,White,2016-06-25,476.0,0.0,0,0.0,0
2540,3100,79145,3269889,misdemeanor,property,2018-07-27,495,4185409,26.87945205479452,F,White,2018-03-14,-49.0,121.0,0,0.0,0
4039,276,482239,7661876,misdemeanor,property,2015-12-11,198,7220104,46.33698630136986,M,White,2016-04-18,-410.0,2261.0,0,0.0,3
610,2412,22194,1331235,misdemeanor,drug,2019-07-09,820,4884956,37.95616438356164,F,White,2017-11-02,-24.0,0.0,0,0.0,0
2163,361,69593,6020372,felony,violent,2017-03-10,988,6166510,35.4,F,mixed,2017-02-03,1212.0,0.0,0,0.0,0
3585,2781,293396,6514632,misdemeanor,violent,2016-10-20,91,2710557,37.70958904109589,M,White,2018-11-12,-753.0,0.0,0,0.0,0
86,3062,3909,6370772,misdemeanor,property,2016-12-01,935,6370773,47.17260273972602,M,White,2016-12-01,1297.0,0.0,0,0.0,3
5041,3224,1061804,3381223,misdemeanor,drug,2018-07-24,355,7382549,28.82191780821918,M,White,2016-03-07,2157.0,0.0,0,0.0,0
4443,5805,884830,3249757,misdemeanor,drug,2018-07-31,469,3249757,26.75068493150685,M,Black,2018-07-31,204.0,0.0,0,0.0,0
266,4381,10071,8933556,misdemeanor,other,2014-10-29,967,5792197,21.95890410958904,M,Black,2017-05-09,-537.0,0.0,0,0.0,1
5369,1769,1129862,6652578,felony,violent,2016-09-09,390,7422871,30.457534246575342,M,White,2016-02-23,240.0,0.0,1,1.0,0
2789,1539,84823,10895655,felony,property,2013-01-06,400,2922877,24.0,M,Black,2018-10-02,58.0,0.0,1,0.0,3
3502,4146,251820,7465194,misdemeanor,property,2016-02-14,461,4307219,31.624657534246577,M,Black,2018-02-20,-732.0,0.0,0,0.0,0
3706,3982,323098,7578393,misdemeanor,property,2016-01-11,127,5801992,31.42465753424657,M,Black,2017-05-07,746.0,0.0,0,0.0,0
560,216,20010,2594291,misdemeanor,property,2018-12-04,600,2594291,41.0958904109589,M,White,2018-12-04,913.0,0.0,0,0.0,0
1526,1530,51435,11116312,felony,violent,2012-10-15,726,4761709,33.465753424657535,M,Black,2017-11-24,-1866.0,0.0,0,0.0,0
1407,489,48211,2442185,misdemeanor,violent,2019-01-04,843,3250281,34.2,M,White,2018-07-30,729.0,131.0,0,0.0,0
6500,6422,3553588,7424662,misdemeanor,other,2016-02-23,574,7424662,29.301369863013697,M,mixed,2016-02-23,-134.0,185.0,0,0.0,0
2843,1080,85929,11415390,felony,drug,2012-07-03,963,5226476,35.0,M,Black,2017-09-08,-1893.0,0.0,0,0.0,1
1794,1176,57776,7352741,misdemeanor,violent,2016-03-14,500,7308318,21.936986301369863,M,Black,2016-03-25,352.0,0.0,0,0.0,1
6288,5392,2842887,5419450,misdemeanor,drug,2020-09-12,759,7275867,26.90958904109589,M,White,2016-04-04,1622.0,0.0,0,0.0,0
1744,1103,57265,10455406,felony,drug,2013-06-10,116,5435848,31.40821917808219,M,Black,2017-07-29,-93.0,0.0,1,0.0,0
2187,1237,70259,4950133,misdemeanor,property,2017-10-25,565,2747588,23.843835616438355,M,mixed,2018-11-03,-133.0,428.0,0,0.0,0
568,178,21406,231763,misdemeanor,violent,2020-02-14,450,5590253,19.052054794520547,M,White,2017-06-26,-181.0,0.0,0,0.0,0
931,4352,27586,6049427,misdemeanor,drug,2017-03-03,145,6049427,22.48767123287672,M,mixed,2017-03-03,-1069.0,0.0,0,0.0,0
1524,874,51435,11519270,misdemeanor,violent,2012-05-29,726,4761709,33.465753424657535,M,Black,2017-11-24,-163.0,0.0,0,0.0,0
2504,75,79024,8706234,misdemeanor,violent,2015-01-20,52,6759183,37.75616438356165,M,Black,2016-08-10,-188.0,0.0,0,0.0,0
1521,5429,51323,5697480,misdemeanor,other,2017-05-31,811,4837325,32.26027397260274,M,White,2017-11-13,-1160.0,0.0,0,0.0,0
6158,5566,2293944,6653435,misdemeanor,other,2016-09-09,555,5847419,38.96712328767124,M,Other,2017-04-25,-226.0,0.0,0,0.0,0
2058,2002,67140,5267673,misdemeanor,property,2017-08-31,204,5670555,29.33150684931507,M,Black,2017-06-07,1400.0,0.0,0,0.0,2
3799,501,339988,13582211,misdemeanor,property,2012-09-11,139,5998375,56.57534246575342,M,,2017-03-17,0.0,0.0,0,0.0,0
5632,2712,1307719,2924389,misdemeanor,violent,2018-10-02,911,3086994,22.10136986301369,M,Black,2018-09-03,-149.0,0.0,0,0.0,2
5587,5536,1301547,7498806,misdemeanor,drug,2016-02-05,976,6673313,29.42465753424657,M,mixed,2016-09-03,-211.0,0.0,0,0.0,0
4471,4992,909315,7143426,misdemeanor,other,2016-05-10,410,4524392,22.035616438356165,M,Black,2018-01-11,-47.0,0.0,0,0.0,0
5901,4789,1588377,4616500,misdemeanor,property,2017-12-19,893,4998162,21.09315068493151,M,Black,2017-10-17,35.0,0.0,0,0.0,0
3714,6330,323098,3186478,misdemeanor,property,2018-08-12,127,5801992,31.42465753424657,M,Black,2017-05-07,0.0,0.0,0,0.0,0
5822,5331,1499946,11023890,misdemeanor,drug,2012-11-19,653,6322340,25.86849315068493,M,White,2016-12-19,0.0,0.0,0,0.0,1
6428,2592,3218878,5689836,felony,property,2017-06-02,269,5689836,33.95616438356164,F,White,2017-06-02,-24.0,2752.0,0,0.0,1
16,1369,2003,9536696,misdemeanor,property,2014-04-17,325,3551844,53.465753424657535,M,Black,2018-06-22,-184.0,0.0,0,0.0,0
4758,1824,984444,6058937,misdemeanor,drug,2017-03-01,506,6058937,24.95890410958904,M,White,2017-03-01,657.0,0.0,0,0.0,0
6426,5432,3216126,4188593,misdemeanor,other,2018-03-13,71,5728325,46.04109589041096,M,White,2017-05-26,483.0,0.0,0,0.0,0
5908,5044,1596644,5560772,misdemeanor,other,2017-07-03,502,5560772,38.81095890410959,M,,2017-07-03,-1173.0,0.0,0,0.0,0
2973,3466,92636,6290599,misdemeanor,property,2016-12-31,896,5155920,56.05479452054794,M,Black,2017-09-19,177.0,0.0,0,0.0,0
2221,639,72764,6386332,misdemeanor,property,2016-11-26,885,6163577,22.72054794520548,F,Black,2017-02-03,-168.0,0.0,0,0.0,3
4168,2476,555837,6239023,felony,violent,2017-01-13,536,6352048,46.78904109589041,M,Black,2016-12-11,-83.0,41.0,0,0.0,0
571,2883,21406,5538753,misdemeanor,property,2017-07-07,450,5590253,19.052054794520547,M,White,2017-06-26,-1173.0,0.0,0,0.0,0
3685,6253,320631,5400935,misdemeanor,property,2020-09-11,996,6305418,31.63013698630137,M,Black,2016-12-23,254.0,0.0,0,0.0,0
1577,282,53703,8145182,misdemeanor,violent,2015-07-18,581,6648850,21.15068493150685,M,Black,2016-09-11,-490.0,1820.0,0,0.0,1
5160,3377,1072559,3726445,misdemeanor,property,2018-05-22,467,6845142,55.02739726027397,M,White,2016-07-15,19.0,0.0,0,0.0,0
1797,1570,57776,7761216,felony,drug,2015-11-13,500,7308318,21.936986301369863,M,Black,2016-03-25,-232.0,0.0,1,0.0,1
724,5428,25523,5666449,misdemeanor,other,2017-06-08,314,5666449,29.742465753424657,M,Black,2017-06-08,-28.0,0.0,0,0.0,0
3117,3904,98350,5733959,misdemeanor,drug,2017-05-25,183,4251991,53.772602739726025,M,Black,2018-03-02,373.0,0.0,0,0.0,1
5797,5843,1475717,4252419,felony,other,2018-03-02,275,3193787,33.11232876712329,F,White,2018-08-10,-161.0,0.0,1,0.0,0
2961,3444,92636,8427396,misdemeanor,property,2015-04-19,896,5155920,56.05479452054794,M,Black,2017-09-19,-121.0,0.0,0,0.0,0
1477,4770,50654,7297002,felony,drug,2016-03-29,9,7378080,19.153424657534245,M,Black,2016-03-07,22.0,0.0,1,1.0,1
6087,1782,1992727,6182084,misdemeanor,property,2017-01-30,328,6182084,27.421917808219177,F,Other,2017-01-30,819.0,0.0,0,0.0,0
1466,1606,49882,5194886,felony,drug,2017-09-12,230,3596356,35.18082191780822,M,Black,2018-06-14,-20.0,0.0,1,0.0,1
4159,6106,542158,9191358,misdemeanor,property,2014-08-04,216,6837789,31.87945205479452,M,mixed,2016-07-16,-2.0,0.0,0,0.0,0
5955,5732,1610763,5330582,misdemeanor,other,2017-08-19,840,5330582,36.07945205479452,M,Black,2017-08-19,-925.0,0.0,0,0.0,0
3228,371,126282,4516013,felony,property,2018-01-12,3,3573863,36.465753424657535,M,Black,2018-06-20,53.0,0.0,1,0.0,0
5959,2180,1611752,5516565,misdemeanor,drug,2017-07-12,839,3648891,41.035616438356165,M,White,2018-06-06,-994.0,989.0,0,0.0,0
4264,4360,720250,5637560,misdemeanor,property,2017-06-15,884,5705381,31.14246575342466,M,Black,2017-05-30,261.0,0.0,0,0.0,1
1834,4767,59578,7325616,felony,drug,2016-03-21,480,7422471,39.63835616438356,M,Black,2016-02-23,958.0,0.0,0,1.0,1
4928,1281,1023228,619657,misdemeanor,violent,2019-11-25,88,3548675,26.413698630136988,F,Black,2018-06-24,519.0,0.0,0,0.0,0
1421,1569,48528,7755439,felony,violent,2015-11-15,155,3851361,25.53972602739726,M,White,2018-04-29,-87.0,0.0,1,0.0,0
973,5443,27924,1259970,misdemeanor,other,2019-07-22,302,6822812,20.48219178082192,M,White,2016-07-21,-198.0,0.0,0,0.0,0
3879,1756,344444,2005073,misdemeanor,property,2019-03-25,270,4865164,27.265753424657536,M,Black,2017-11-06,6.0,0.0,0,0.0,1
1690,1938,56410,1724578,misdemeanor,property,2020-05-21,741,4937826,33.4027397260274,M,Black,2017-10-27,4.0,0.0,0,0.0,0
943,2480,27836,3911066,misdemeanor,other,2018-04-18,576,6766557,36.69041095890411,M,White,2016-08-09,-530.0,0.0,0,0.0,1
6401,6429,3185585,6794652,misdemeanor,other,2016-07-30,579,6326198,50.45205479452055,M,Black,2016-12-17,-302.0,0.0,0,0.0,0
6217,3204,2558637,979605,misdemeanor,other,2019-09-14,318,5052563,19.43013698630137,F,White,2017-10-07,58.0,0.0,0,0.0,0
206,5164,8819,10236092,misdemeanor,other,2013-08-23,877,5059344,42.56438356164384,M,Black,2017-10-05,-1529.0,0.0,0,0.0,1
5585,2869,1301547,2616204,misdemeanor,drug,2018-11-30,976,6673313,29.42465753424657,M,mixed,2016-09-03,1075.0,0.0,0,0.0,0
2569,3401,80009,6402865,felony,property,2016-11-21,312,6688760,32.86027397260274,M,,2016-08-30,359.0,0.0,1,0.0,2
3612,2566,311707,9487821,misdemeanor,violent,2014-05-04,641,6106630,35.1945205479452,M,Black,2017-02-16,-219.0,0.0,0,0.0,0
354,490,13592,2370556,felony,violent,2019-01-18,821,7357500,33.413698630136984,M,Black,2016-03-13,17.0,0.0,1,0.0,5
1159,4167,35369,3852105,felony,violent,2018-04-29,709,3852105,48.42739726027397,F,Black,2018-04-29,666.0,49.0,0,1.0,0
4737,1963,971359,7635789,misdemeanor,property,2015-12-20,66,6234841,30.63287671232877,M,White,2017-01-15,268.0,0.0,0,0.0,0
5691,6254,1335744,9382092,misdemeanor,other,2014-06-02,833,6148186,32.846575342465755,F,Black,2017-02-07,-981.0,0.0,0,0.0,0
6069,2380,1805696,7349807,misdemeanor,property,2016-03-15,252,7349807,29.40821917808219,F,White,2016-03-15,0.0,0.0,0,0.0,0
4320,3749,755398,5664009,misdemeanor,violent,2017-06-09,433,5664009,27.405479452054795,M,Black,2017-06-09,-5.0,997.0,0,0.0,0
2268,6079,72764,1617960,misdemeanor,property,2019-05-16,885,6163577,22.72054794520548,F,Black,2017-02-03,14.0,0.0,0,0.0,3
6276,5379,2792559,6203120,misdemeanor,other,2017-01-24,614,6313370,50.71780821917808,M,White,2016-12-21,0.0,0.0,0,0.0,0
2617,1202,81431,6706742,felony,drug,2016-08-25,942,6289055,34.40821917808219,M,Black,2017-01-01,-339.0,0.0,1,0.0,0
3996,1485,442499,8438773,misdemeanor,drug,2015-04-15,7,5053285,29.23835616438356,M,White,2017-10-06,-905.0,0.0,0,0.0,0
3254,3656,145687,11356626,misdemeanor,other,2012-07-25,817,6183350,38.347945205479455,M,Asian,2017-01-30,-1790.0,0.0,0,0.0,0
363,6076,13592,2446919,misdemeanor,other,2019-01-04,821,7357500,33.413698630136984,M,Black,2016-03-13,0.0,0.0,0,0.0,5
925,6486,27558,4448873,misdemeanor,other,2018-01-25,54,4448872,37.512328767123286,M,Black,2018-01-25,-268.0,0.0,0,0.0,1
2623,20,81823,8365390,felony,violent,2020-11-06,809,3806430,34.8986301369863,M,,2018-05-07,1953.0,0.0,0,1.0,0
4638,742,935128,9464316,misdemeanor,violent,2014-05-12,375,6156149,48.56712328767123,F,Black,2017-02-06,-1134.0,2813.0,0,0.0,0
3793,402,339988,10160364,misdemeanor,other,2013-09-18,139,5998375,56.57534246575342,M,,2017-03-17,-1276.0,0.0,0,0.0,0
4327,4437,767053,3670818,misdemeanor,other,2018-06-01,719,2667595,26.07123287671233,M,Black,2018-11-20,-532.0,0.0,0,0.0,1
4943,5196,1039827,2480180,misdemeanor,other,2018-12-27,361,3839724,22.438356164383563,M,Black,2018-05-01,-623.0,0.0,0,0.0,0
2002,5242,65964,8864781,felony,property,2020-11-25,229,6725060,24.34794520547945,M,Black,2016-08-20,37.0,0.0,1,1.0,1
3633,4545,316704,5455114,misdemeanor,other,2017-07-25,377,5008270,37.704109589041096,M,Other,2017-10-16,1658.0,651.0,0,0.0,0
661,2438,24750,6194533,misdemeanor,drug,2017-01-26,313,2586870,35.0958904109589,M,White,2018-12-06,-326.0,0.0,0,0.0,0
2129,4561,69058,4433890,misdemeanor,other,2018-01-28,402,7255033,49.24931506849315,F,mixed,2016-04-10,-9.0,0.0,0,0.0,0
4860,5814,1004917,28242441,felony,violent,2012-10-19,22,7465428,30.432876712328767,F,Black,2016-02-14,-1213.0,0.0,0,0.0,0
453,3082,15340,3519863,felony,property,2018-06-29,237,5697246,39.5972602739726,M,White,2017-05-31,308.0,0.0,1,0.0,0
5253,3119,1113786,7061405,misdemeanor,property,2016-05-13,620,7061405,21.46027397260274,F,Black,2016-05-13,317.0,0.0,0,0.0,1
2831,3372,85806,6816869,misdemeanor,property,2016-07-23,14,6816869,30.0986301369863,M,White,2016-07-23,-342.0,0.0,0,0.0,0
5407,1803,1137620,8302454,misdemeanor,property,2015-05-30,845,3130830,33.10958904109589,M,Black,2018-08-24,-1655.0,0.0,0,0.0,0
5085,2,1064849,3442497,misdemeanor,other,2018-07-12,146,3201857,27.03287671232877,F,White,2018-08-08,-96.0,101.0,0,0.0,0
2675,4894,82486,4696998,felony,violent,2017-12-04,186,5256465,25.63013698630137,M,Black,2017-09-01,661.0,0.0,0,0.0,3
3435,5826,230959,7388422,felony,other,2016-03-04,875,3128626,28.09041095890411,M,mixed,2018-08-25,637.0,0.0,0,0.0,0
3975,1509,404843,3550258,misdemeanor,property,2018-06-23,322,3550258,32.032876712328765,M,mixed,2018-06-23,1248.0,0.0,0,0.0,0
4982,3254,1055158,1413956,misdemeanor,violent,2019-06-22,222,7157820,36.14520547945205,M,White,2016-05-06,2705.0,43.0,0,0.0,0
545,74,19918,8158294,misdemeanor,violent,2015-07-14,562,2977729,27.96712328767123,M,White,2018-09-22,-746.0,292.0,0,0.0,0
2968,3457,92636,8246483,misdemeanor,property,2015-06-17,896,5155920,56.05479452054794,M,Black,2017-09-19,165.0,0.0,0,0.0,0
1210,2066,40790,10944312,misdemeanor,violent,2012-12-15,282,2793396,43.8054794520548,M,White,2018-10-27,-2242.0,564.0,0,0.0,0
4929,1505,1023228,3220290,misdemeanor,violent,2018-08-06,88,3548675,26.413698630136988,F,Black,2018-06-24,-476.0,0.0,0,0.0,0
2343,4178,74829,405520,felony,violent,2020-01-11,246,3392137,27.47945205479452,M,Black,2018-07-21,1367.0,0.0,0,1.0,0
3902,2196,349867,9259431,misdemeanor,drug,2014-07-11,676,6357251,23.82191780821918,F,White,2016-12-09,-25.0,0.0,0,0.0,0
4504,1118,910635,9753779,misdemeanor,drug,2014-01-31,841,4973877,61.01643835616439,M,Black,2017-10-22,420.0,0.0,0,0.0,0
5936,5791,1609935,9897547,misdemeanor,property,2013-12-16,406,7395386,41.40547945205479,,,2016-03-02,0.0,0.0,0,0.0,0
1812,1128,58583,9185528,felony,drug,2014-08-05,266,3982258,27.813698630136987,M,Black,2018-04-07,-1001.0,0.0,0,0.0,2
3130,6214,98350,3304611,felony,violent,2020-06-20,183,4251991,53.772602739726025,M,Black,2018-03-02,727.0,0.0,0,1.0,1
2713,2108,83127,5581042,felony,drug,2017-06-28,890,6186016,21.172602739726027,M,Black,2017-01-28,44.0,0.0,1,0.0,0
4944,5198,1039827,3839725,misdemeanor,other,2018-05-01,361,3839724,22.438356164383563,M,Black,2018-05-01,-240.0,0.0,0,0.0,0
5262,3116,1113857,6816764,misdemeanor,violent,2016-07-23,248,7004850,36.29041095890411,M,White,2016-05-29,-107.0,0.0,0,0.0,0
1512,2991,51323,4837325,felony,property,2017-11-13,811,4837325,32.26027397260274,M,White,2017-11-13,552.0,0.0,0,0.0,0
764,6507,26152,3447543,misdemeanor,other,2018-07-12,671,4957370,27.528767123287672,M,Black,2017-10-24,-292.0,0.0,0,0.0,1
5879,2514,1549259,7541800,misdemeanor,property,2016-01-20,47,7541800,55.55342465753424,M,White,2016-01-20,-751.0,5634.0,0,0.0,0
5748,152,1439871,7280409,misdemeanor,other,2016-04-01,835,7030740,30.698630136986303,M,White,2016-05-20,-267.0,0.0,0,0.0,0
2846,2060,85929,276654,felony,violent,2020-02-05,963,5226476,35.0,M,Black,2017-09-08,-33.0,0.0,1,0.0,1
725,5463,25523,1447489,misdemeanor,other,2019-06-15,314,5666449,29.742465753424657,M,Black,2017-06-08,737.0,0.0,0,0.0,0
1688,1936,56410,1439032,misdemeanor,property,2019-06-17,741,4937826,33.4027397260274,M,Black,2017-10-27,70.0,0.0,0,0.0,0
2633,4733,81823,11338350,misdemeanor,drug,2012-07-31,809,3806430,34.8986301369863,M,,2018-05-07,-2704.0,0.0,0,0.0,0
2053,1710,67140,4715202,misdemeanor,property,2017-11-30,204,5670555,29.33150684931507,M,Black,2017-06-07,-20.0,0.0,0,0.0,2
4966,5365,1052139,10250170,misdemeanor,other,2013-08-19,891,6537189,48.367123287671234,M,White,2016-10-14,-2124.0,0.0,0,0.0,0
1040,2424,31518,7137821,misdemeanor,drug,2016-05-11,784,6313374,22.353424657534248,M,White,2016-12-21,-22.0,0.0,0,0.0,3
6016,5274,1762278,1942344,misdemeanor,other,2019-04-05,98,6434678,30.42465753424657,M,White,2016-11-15,871.0,0.0,0,0.0,0
1992,409,65964,9877461,felony,violent,2013-12-19,229,6725060,24.34794520547945,M,Black,2016-08-20,87.0,0.0,1,0.0,1
1590,463,53858,5835205,misdemeanor,drug,2017-04-27,386,6792133,29.10684931506849,M,mixed,2016-08-01,0.0,0.0,0,0.0,0
355,3530,13592,3756109,misdemeanor,violent,2018-05-16,821,7357500,33.413698630136984,M,Black,2016-03-13,-247.0,0.0,0,0.0,5
1730,1088,57158,10194551,misdemeanor,other,2013-09-07,168,3882249,29.983561643835618,M,Black,2018-04-23,-1689.0,0.0,0,0.0,0
2566,3284,80009,6851519,misdemeanor,property,2016-07-13,312,6688760,32.86027397260274,M,,2016-08-30,-5.0,0.0,0,0.0,2
1904,5313,63188,8865057,misdemeanor,drug,2020-11-25,990,5775746,18.78904109589041,M,Black,2017-05-14,683.0,0.0,0,0.0,0
3206,2974,115968,6705568,misdemeanor,violent,2016-08-26,768,7003779,30.983561643835618,M,Black,2016-05-30,36.0,0.0,0,0.0,0
2352,2840,75426,6724650,felony,property,2016-08-20,445,6724650,20.78904109589041,M,White,2016-08-20,1540.0,390.0,0,0.0,0
1595,444,53882,6413834,misdemeanor,property,2016-11-16,191,4816008,37.16164383561644,M,White,2017-11-15,146.0,0.0,0,0.0,0
5110,148,1065548,6659898,misdemeanor,property,2016-09-07,856,6659898,18.39452054794521,M,White,2016-09-07,-574.0,99.0,0,0.0,2
611,2415,22194,9939132,felony,violent,2013-12-04,820,4884956,37.95616438356164,F,White,2017-11-02,-2043.0,0.0,0,0.0,0
1968,3728,65387,5269646,misdemeanor,violent,2017-08-31,392,7194627,18.813698630136987,M,Black,2016-04-26,509.0,0.0,0,0.0,0
4728,1805,965786,7374233,misdemeanor,property,2016-03-08,56,7414853,36.28767123287671,M,Black,2016-02-25,614.0,0.0,0,0.0,0
6478,5512,3389220,5847329,misdemeanor,other,2017-04-25,638,5847328,33.04383561643836,M,White,2017-04-25,0.0,0.0,0,0.0,0
4221,3595,700259,7347268,felony,violent,2016-03-16,97,7347268,42.72328767123288,M,Black,2016-03-16,-189.0,1314.0,0,1.0,0
6168,830,2406706,4120374,misdemeanor,violent,2018-03-26,431,4500531,25.15890410958904,F,Black,2018-01-16,358.0,5157.0,0,0.0,0
1039,2383,31518,6990502,misdemeanor,property,2016-06-02,784,6313374,22.353424657534248,M,White,2016-12-21,-69.0,0.0,0,0.0,3
5281,2162,1116388,8867510,misdemeanor,drug,2014-11-21,309,6585372,26.942465753424656,M,Black,2016-09-29,868.0,0.0,0,0.0,1
144,2319,5684,3668551,misdemeanor,property,2018-06-01,624,3668551,45.38356164383562,M,White,2018-06-01,-213.0,0.0,0,0.0,0
6019,2068,1773950,10479676,misdemeanor,drug,2013-06-03,114,7550575,37.12054794520548,M,Black,2016-01-17,-1124.0,5297.0,0,0.0,0
4108,3796,539268,1534559,misdemeanor,property,2019-05-30,626,3993384,44.24383561643835,M,White,2018-04-05,299.0,0.0,0,0.0,0
1432,935,49237,6507127,misdemeanor,violent,2016-10-22,96,6507127,20.09041095890411,M,Black,2016-10-22,441.0,0.0,0,0.0,0
5564,5687,1297492,10059325,misdemeanor,drug,2013-10-27,33,6957590,22.775342465753425,M,White,2016-06-13,560.0,0.0,0,0.0,0
2706,1054,83127,1992037,misdemeanor,violent,2019-03-27,890,6186016,21.172602739726027,M,Black,2017-01-28,542.0,0.0,0,0.0,0
3720,4635,324828,6513076,misdemeanor,property,2016-10-20,789,3377463,34.227397260273975,M,Black,2018-07-24,-642.0,0.0,0,0.0,0
19,4655,2003,3551844,felony,property,2018-06-22,325,3551844,53.465753424657535,M,Black,2018-06-22,-677.0,0.0,0,0.0,0
4040,1645,482239,6100261,misdemeanor,violent,2017-02-17,198,7220104,46.33698630136986,M,White,2016-04-18,434.0,0.0,0,0.0,3
3007,5976,92636,10094385,misdemeanor,other,2013-10-15,896,5155920,56.05479452054794,M,Black,2017-09-19,-1617.0,0.0,0,0.0,0
3339,3465,206826,6892253,misdemeanor,property,2016-07-03,782,6892253,37.24109589041096,M,Black,2016-07-03,-1237.0,47.0,0,0.0,0
1523,705,51435,11050780,felony,violent,2012-11-08,726,4761709,33.465753424657535,M,Black,2017-11-24,-1308.0,112.0,0,0.0,0
5050,71,1063563,7718470,felony,property,2015-11-25,385,4827776,30.816438356164383,M,White,2017-11-13,1335.0,1759.0,0,0.0,0
1715,1046,56946,2331303,misdemeanor,violent,2019-01-27,786,5140950,38.2027397260274,M,Black,2017-09-21,-123.0,0.0,0,0.0,0
3045,3834,92826,9829024,misdemeanor,property,2014-01-06,746,6037598,40.84657534246576,M,Black,2017-03-07,-61.0,0.0,0,0.0,0
291,5042,10237,5053749,misdemeanor,drug,2017-10-06,516,3013712,26.4986301369863,M,Black,2018-09-16,140.0,0.0,0,0.0,0
1514,3018,51323,5491482,misdemeanor,property,2017-07-18,811,4837325,32.26027397260274,M,White,2017-11-13,429.0,0.0,0,0.0,0
6135,2756,2293944,8047009,misdemeanor,property,2015-08-18,555,5847419,38.96712328767124,M,Other,2017-04-25,1318.0,0.0,0,0.0,0
3322,6063,196266,3375314,misdemeanor,property,2018-07-25,440,5370074,29.63013698630137,M,Black,2017-08-11,348.0,0.0,0,0.0,0
5799,1558,1488855,9360408,misdemeanor,violent,2014-06-09,245,4207288,31.80821917808219,F,mixed,2018-03-09,675.0,0.0,0,0.0,0
3782,4557,337852,5692653,misdemeanor,other,2017-06-01,844,5692653,30.252054794520543,M,Asian,2017-06-01,57.0,1253.0,0,0.0,0
4022,2225,474178,5597498,misdemeanor,drug,2017-06-23,213,5597498,28.304109589041097,M,White,2017-06-23,258.0,0.0,0,0.0,0
3260,5980,145687,8884842,misdemeanor,other,2014-11-17,817,6183350,38.347945205479455,M,Asian,2017-01-30,-805.0,0.0,0,0.0,0
1735,1405,57158,6386413,felony,drug,2016-11-26,168,3882249,29.983561643835618,M,Black,2018-04-23,1242.0,0.0,0,0.0,0
5237,3089,1111687,10608598,misdemeanor,violent,2013-04-19,950,5936371,33.51780821917808,M,White,2017-04-03,118.0,0.0,0,0.0,0
3101,3573,98350,10530684,misdemeanor,violent,2013-05-16,183,4251991,53.772602739726025,M,Black,2018-03-02,-159.0,0.0,0,0.0,1
6023,2125,1773950,10280927,misdemeanor,drug,2013-08-08,114,7550575,37.12054794520548,M,Black,2016-01-17,-554.0,0.0,0,0.0,0
3917,2189,351751,11413877,misdemeanor,violent,2012-07-04,171,6215292,23.90410958904109,F,White,2017-01-20,-1201.0,0.0,0,0.0,0
1445,1551,49472,9109423,misdemeanor,drug,2014-08-31,119,7563566,32.298630136986304,M,Black,2016-01-14,99.0,0.0,0,0.0,0
1496,1517,50867,1584954,felony,other,2019-05-21,944,5473408,20.72876712328767,M,Black,2017-07-21,1517.0,0.0,0,0.0,1
1368,700,47273,11537951,felony,drug,2012-05-24,621,7465597,23.38082191780822,M,Black,2016-02-13,-15.0,0.0,1,0.0,0
4454,1521,908756,11190441,misdemeanor,violent,2012-09-18,350,7027943,35.915068493150685,M,Black,2016-05-21,-1341.0,0.0,0,0.0,0
3737,5692,334186,5749591,misdemeanor,other,2017-05-21,591,5749590,35.76712328767123,M,,2017-05-21,0.0,0.0,0,0.0,0
3546,6150,259056,4205506,misdemeanor,other,2018-03-10,59,4219078,40.772602739726025,M,Black,2018-03-08,2.0,0.0,0,0.0,1
4013,2171,456897,8746679,misdemeanor,drug,2015-01-08,930,6649145,24.86027397260274,M,Black,2016-09-11,-201.0,0.0,0,0.0,0
3548,3526,260781,3059136,felony,violent,2018-09-07,589,3059137,19.3972602739726,M,Black,2018-09-07,0.0,0.0,1,0.0,0
5547,2653,1295291,7149170,misdemeanor,violent,2016-05-09,347,7149171,37.394520547945206,M,White,2016-05-09,1442.0,0.0,0,0.0,1
424,5535,14780,6879872,misdemeanor,drug,2020-10-05,175,11966928,22.197260273972603,M,White,2016-04-12,385.0,0.0,0,0.0,1
5711,4028,1352734,5598626,misdemeanor,other,2017-06-23,265,5598626,28.86575342465753,M,White,2017-06-23,-383.0,0.0,0,0.0,0
4475,1156,909386,7959983,misdemeanor,violent,2015-09-13,53,6072822,25.61917808219178,M,Black,2017-02-25,-1131.0,0.0,0,0.0,0
1657,5945,56090,732084,misdemeanor,property,2019-11-04,362,6916269,18.29041095890411,M,White,2016-06-25,1243.0,0.0,0,0.0,0
1754,4745,57265,10122986,felony,drug,2013-10-01,116,5435848,31.40821917808219,M,Black,2017-07-29,-568.0,0.0,0,0.0,0
1,723,1788,10853147,felony,violent,2013-01-22,200,5879415,46.96164383561644,M,,2017-04-17,-15.0,0.0,1,0.0,0
1775,4842,57529,10969260,misdemeanor,property,2012-12-06,153,7224958,25.56438356164384,M,Black,2016-04-17,146.0,0.0,0,0.0,0
2813,1191,85446,6604737,felony,drug,2016-09-22,778,6604737,18.117808219178084,M,Black,2016-09-22,-517.0,0.0,0,0.0,2
1587,298,53858,6806429,misdemeanor,drug,2016-07-26,386,6792133,29.10684931506849,M,mixed,2016-08-01,-899.0,155.0,0,0.0,0
5258,5820,1113786,10701460,misdemeanor,other,2013-03-17,620,7061405,21.46027397260274,F,Black,2016-05-13,-1052.0,0.0,0,0.0,1
1931,5707,63935,3050071,felony,property,2018-09-10,341,7021379,29.64109589041096,F,White,2016-05-24,820.0,0.0,0,0.0,1
6083,1754,1987171,3455754,misdemeanor,violent,2018-07-11,797,3455754,49.12054794520548,M,White,2018-07-11,-131.0,1498.0,0,0.0,0
5544,5236,1292211,2980952,felony,drug,2018-09-21,717,4460552,21.145205479452056,M,Black,2018-01-23,864.0,0.0,0,0.0,1
3014,5997,92636,8130743,misdemeanor,other,2015-07-23,896,5155920,56.05479452054794,M,Black,2017-09-19,-2.0,0.0,0,0.0,0
1902,2928,63188,2136815,misdemeanor,drug,2019-03-05,990,5775746,18.78904109589041,M,Black,2017-05-14,-555.0,0.0,0,0.0,0
1872,5674,60742,10210938,misdemeanor,violent,2013-09-02,737,6015800,28.254794520547943,M,Black,2017-03-13,-1380.0,0.0,0,0.0,0
684,5452,25060,10613328,misdemeanor,property,2013-04-17,718,4796664,25.947945205479453,F,Black,2017-11-19,-240.0,0.0,0,0.0,0
1334,2331,46101,8586311,misdemeanor,violent,2015-02-26,585,2788963,46.00547945205479,M,White,2018-10-29,462.0,0.0,0,0.0,0
3272,6206,146410,4860977,felony,property,2017-11-07,518,5763206,53.31506849315068,M,Black,2017-05-17,-242.0,0.0,1,0.0,1
3778,4664,336042,2016291,misdemeanor,other,2019-03-22,610,5170311,55.30684931506849,M,White,2017-09-15,-27.0,0.0,0,0.0,0
4600,1028,922002,2670602,misdemeanor,violent,2018-11-19,598,2670602,66.56164383561644,M,Black,2018-11-19,1813.0,0.0,0,0.0,0
5339,5118,1127005,2981394,misdemeanor,other,2018-09-21,234,3052452,52.342465753424655,M,White,2018-09-08,1477.0,0.0,0,0.0,0
5739,3264,1435646,8205741,misdemeanor,property,2015-07-01,847,4155587,32.99452054794521,F,White,2018-03-20,562.0,0.0,0,0.0,0
5133,3331,1072559,8485158,misdemeanor,property,2015-04-01,467,6845142,55.02739726027397,M,White,2016-07-15,-18.0,0.0,0,0.0,0
3152,5971,101916,10915895,misdemeanor,property,2012-12-28,504,7278705,25.991780821917807,M,Black,2016-04-03,-1192.0,0.0,0,0.0,0
4518,4864,910635,9380166,misdemeanor,other,2014-06-02,841,4973877,61.01643835616439,M,Black,2017-10-22,-84.0,0.0,0,0.0,0
6349,4120,3054529,7714600,felony,property,2015-11-28,344,3242748,21.95342465753425,M,Black,2018-08-01,-427.0,449.0,0,0.0,0
1166,6413,35378,8029917,misdemeanor,other,2015-08-23,338,3368502,62.18082191780822,M,Black,2018-07-26,-1354.0,0.0,0,0.0,0
5718,6229,1407719,8609418,misdemeanor,other,2015-02-19,559,4860301,56.50684931506849,M,White,2017-11-07,0.0,0.0,0,0.0,0
1547,1533,51530,11148185,felony,violent,2012-10-03,770,2916797,32.6958904109589,F,Black,2018-10-03,151.0,0.0,1,0.0,0
2910,6297,91718,6174395,misdemeanor,other,2017-02-01,25,6028961,29.572602739726022,M,Black,2017-03-09,-118.0,0.0,0,0.0,0
5809,1829,1499514,5731261,misdemeanor,violent,2017-05-25,758,3892526,37.345205479452055,F,Asian,2018-04-21,1826.0,10659.0,0,0.0,0
1998,3871,65964,6725060,misdemeanor,drug,2016-08-20,229,6725060,24.34794520547945,M,Black,2016-08-20,1011.0,0.0,0,0.0,1
2766,1241,84199,4990355,felony,property,2017-10-18,553,7563283,22.12054794520548,M,Black,2016-01-14,643.0,0.0,0,0.0,0
3040,3740,92826,4759494,misdemeanor,property,2017-11-26,746,6037598,40.84657534246576,M,Black,2017-03-07,1472.0,0.0,0,0.0,0
1835,712,60273,10140270,misdemeanor,violent,2013-09-25,360,7509640,21.56438356164384,F,Black,2016-02-02,-908.0,695.0,0,0.0,0
2792,4730,84823,10972862,felony,drug,2012-12-05,400,2922877,24.0,M,Black,2018-10-02,-540.0,0.0,0,0.0,3
1355,4609,46960,5583267,misdemeanor,property,2017-06-27,99,5915304,24.994520547945207,F,White,2017-04-07,197.0,0.0,0,0.0,0
4524,5028,910635,9303907,misdemeanor,other,2014-06-27,841,4973877,61.01643835616439,M,Black,2017-10-22,-1026.0,0.0,0,0.0,0
4421,834,883902,3000440,misdemeanor,violent,2018-09-18,439,7153262,20.334246575342465,M,Black,2016-05-07,572.0,604.0,0,0.0,0
4069,2626,531993,6194757,misdemeanor,drug,2017-01-26,802,5598101,52.59178082191781,M,White,2017-06-23,-118.0,0.0,0,0.0,1
2340,4105,74829,9944033,felony,property,2013-12-03,246,3392137,27.47945205479452,M,Black,2018-07-21,-1084.0,0.0,0,0.0,0
1557,2663,51576,9259736,felony,violent,2014-07-11,159,3138306,52.04657534246575,M,Black,2018-08-23,0.0,0.0,1,0.0,1
2441,5611,77276,4341969,misdemeanor,drug,2018-02-13,94,6096501,42.9041095890411,M,Black,2017-02-19,-65.0,0.0,0,0.0,0
1494,816,50867,6146375,felony,violent,2017-02-07,944,5473408,20.72876712328767,M,Black,2017-07-21,0.0,0.0,1,0.0,1
1069,6277,32779,8698184,felony,drug,2015-01-23,261,6049457,27.38082191780822,M,Black,2017-03-03,-13.0,0.0,1,0.0,1
2311,5526,74677,9217972,misdemeanor,drug,2014-07-25,294,6355703,28.54520547945205,M,White,2016-12-09,-1700.0,0.0,0,0.0,0
4814,5105,995275,2567919,misdemeanor,property,2018-12-10,790,6390045,45.11506849315069,M,mixed,2016-11-23,638.0,0.0,0,0.0,0
577,5650,21406,5116042,misdemeanor,other,2017-09-26,450,5590253,19.052054794520547,M,White,2017-06-26,68.0,0.0,0,0.0,0
6003,5337,1710539,5374332,misdemeanor,other,2017-08-10,993,5374331,57.17260273972602,M,White,2017-08-10,0.0,0.0,0,0.0,0
1090,4100,33253,11223348,felony,property,2012-09-08,649,4284534,24.306849315068494,M,Black,2018-02-25,-10.0,0.0,1,0.0,0
1345,2407,46101,1660743,misdemeanor,violent,2019-05-09,585,2788963,46.00547945205479,M,White,2018-10-29,369.0,0.0,0,0.0,0
4362,3231,847667,6824527,misdemeanor,property,2016-07-21,569,5564259,32.27945205479452,F,Black,2017-07-03,-842.0,0.0,0,0.0,0
3972,270,404843,10116001,misdemeanor,violent,2013-10-06,322,3550258,32.032876712328765,M,mixed,2018-06-23,169.0,24782.0,0,0.0,0
1630,2264,55857,10028918,misdemeanor,property,2013-11-06,434,6102845,27.07945205479452,F,White,2017-02-17,-554.0,0.0,0,0.0,0
4048,5185,482239,7541456,felony,other,2016-01-20,198,7220104,46.33698630136986,M,White,2016-04-18,-54.0,0.0,1,0.0,3
4100,2548,539268,9408958,misdemeanor,property,2020-12-08,626,3993384,44.24383561643835,M,White,2018-04-05,245.0,0.0,0,0.0,0
75,2113,3484,2494778,misdemeanor,violent,2018-12-24,928,7383051,38.0,M,Black,2016-03-06,-131.0,0.0,0,0.0,1
3038,3612,92826,7241896,misdemeanor,violent,2016-04-13,746,6037598,40.84657534246576,M,Black,2017-03-07,-130.0,0.0,0,0.0,0
4083,2707,531993,5598101,misdemeanor,property,2017-06-23,802,5598101,52.59178082191781,M,White,2017-06-23,-1075.0,0.0,0,0.0,1
6438,4429,3243981,7603994,misdemeanor,other,2016-01-02,218,7603993,59.67397260273973,M,White,2016-01-02,-910.0,12464.0,0,0.0,0
2109,3597,69058,7511394,misdemeanor,property,2016-02-02,402,7255033,49.24931506849315,F,mixed,2016-04-10,432.0,0.0,0,0.0,0
1586,5062,53703,2404775,misdemeanor,property,2019-01-11,581,6648850,21.15068493150685,M,Black,2016-09-11,-161.0,0.0,0,0.0,1
5036,5713,1060589,11134473,misdemeanor,other,2012-10-09,199,4941565,28.134246575342463,M,Black,2017-10-27,31.0,0.0,0,0.0,2
1951,507,65316,13582559,misdemeanor,violent,2012-08-06,429,6863214,36.42739726027397,M,Black,2016-07-08,-2664.0,0.0,0,0.0,1
795,6375,26596,10212323,misdemeanor,other,2013-09-01,137,7370720,46.40547945205479,M,mixed,2016-03-09,0.0,0.0,0,0.0,0
6096,555,2106053,8379497,misdemeanor,violent,2015-05-04,357,6397938,47.74520547945205,F,White,2016-11-21,-69.0,0.0,0,0.0,1
234,777,9102,6472964,felony,violent,2016-11-02,521,4983747,24.898630136986306,M,Black,2017-10-19,-351.0,0.0,1,0.0,0
1073,48,32790,9169477,misdemeanor,other,2014-08-11,182,6744042,24.991780821917807,M,Black,2016-08-15,-174.0,0.0,0,0.0,0
3232,405,126282,10041067,misdemeanor,drug,2013-11-01,3,3573863,36.465753424657535,M,Black,2018-06-20,-2547.0,0.0,0,0.0,0
1340,2356,46101,2536664,misdemeanor,other,2018-12-14,585,2788963,46.00547945205479,M,White,2018-10-29,109.0,0.0,0,0.0,0
1738,4965,57158,7214360,misdemeanor,other,2016-04-19,168,3882249,29.983561643835618,M,Black,2018-04-23,-20.0,0.0,0,0.0,0
3210,3546,115968,1413858,misdemeanor,violent,2019-06-22,768,7003779,30.983561643835618,M,Black,2016-05-30,219.0,0.0,0,0.0,0
4359,3038,847667,6326666,misdemeanor,other,2016-12-17,569,5564259,32.27945205479452,F,Black,2017-07-03,1556.0,0.0,0,0.0,0
6119,589,2154819,3013581,misdemeanor,violent,2018-09-16,889,3013581,58.61369863013699,F,White,2018-09-16,233.0,11137.0,0,0.0,0
1374,1493,47273,6803616,misdemeanor,drug,2016-07-27,621,7465597,23.38082191780822,M,Black,2016-02-13,-976.0,0.0,0,0.0,0
2250,2122,72764,6411969,misdemeanor,property,2016-11-17,885,6163577,22.72054794520548,F,Black,2017-02-03,14.0,0.0,0,0.0,3
2275,34,73796,5195856,misdemeanor,other,2017-09-12,710,5195856,30.24383561643836,M,Black,2017-09-12,1173.0,0.0,0,0.0,0
2373,5860,75450,46029,misdemeanor,property,2020-04-10,81,7462166,53.10410958904109,M,White,2016-02-16,-87.0,0.0,0,0.0,0
417,230,14780,961698,misdemeanor,drug,2019-09-17,175,11966928,22.197260273972603,M,White,2016-04-12,873.0,0.0,0,0.0,1
4825,823,1000104,5038714,misdemeanor,other,2017-10-10,701,5327849,24.931506849315067,M,Black,2017-08-20,675.0,2121.0,0,0.0,0
1183,2139,38535,5581048,misdemeanor,drug,2017-06-28,194,5666738,19.22739726027397,M,White,2017-06-08,-256.0,0.0,0,0.0,1
933,3592,27785,6443918,misdemeanor,violent,2016-11-13,69,4280859,19.4,M,Black,2018-02-26,1260.0,199.0,0,0.0,1
5464,2635,1214199,11175598,misdemeanor,violent,2012-09-24,316,5133966,35.97260273972603,M,Black,2017-09-22,-1017.0,0.0,0,0.0,0
4730,915,971359,9385710,misdemeanor,property,2014-05-31,66,6234841,30.63287671232877,M,White,2017-01-15,-635.0,5573.0,0,0.0,0
292,751,10779,8821393,felony,violent,2014-12-09,951,5329404,29.78356164383561,F,Black,2017-08-19,-1032.0,542.0,0,0.0,0
6304,5614,2871747,3598016,misdemeanor,property,2018-06-14,658,6601849,53.79726027397261,M,Black,2016-09-23,-123.0,0.0,0,0.0,0
1820,4747,58583,9103341,felony,drug,2014-09-02,266,3982258,27.813698630136987,M,Black,2018-04-07,938.0,0.0,0,0.0,2
2680,896,82604,9862061,misdemeanor,drug,2013-12-25,129,2576292,34.865753424657534,M,Black,2018-12-07,27.0,0.0,0,0.0,2
5521,2019,1275378,2532499,felony,violent,2018-12-15,643,2532499,24.235616438356164,M,Black,2018-12-15,857.0,2082.0,0,1.0,0
2629,1951,81823,9390989,misdemeanor,drug,2014-05-29,809,3806430,34.8986301369863,M,,2018-05-07,-319.0,0.0,0,0.0,0
2764,1092,84199,10253658,misdemeanor,drug,2013-08-17,553,7563283,22.12054794520548,M,Black,2016-01-14,360.0,0.0,0,0.0,0
3683,4577,320631,9180533,misdemeanor,property,2020-12-01,996,6305418,31.63013698630137,M,Black,2016-12-23,-17.0,0.0,0,0.0,0
4996,2999,1058203,10584516,misdemeanor,drug,2013-04-26,373,7234140,27.33150684931507,M,Black,2016-04-15,177.0,0.0,0,0.0,0
4783,5054,989231,2777894,misdemeanor,drug,2018-10-30,644,2777894,20.942465753424656,M,Black,2018-10-30,790.0,0.0,0,0.0,0
2230,1649,72764,5916574,misdemeanor,property,2017-04-07,885,6163577,22.72054794520548,F,Black,2017-02-03,0.0,0.0,0,0.0,3
1222,2275,41991,8733899,felony,property,2015-01-13,563,6778366,24.93972602739726,M,White,2016-08-05,695.0,0.0,0,0.0,4
5725,176,1417936,8677144,misdemeanor,other,2020-11-19,947,4804643,18.745205479452054,M,White,2017-11-17,1293.0,3497.0,0,0.0,0
1041,2425,31518,7019269,misdemeanor,property,2016-05-24,784,6313374,22.353424657534248,M,White,2016-12-21,13.0,0.0,0,0.0,3
5088,4376,1064849,12007399,misdemeanor,other,2018-08-08,146,3201857,27.03287671232877,F,White,2018-08-08,0.0,0.0,0,0.0,0
4180,6216,570963,9858363,misdemeanor,drug,2020-07-21,428,6165914,40.92328767123288,M,Black,2017-02-03,2611.0,0.0,0,0.0,0
886,4281,27382,1878799,misdemeanor,violent,2019-04-16,75,7381538,26.56438356164384,M,Black,2016-03-07,1225.0,0.0,0,0.0,0
4916,1006,1022206,3126042,misdemeanor,violent,2018-08-26,202,3126042,31.36164383561644,M,Black,2018-08-26,-199.0,962.0,0,0.0,0
1515,4456,51323,4126984,felony,other,2018-03-26,811,4837325,32.26027397260274,M,White,2017-11-13,251.0,0.0,1,0.0,0
869,4330,27249,6984318,misdemeanor,property,2016-06-04,960,6478529,22.87945205479452,M,Black,2016-11-01,-49.0,0.0,0,0.0,3
476,552,15353,7811938,misdemeanor,property,2015-10-28,560,3039691,34.391780821917806,F,White,2018-09-11,322.0,0.0,0,0.0,3
2777,4688,84410,11351083,misdemeanor,other,2012-07-26,517,5974264,42.84109589041096,F,Black,2017-03-24,69.0,0.0,0,0.0,0
2552,3187,79198,3940150,misdemeanor,drug,2018-04-15,813,3433327,28.265753424657536,M,White,2018-07-15,-1.0,0.0,0,0.0,2
5129,3327,1072559,8807679,misdemeanor,property,2014-12-15,467,6845142,55.02739726027397,M,White,2016-07-15,140.0,0.0,0,0.0,0
5930,5744,1609935,586032,misdemeanor,other,2019-12-03,406,7395386,41.40547945205479,,,2016-03-02,0.0,0.0,0,0.0,0
4791,6348,990237,10104806,misdemeanor,property,2020-12-19,854,4452127,21.10958904109589,F,Black,2018-01-24,1339.0,0.0,0,0.0,0
6190,3302,2497431,6213863,felony,drug,2017-01-21,238,6192743,18.84931506849315,M,Black,2017-01-27,-6.0,0.0,1,0.0,2
6391,5457,3166359,1937785,misdemeanor,property,2019-04-06,180,2903760,33.0986301369863,M,mixed,2018-10-06,-90.0,0.0,0,0.0,0
5395,1724,1134813,4430539,felony,property,2018-01-29,699,7159070,18.42465753424657,M,Black,2016-05-05,0.0,0.0,1,0.0,6
1173,4121,36554,8156929,misdemeanor,violent,2015-07-15,459,6704707,36.23835616438356,M,mixed,2016-08-26,525.0,902.0,0,0.0,0
4165,3797,555286,1564049,misdemeanor,property,2019-05-26,231,5396058,25.87123287671233,F,Black,2017-08-07,2478.0,0.0,0,0.0,0
3289,3898,173473,7552078,misdemeanor,property,2016-01-16,404,7552078,50.16712328767123,M,Black,2016-01-16,658.0,0.0,0,0.0,0
6102,637,2108170,6624252,misdemeanor,violent,2016-09-18,307,6672666,26.4986301369863,M,White,2016-09-03,543.0,0.0,0,0.0,0
3104,3611,98350,6751005,misdemeanor,other,2016-08-12,183,4251991,53.772602739726025,M,Black,2018-03-02,73.0,0.0,0,0.0,1
2379,2860,75570,4810592,misdemeanor,other,2017-11-16,677,4741552,26.2027397260274,M,White,2017-11-28,316.0,0.0,0,0.0,0
736,3422,25928,10584440,misdemeanor,property,2013-04-26,0,7268817,59.33698630136986,M,Black,2016-04-06,39.0,0.0,0,0.0,0
6357,4353,3071637,5136689,misdemeanor,other,2017-09-22,687,5672065,42.41917808219178,F,mixed,2017-06-07,398.0,0.0,0,0.0,0
941,6350,27785,913898,felony,other,2019-09-26,69,4280859,19.4,M,Black,2018-02-26,-64.0,0.0,1,0.0,1
1664,4908,56320,4254001,misdemeanor,drug,2018-03-01,762,4840593,35.95890410958904,M,Black,2017-11-11,110.0,0.0,0,0.0,0
5780,201,1462612,6794198,misdemeanor,property,2016-07-30,111,7454785,28.83835616438356,M,White,2016-02-17,-669.0,1791.0,0,0.0,0
5991,5342,1675740,5511036,misdemeanor,other,2017-07-13,609,6147642,34.961643835616435,M,White,2017-02-07,156.0,0.0,0,0.0,0
3792,366,339988,5998375,misdemeanor,other,2017-03-17,139,5998375,56.57534246575342,M,,2017-03-17,346.0,0.0,0,0.0,0
974,2487,28329,9481166,misdemeanor,other,2014-05-06,634,6400651,48.74794520547945,F,Black,2016-11-21,-1903.0,405.0,0,0.0,0
5056,145,1063563,6551557,misdemeanor,property,2016-10-10,385,4827776,30.816438356164383,M,White,2017-11-13,407.0,0.0,0,0.0,0
6403,2882,3191484,4985620,misdemeanor,violent,2017-10-19,796,4985620,26.04109589041096,M,White,2017-10-19,411.0,5899.0,0,0.0,0
1318,2364,46047,2832896,misdemeanor,other,2018-10-19,334,7023735,31.136986301369863,M,White,2016-05-23,520.0,0.0,0,0.0,0
5851,1555,1518060,9314886,felony,drug,2014-06-24,5,3476358,22.797260273972604,M,Black,2018-07-07,-1474.0,0.0,0,0.0,1
906,4229,27558,6486806,misdemeanor,property,2016-10-29,54,4448872,37.512328767123286,M,Black,2018-01-25,-309.0,0.0,0,0.0,1
796,6377,26596,10278102,misdemeanor,other,2013-08-09,137,7370720,46.40547945205479,M,mixed,2016-03-09,-23.0,0.0,0,0.0,0
6256,3191,2597745,3127257,misdemeanor,violent,2018-08-26,657,2700058,56.92602739726028,M,White,2018-11-14,-80.0,0.0,0,0.0,0
794,6374,26596,10212322,misdemeanor,other,2013-09-01,137,7370720,46.40547945205479,M,mixed,2016-03-09,318.0,0.0,0,0.0,0
829,4214,26679,7634286,misdemeanor,property,2015-12-21,224,6916481,31.117808219178084,M,Black,2016-06-25,535.0,0.0,0,0.0,0
4571,5020,913768,11370338,misdemeanor,other,2012-07-18,675,7583303,41.04383561643836,M,Black,2016-01-08,-93.0,0.0,0,0.0,0
3637,296,318135,6935982,misdemeanor,drug,2016-06-17,995,6935981,34.8054794520548,M,White,2016-06-17,-486.0,1431.0,0,0.0,1
2304,2720,74677,21321954,misdemeanor,drug,2012-01-01,294,6355703,28.54520547945205,M,White,2016-12-09,-2594.0,82.0,0,0.0,0
3181,4301,113657,7891120,misdemeanor,other,2015-10-06,814,6607334,23.334246575342465,M,Black,2016-09-22,-352.0,0.0,0,0.0,0
4710,1434,961194,1585191,misdemeanor,violent,2019-05-21,945,3394043,55.55068493150685,M,Black,2018-07-20,1373.0,0.0,0,0.0,0
5231,3359,1107929,1007267,misdemeanor,other,2019-09-10,650,4290696,49.46849315068493,F,White,2018-02-23,665.0,0.0,0,0.0,0
6219,5867,2558637,477235,misdemeanor,other,2019-12-26,318,5052563,19.43013698630137,F,White,2017-10-07,810.0,0.0,0,0.0,0
2882,3498,91690,5540459,misdemeanor,property,2017-07-07,952,5883395,25.66575342465753,M,Black,2017-04-17,81.0,0.0,0,0.0,0
4120,6156,539268,3225254,misdemeanor,property,2018-08-05,626,3993384,44.24383561643835,M,White,2018-04-05,-335.0,0.0,0,0.0,0
1460,1261,49882,3596356,felony,violent,2018-06-14,230,3596356,35.18082191780822,M,Black,2018-06-14,-270.0,0.0,1,0.0,1
5506,1422,1256556,4983827,misdemeanor,property,2017-10-19,254,6931649,20.413698630136988,M,White,2016-06-20,-48.0,0.0,0,0.0,0
4542,4875,911310,7638580,misdemeanor,other,2015-12-18,711,7364521,44.536986301369865,M,Black,2016-03-10,-140.0,0.0,0,0.0,0
6490,6416,3462861,6344531,misdemeanor,other,2016-12-13,92,6676950,71.27123287671233,M,Black,2016-09-02,924.0,0.0,0,0.0,0
5121,248,1065717,12005804,misdemeanor,property,2018-05-25,12,12005804,29.301369863013697,F,White,2018-05-25,0.0,0.0,0,0.0,0
3805,542,339988,8839064,misdemeanor,property,2014-12-02,139,5998375,56.57534246575342,M,,2017-03-17,193.0,0.0,0,0.0,0
3751,596,336042,2016292,misdemeanor,property,2019-03-22,610,5170311,55.30684931506849,M,White,2017-09-15,1813.0,0.0,0,0.0,0
3108,3650,98350,263109,misdemeanor,other,2020-02-09,183,4251991,53.772602739726025,M,Black,2018-03-02,36.0,0.0,0,0.0,1
1379,1608,47273,6181528,felony,drug,2017-01-30,621,7465597,23.38082191780822,M,Black,2016-02-13,352.0,0.0,1,0.0,0
4634,1196,932315,6386392,felony,drug,2016-11-26,870,6386392,22.084931506849315,M,Black,2016-11-26,-34.0,0.0,1,0.0,3
1325,5362,46047,3717016,felony,property,2018-05-23,334,7023735,31.136986301369863,M,White,2016-05-23,1358.0,0.0,0,0.0,0
1487,4396,50827,2949193,felony,property,2018-09-27,716,5665899,21.778082191780825,M,Black,2017-06-08,476.0,0.0,0,0.0,3
6312,2816,2880190,3575221,misdemeanor,property,2018-06-20,446,3877005,20.30958904109589,M,Black,2018-04-24,43.0,1131.0,0,0.0,0
5020,5712,1059734,11523499,misdemeanor,violent,2012-05-29,308,6984750,27.78904109589041,F,Black,2016-06-04,105.0,0.0,0,0.0,0
385,4499,14260,2565182,misdemeanor,other,2018-12-10,625,12005344,19.30958904109589,M,,2018-01-15,77.0,0.0,0,0.0,0
6252,3181,2593687,5970690,misdemeanor,violent,2017-03-27,627,5970690,26.736986301369864,M,White,2017-03-27,-151.0,1771.0,0,0.0,0
1642,3070,55857,9036743,misdemeanor,drug,2014-09-23,434,6102845,27.07945205479452,F,White,2017-02-17,-878.0,0.0,0,0.0,0
1666,762,56410,8174468,misdemeanor,violent,2015-07-09,741,4937826,33.4027397260274,M,Black,2017-10-27,560.0,0.0,0,0.0,0
3035,3566,92826,10001779,misdemeanor,property,2013-11-16,746,6037598,40.84657534246576,M,Black,2017-03-07,-1505.0,0.0,0,0.0,0
5721,3986,1411167,6042314,misdemeanor,property,2017-03-06,163,6042314,28.375342465753423,F,Black,2017-03-06,-246.0,3448.0,0,0.0,0
2844,1638,85929,8155972,misdemeanor,property,2015-07-15,963,5226476,35.0,M,Black,2017-09-08,1107.0,0.0,0,0.0,1
3183,3460,114124,8621504,misdemeanor,property,2015-02-13,21,6060715,55.07671232876712,M,Black,2017-03-01,961.0,0.0,0,0.0,0
5438,1655,1162141,5670929,misdemeanor,other,2017-06-07,208,6068520,24.991780821917807,M,Black,2017-02-27,486.0,23508.0,0,0.0,0
2056,1862,67140,5114609,felony,property,2017-09-26,204,5670555,29.33150684931507,M,Black,2017-06-07,-682.0,0.0,0,0.0,2
3455,4187,238381,2066120,misdemeanor,property,2019-03-14,121,5854343,19.65753424657534,F,Black,2017-04-22,602.0,0.0,0,0.0,0
6000,5569,1708343,7477256,misdemeanor,other,2016-02-10,394,7477256,28.41917808219178,M,White,2016-02-10,-723.0,10701.0,0,0.0,0
5989,5329,1675740,3119181,misdemeanor,other,2018-08-28,609,6147642,34.961643835616435,M,White,2017-02-07,-661.0,0.0,0,0.0,0
852,4258,27249,4510586,misdemeanor,property,2018-01-15,960,6478529,22.87945205479452,M,Black,2016-11-01,94.0,0.0,0,0.0,3
39,4782,2326,7471486,misdemeanor,drug,2016-02-11,807,7591648,31.378082191780823,M,Black,2016-01-06,-1237.0,0.0,0,0.0,1
1176,4090,36799,2816767,misdemeanor,property,2018-10-23,973,2816767,33.8986301369863,M,Black,2018-10-23,788.0,245.0,0,0.0,0
1102,4047,33633,6730229,misdemeanor,property,2016-08-18,169,6995174,18.2986301369863,M,mixed,2016-06-01,13.0,0.0,0,0.0,0
4848,1842,1002535,2071918,misdemeanor,property,2019-03-13,388,5559287,23.715068493150685,M,Black,2017-07-04,-27.0,0.0,0,0.0,0
5817,1647,1499946,5810699,misdemeanor,violent,2017-05-04,653,6322340,25.86849315068493,M,White,2016-12-19,-19.0,167.0,0,0.0,1
5509,5206,1256556,3553329,misdemeanor,property,2018-06-22,254,6931649,20.413698630136988,M,White,2016-06-20,-151.0,0.0,0,0.0,0
6059,2070,1803390,9168663,misdemeanor,property,2014-08-11,242,4599708,26.704109589041096,F,White,2017-12-23,-941.0,1136.0,0,0.0,0
3592,3552,301613,2374752,misdemeanor,other,2019-01-18,834,5513065,20.295890410958904,M,Black,2017-07-13,554.0,0.0,0,0.0,0
4427,3281,883902,7153262,misdemeanor,drug,2016-05-07,439,7153262,20.334246575342465,M,Black,2016-05-07,322.0,0.0,0,0.0,0
5458,5115,1205282,6223364,felony,other,2017-01-18,247,6223364,29.28767123287671,F,White,2017-01-18,886.0,0.0,0,1.0,0
1349,2454,46101,20283301,felony,violent,2012-03-07,585,2788963,46.00547945205479,M,White,2018-10-29,-1023.0,0.0,0,0.0,0
2823,1236,85529,6161824,misdemeanor,property,2017-02-04,734,6161824,19.575342465753423,M,Black,2017-02-04,294.0,0.0,0,0.0,2
992,6136,28710,4826472,misdemeanor,drug,2017-11-14,486,3904095,20.75068493150685,M,Black,2018-04-19,-156.0,0.0,0,0.0,1
5869,1304,1543625,9646612,misdemeanor,violent,2014-03-11,441,4283852,56.85753424657534,M,Black,2018-02-25,-861.0,0.0,0,0.0,0
407,110,14780,11935799,felony,property,2015-01-08,175,11966928,22.197260273972603,M,White,2016-04-12,-659.0,0.0,0,0.0,1
5009,2969,1059734,6171438,misdemeanor,drug,2017-02-02,308,6984750,27.78904109589041,F,Black,2016-06-04,-1008.0,930.0,0,0.0,0
2927,3777,91883,3262662,misdemeanor,other,2018-07-28,903,7408614,25.14246575342466,F,Black,2016-02-27,-570.0,0.0,0,0.0,0
3357,1287,210420,829267,misdemeanor,violent,2019-10-13,173,6496625,21.895890410958906,F,Black,2016-10-26,-32.0,0.0,0,0.0,0
1433,936,49237,6583262,misdemeanor,violent,2016-09-29,96,6507127,20.09041095890411,M,Black,2016-10-22,-23.0,0.0,0,0.0,0
1003,2507,29538,9039009,misdemeanor,property,2014-09-22,756,4502396,35.553424657534244,M,Black,2018-01-16,779.0,0.0,0,0.0,1
3875,544,344444,8072732,misdemeanor,property,2015-08-10,270,4865164,27.265753424657536,M,Black,2017-11-06,879.0,0.0,0,0.0,1
5789,3142,1475717,2118594,misdemeanor,drug,2019-03-07,275,3193787,33.11232876712329,F,White,2018-08-10,-568.0,0.0,0,0.0,0
5418,1872,1137620,3896329,misdemeanor,property,2018-04-20,845,3130830,33.10958904109589,M,Black,2018-08-24,178.0,0.0,0,0.0,0
4958,2374,1052139,8212417,misdemeanor,other,2015-06-29,891,6537189,48.367123287671234,M,White,2016-10-14,1008.0,0.0,0,0.0,0
966,2519,27924,6829680,misdemeanor,property,2016-07-19,302,6822812,20.48219178082192,M,White,2016-07-21,-2.0,0.0,0,0.0,0
4012,2170,456897,8114143,misdemeanor,property,2015-07-28,930,6649145,24.86027397260274,M,Black,2016-09-11,137.0,0.0,0,0.0,0
820,6424,26596,6915457,misdemeanor,other,2016-06-26,137,7370720,46.40547945205479,M,mixed,2016-03-09,-37.0,0.0,0,0.0,0
717,5469,25425,3190978,misdemeanor,other,2018-08-10,130,4398368,38.36438356164384,M,White,2018-02-02,3.0,0.0,0,0.0,2
2393,5537,76548,4680174,felony,violent,2017-12-07,209,5008666,27.293150684931508,M,Black,2017-10-16,-512.0,0.0,0,0.0,0
522,1425,17881,5659667,felony,violent,2017-06-10,753,4771776,31.526027397260275,M,Black,2017-11-21,121.0,0.0,1,0.0,2
6507,6448,3587248,5684213,misdemeanor,other,2017-06-04,251,5684213,34.178082191780824,M,,2017-06-04,-15.0,1773.0,0,0.0,0
1659,1163,56320,7886301,felony,drug,2015-10-07,762,4840593,35.95890410958904,M,Black,2017-11-11,1194.0,0.0,0,0.0,0
6353,4056,3071637,7029380,misdemeanor,property,2016-05-21,687,5672065,42.41917808219178,F,mixed,2017-06-07,-53.0,8593.0,0,0.0,0
6141,2763,2293944,8145543,misdemeanor,property,2015-07-18,555,5847419,38.96712328767124,M,Other,2017-04-25,-1.0,0.0,0,0.0,0
5806,4979,1488855,5579285,misdemeanor,other,2017-06-28,245,4207288,31.80821917808219,F,mixed,2018-03-09,1610.0,0.0,0,0.0,0
2562,3039,80009,6102824,felony,property,2017-02-17,312,6688760,32.86027397260274,M,,2016-08-30,-1070.0,322.0,0,0.0,2
4361,3041,847667,2715658,misdemeanor,violent,2018-11-10,569,5564259,32.27945205479452,F,Black,2017-07-03,109.0,0.0,0,0.0,0
1647,2357,56090,3575092,felony,property,2018-06-20,362,6916269,18.29041095890411,M,White,2016-06-25,756.0,0.0,0,0.0,0
2266,5456,72764,474232,felony,property,2019-12-26,885,6163577,22.72054794520548,F,Black,2017-02-03,0.0,0.0,1,0.0,3
846,4189,27249,10927051,misdemeanor,property,2012-12-21,960,6478529,22.87945205479452,M,Black,2016-11-01,-1405.0,0.0,0,0.0,3
3175,3418,112145,11108325,misdemeanor,property,2012-10-18,466,6939057,22.775342465753425,M,mixed,2016-06-17,-1485.0,2838.0,0,0.0,0
3039,3666,92826,10004549,misdemeanor,property,2013-11-15,746,6037598,40.84657534246576,M,Black,2017-03-07,-880.0,0.0,0,0.0,0
6120,670,2156291,2864966,misdemeanor,property,2018-10-14,176,3365244,19.27945205479452,M,Black,2018-07-26,28.0,1472.0,0,0.0,0
3215,5973,121540,10620535,misdemeanor,property,2013-04-15,430,6936297,22.23013698630137,M,Black,2016-06-17,-1159.0,0.0,0,0.0,0
4620,1809,929734,7419665,misdemeanor,property,2016-02-24,297,2971473,40.465753424657535,M,White,2018-09-24,-1001.0,0.0,0,0.0,0
2811,929,85446,6491196,misdemeanor,drug,2016-10-27,778,6604737,18.117808219178084,M,Black,2016-09-22,-634.0,0.0,0,0.0,2
2423,5635,76733,6519084,misdemeanor,drug,2020-09-29,48,4573842,27.47945205479452,F,White,2017-12-30,102.0,0.0,0,0.0,0
5148,3353,1072559,3871997,misdemeanor,property,2018-04-25,467,6845142,55.02739726027397,M,White,2016-07-15,469.0,0.0,0,0.0,0
5326,5225,1124386,4598396,felony,drug,2017-12-24,399,6928740,19.56164383561644,M,Black,2016-06-21,551.0,0.0,0,0.0,1
3338,6353,206779,637946,misdemeanor,property,2019-11-22,578,6680947,24.076712328767123,M,Black,2016-09-01,518.0,0.0,0,0.0,0
2696,953,82666,7517335,misdemeanor,violent,2016-01-31,295,7394502,43.78356164383562,M,Black,2016-03-02,-644.0,62.0,0,0.0,0
4166,4024,555286,5396058,felony,property,2017-08-07,231,5396058,25.87123287671233,F,Black,2017-08-07,-657.0,0.0,0,0.0,0
4609,1426,923399,5674108,misdemeanor,violent,2017-06-06,584,5674108,28.167123287671235,F,Black,2017-06-06,1840.0,0.0,0,0.0,0
2169,3510,69593,6166510,misdemeanor,property,2017-02-03,988,6166510,35.4,F,mixed,2017-02-03,1596.0,0.0,0,0.0,0
4653,1492,940651,6803475,misdemeanor,drug,2016-07-27,601,3015248,40.293150684931504,F,mixed,2018-09-15,35.0,0.0,0,0.0,0
4826,1213,1000104,7568454,misdemeanor,violent,2016-01-13,701,5327849,24.931506849315067,M,Black,2017-08-20,-636.0,0.0,0,0.0,0
2935,3441,92254,8637240,misdemeanor,other,2015-02-09,413,4354694,25.13150684931507,M,Black,2018-02-11,-619.0,34.0,0,0.0,0
986,3732,28614,6045036,misdemeanor,drug,2017-03-05,983,6045036,25.895890410958906,M,Black,2017-03-05,-1054.0,0.0,0,0.0,0
6250,5831,2584613,7226797,misdemeanor,other,2016-04-16,253,7226797,51.273972602739725,M,White,2016-04-16,-974.0,1692.0,0,0.0,0
1564,5025,51576,9720195,misdemeanor,other,2014-02-11,159,3138306,52.04657534246575,M,Black,2018-08-23,-393.0,0.0,0,0.0,1
349,5078,13178,642598,misdemeanor,drug,2019-11-21,363,6641052,20.01095890410959,M,Black,2016-09-13,1513.0,0.0,0,0.0,5
5960,2989,1611752,5480221,misdemeanor,property,2017-07-20,839,3648891,41.035616438356165,M,White,2018-06-06,8.0,0.0,0,0.0,0
2312,5527,74677,9517250,misdemeanor,other,2014-04-23,294,6355703,28.54520547945205,M,White,2016-12-09,-93.0,0.0,0,0.0,0
3812,579,339988,5673854,misdemeanor,property,2017-06-06,139,5998375,56.57534246575342,M,,2017-03-17,27.0,0.0,0,0.0,0
2503,72,79024,8117661,misdemeanor,other,2015-07-27,52,6759183,37.75616438356165,M,Black,2016-08-10,-15.0,0.0,0,0.0,0
5370,1894,1129862,10623842,misdemeanor,violent,2013-04-12,390,7422871,30.457534246575342,M,White,2016-02-23,-1246.0,0.0,0,0.0,0
2278,6231,73796,6784002,misdemeanor,property,2016-08-03,710,5195856,30.24383561643836,M,Black,2017-09-12,1151.0,0.0,0,0.0,0
3440,4111,231083,9693673,felony,drug,2014-02-23,982,5806918,29.01095890410959,M,Black,2017-05-05,-312.0,0.0,1,0.0,0
4644,4847,935128,9996552,misdemeanor,other,2013-11-18,375,6156149,48.56712328767123,F,Black,2017-02-06,-1083.0,0.0,0,0.0,0
3711,6247,323098,2945125,misdemeanor,property,2018-09-28,127,5801992,31.42465753424657,M,Black,2017-05-07,34.0,0.0,0,0.0,0
954,3541,27836,4319635,misdemeanor,violent,2018-02-17,576,6766557,36.69041095890411,M,White,2016-08-09,-145.0,0.0,0,0.0,1
2157,2245,69474,6460426,misdemeanor,property,2016-11-07,106,6460426,30.30958904109589,F,White,2016-11-07,-983.0,0.0,0,0.0,0
1084,3572,33253,10499564,misdemeanor,property,2013-05-27,649,4284534,24.306849315068494,M,Black,2018-02-25,-639.0,237.0,0,0.0,0
3315,6180,189625,3945939,misdemeanor,drug,2018-04-13,551,3945939,30.747945205479454,M,mixed,2018-04-13,1250.0,4725.0,0,0.0,0
2220,343,72764,5776412,misdemeanor,property,2017-05-13,885,6163577,22.72054794520548,F,Black,2017-02-03,79.0,0.0,0,0.0,3
3824,4614,339988,13656092,misdemeanor,other,2012-04-16,139,5998375,56.57534246575342,M,,2017-03-17,-429.0,0.0,0,0.0,0
5248,40,1113786,6475895,felony,drug,2016-11-02,620,7061405,21.46027397260274,F,Black,2016-05-13,-152.0,2099.0,0,0.0,1
3823,4592,339988,10428434,misdemeanor,other,2013-06-19,139,5998375,56.57534246575342,M,,2017-03-17,0.0,0.0,0,0.0,0
2117,4004,69058,10658321,misdemeanor,violent,2013-04-01,402,7255033,49.24931506849315,F,mixed,2016-04-10,-1987.0,0.0,0,0.0,0
141,5161,5400,1439676,misdemeanor,drug,2019-06-17,642,4292218,27.21917808219178,M,Black,2018-02-22,-21.0,0.0,0,0.0,0
4691,1126,960754,9833962,misdemeanor,violent,2014-01-03,862,7408280,23.98630136986301,M,Black,2016-02-27,-135.0,0.0,0,0.0,0
2544,3133,79145,3601177,misdemeanor,property,2018-06-14,495,4185409,26.87945205479452,F,White,2018-03-14,509.0,0.0,0,0.0,0
1191,2076,38681,6595987,misdemeanor,drug,2016-09-26,801,4546237,41.66301369863014,F,White,2018-01-08,0.0,0.0,0,0.0,0
2799,858,85246,2411863,felony,violent,2019-01-10,51,6243514,19.75068493150685,M,Black,2017-01-12,794.0,0.0,0,1.0,4
4219,6378,670782,10317793,misdemeanor,property,2013-07-29,105,7255049,25.084931506849315,M,Black,2016-04-10,-1901.0,0.0,0,0.0,1
1335,2340,46101,6729587,misdemeanor,other,2016-08-18,585,2788963,46.00547945205479,M,White,2018-10-29,539.0,0.0,0,0.0,0
3488,6056,243705,2896502,misdemeanor,property,2018-10-09,481,6532455,18.654794520547945,M,Black,2016-10-17,107.0,0.0,0,0.0,1
3772,4628,336042,10895485,misdemeanor,other,2013-01-06,610,5170311,55.30684931506849,M,White,2017-09-15,-63.0,0.0,0,0.0,0
3092,451,98350,10153814,felony,violent,2013-09-20,183,4251991,53.772602739726025,M,Black,2018-03-02,25.0,0.0,1,0.0,1
848,4203,27249,8979062,misdemeanor,violent,2014-10-13,960,6478529,22.87945205479452,M,Black,2016-11-01,476.0,0.0,0,0.0,3
4912,4405,1017719,2232458,misdemeanor,other,2019-02-13,810,3400725,22.72054794520548,M,Black,2018-07-19,33.0,0.0,0,0.0,1
3952,692,379371,4186984,misdemeanor,property,2018-03-13,946,4641585,25.254794520547943,M,,2017-12-14,-106.0,15631.0,0,0.0,0
1565,5033,51576,9349493,misdemeanor,property,2014-06-12,159,3138306,52.04657534246575,M,Black,2018-08-23,121.0,0.0,0,0.0,1
1148,4292,35320,10642272,misdemeanor,property,2013-04-05,544,3607980,24.339726027397266,M,Black,2018-06-13,29.0,0.0,0,0.0,2
2740,768,83874,7962941,felony,property,2015-09-11,757,4159297,24.51506849315069,F,Black,2018-03-19,-736.0,166.0,0,0.0,1
4125,6212,539268,470485,misdemeanor,drug,2019-12-27,626,3993384,44.24383561643835,M,White,2018-04-05,288.0,0.0,0,0.0,0
5738,3227,1435646,9897646,misdemeanor,property,2013-12-16,847,4155587,32.99452054794521,F,White,2018-03-20,234.0,0.0,0,0.0,0
4003,1122,451627,9083000,misdemeanor,violent,2014-09-09,293,6724161,44.64109589041096,M,Black,2016-08-21,635.0,0.0,0,0.0,1
3492,3621,246429,4981359,misdemeanor,property,2017-10-20,321,4981359,30.813698630136987,M,mixed,2017-10-20,12.0,1504.0,0,0.0,1
6144,2773,2293944,6783800,misdemeanor,property,2016-08-03,555,5847419,38.96712328767124,M,Other,2017-04-25,-101.0,0.0,0,0.0,0
3843,396,342694,1493960,felony,violent,2019-06-06,465,6486630,19.843835616438355,F,White,2016-10-29,335.0,0.0,1,0.0,0
1257,5970,43195,6751643,misdemeanor,drug,2016-08-12,23,2766114,20.693150684931503,M,Black,2018-11-01,-811.0,0.0,0,0.0,1
1292,4805,44850,3118487,misdemeanor,drug,2018-08-28,258,3778372,22.284931506849315,M,Black,2018-05-11,-30.0,0.0,0,0.0,0
1223,2284,41991,6918833,misdemeanor,other,2016-06-24,563,6778366,24.93972602739726,M,White,2016-08-05,528.0,0.0,0,0.0,4
4658,5060,940651,3902088,misdemeanor,other,2018-04-19,601,3015248,40.293150684931504,F,mixed,2018-09-15,-149.0,0.0,0,0.0,0
1129,4249,34814,4598514,misdemeanor,property,2017-12-24,663,4664272,19.378082191780823,M,,2017-12-11,13.0,0.0,0,0.0,0
1852,843,60347,3785730,felony,drug,2018-05-10,463,3372243,44.915068493150685,M,Black,2018-07-25,238.0,15.0,0,0.0,3
1644,2260,56090,4832171,misdemeanor,property,2017-11-13,362,6916269,18.29041095890411,M,White,2016-06-25,1132.0,233.0,0,0.0,0
2543,3128,79145,6213835,misdemeanor,violent,2017-01-21,495,4185409,26.87945205479452,F,White,2018-03-14,331.0,0.0,0,0.0,0
3591,55,301613,5513065,misdemeanor,other,2017-07-13,834,5513065,20.295890410958904,M,Black,2017-07-13,-596.0,1252.0,0,0.0,0
5037,5717,1060589,8166911,misdemeanor,other,2015-07-13,199,4941565,28.134246575342463,M,Black,2017-10-27,1007.0,0.0,0,0.0,2
1637,2273,55857,9301949,misdemeanor,property,2014-06-28,434,6102845,27.07945205479452,F,White,2017-02-17,-35.0,0.0,0,0.0,0
2903,4073,91718,6174394,misdemeanor,property,2017-02-01,25,6028961,29.572602739726022,M,Black,2017-03-09,-8.0,0.0,0,0.0,0
4148,2508,542158,9793385,misdemeanor,property,2014-01-16,216,6837789,31.87945205479452,M,mixed,2016-07-16,30.0,0.0,0,0.0,0
2778,4923,84410,4128404,misdemeanor,drug,2018-03-25,517,5974264,42.84109589041096,F,Black,2017-03-24,2068.0,0.0,0,0.0,0
2762,903,84199,9133491,misdemeanor,violent,2014-08-22,553,7563283,22.12054794520548,M,Black,2016-01-14,-1179.0,0.0,0,0.0,0
2790,4382,84823,9329823,felony,other,2014-06-19,400,2922877,24.0,M,Black,2018-10-02,529.0,0.0,0,0.0,3
94,1731,4741,3786337,felony,property,2018-05-10,421,4609251,33.49589041095891,M,White,2017-12-21,66.0,0.0,1,0.0,0
1814,1137,58583,9345988,felony,drug,2014-06-13,266,3982258,27.813698630136987,M,Black,2018-04-07,-22.0,0.0,1,0.0,2
3383,4081,220893,5975565,misdemeanor,property,2017-03-24,523,7488749,18.24109589041096,F,Black,2016-02-08,-798.0,0.0,0,0.0,0
2456,3166,77897,6920623,misdemeanor,property,2016-06-24,273,6920623,30.2986301369863,M,White,2016-06-24,750.0,0.0,0,0.0,0
4905,4152,1012225,4606076,misdemeanor,property,2017-12-22,823,6096461,50.65753424657535,M,White,2017-02-19,91.0,0.0,0,0.0,0
2147,487,69474,1852105,misdemeanor,other,2019-04-20,106,6460426,30.30958904109589,F,White,2016-11-07,1688.0,389.0,0,0.0,0
4134,1918,540719,6184984,misdemeanor,property,2017-01-29,785,6561693,19.350684931506848,M,Black,2016-10-06,-35.0,0.0,0,0.0,0
4735,1945,971359,10560448,felony,violent,2013-05-05,66,6234841,30.63287671232877,M,White,2017-01-15,333.0,0.0,1,0.0,0
1745,1120,57265,8959269,felony,violent,2014-10-20,116,5435848,31.40821917808219,M,Black,2017-07-29,497.0,0.0,0,0.0,0
4067,2271,531993,9055790,misdemeanor,property,2014-09-16,802,5598101,52.59178082191781,M,White,2017-06-23,-114.0,0.0,0,0.0,1
5104,175,1065449,6695529,misdemeanor,drug,2020-10-01,635,6236432,32.635616438356166,M,White,2017-01-13,362.0,0.0,0,0.0,0
3725,355,327163,4612031,felony,violent,2017-12-20,916,4612031,33.221917808219175,M,White,2017-12-20,1933.0,2335.0,0,0.0,1
657,2416,24750,10459922,misdemeanor,other,2013-06-08,313,2586870,35.0958904109589,M,White,2018-12-06,227.0,0.0,0,0.0,0
3791,305,339988,7270525,misdemeanor,property,2016-04-05,139,5998375,56.57534246575342,M,,2017-03-17,14.0,0.0,0,0.0,0
929,3639,27586,1025422,misdemeanor,property,2019-09-06,145,6049427,22.48767123287672,M,mixed,2017-03-03,100.0,0.0,0,0.0,0
1138,4158,34896,6236060,misdemeanor,drug,2017-01-14,219,6275350,27.145205479452056,M,Black,2017-01-05,9.0,0.0,0,0.0,0
3079,3826,93743,10385400,misdemeanor,drug,2013-07-04,640,7392722,22.873972602739727,M,Black,2016-03-03,369.0,0.0,0,0.0,0
1161,6317,35378,3368502,misdemeanor,property,2018-07-26,338,3368502,62.18082191780822,M,Black,2018-07-26,1034.0,0.0,0,0.0,0
6260,5850,2601543,2958622,felony,other,2018-09-26,869,6304179,18.410958904109588,,White,2016-12-25,3.0,0.0,1,0.0,0
4024,4137,474178,6633763,misdemeanor,drug,2016-09-15,213,5597498,28.304109589041097,M,White,2017-06-23,-222.0,0.0,0,0.0,0
1716,1057,56946,2181244,misdemeanor,violent,2019-02-23,786,5140950,38.2027397260274,M,Black,2017-09-21,27.0,0.0,0,0.0,0
6076,2092,1814816,3247709,misdemeanor,violent,2018-07-31,980,3247709,28.065753424657533,M,White,2018-07-31,314.0,8800.0,0,0.0,0
5812,1646,1499680,5410169,misdemeanor,property,2017-08-03,340,7464288,24.88767123287672,F,Black,2016-02-15,-261.0,166.0,0,0.0,0
5692,3984,1337598,7012299,misdemeanor,property,2016-05-26,306,7012299,19.339726027397266,M,Black,2016-05-26,724.0,1854.0,0,0.0,0
6352,4342,3063044,6850396,misdemeanor,property,2016-07-13,345,6850396,24.063013698630137,F,mixed,2016-07-13,360.0,0.0,0,0.0,0
4511,4850,910635,10659977,misdemeanor,other,2013-03-31,841,4973877,61.01643835616439,M,Black,2017-10-22,-12.0,0.0,0,0.0,0
6052,5264,1800486,5784691,felony,other,2017-05-11,483,5784691,33.04383561643836,M,White,2017-05-11,-90.0,203.0,0,1.0,0
6151,2784,2293944,6599230,misdemeanor,property,2016-09-24,555,5847419,38.96712328767124,M,Other,2017-04-25,-12.0,0.0,0,0.0,0
587,233,21493,4902594,misdemeanor,violent,2020-08-27,358,2652491,24.136986301369863,M,White,2018-11-23,304.0,0.0,0,0.0,0
4530,1085,911263,9978106,felony,violent,2013-11-22,380,7281409,25.528767123287672,M,Black,2016-04-01,-927.0,0.0,0,0.0,0
3417,6087,229802,5973303,misdemeanor,property,2017-03-25,858,5976310,64.88493150684931,M,Black,2017-03-24,-501.0,0.0,0,0.0,0
6491,6417,3462861,7314871,misdemeanor,other,2016-03-24,92,6676950,71.27123287671233,M,Black,2016-09-02,-264.0,0.0,0,0.0,0
5172,5905,1072559,10497440,misdemeanor,other,2013-05-28,467,6845142,55.02739726027397,M,White,2016-07-15,-44.0,0.0,0,0.0,0
694,4431,25110,4945555,felony,other,2017-10-26,449,3787339,22.95616438356164,M,Black,2018-05-10,1611.0,0.0,0,0.0,2
5071,4517,1063563,11918570,misdemeanor,other,2013-08-12,385,4827776,30.816438356164383,M,White,2017-11-13,-2443.0,0.0,0,0.0,0
6499,4341,3553403,6879917,misdemeanor,violent,2016-07-06,300,6879917,45.67671232876712,F,Black,2016-07-06,-41.0,0.0,0,0.0,0
4991,2967,1058203,4862180,misdemeanor,drug,2017-11-07,373,7234140,27.33150684931507,M,Black,2016-04-15,1616.0,0.0,0,0.0,0
4607,4843,922587,11519231,misdemeanor,other,2012-05-29,587,7345698,29.36164383561644,M,Black,2016-03-16,-525.0,0.0,0,0.0,0
5943,5802,1609935,5433553,misdemeanor,violent,2017-07-31,406,7395386,41.40547945205479,,,2016-03-02,0.0,0.0,0,0.0,0
2526,212,79024,4827774,misdemeanor,property,2017-11-13,52,6759183,37.75616438356165,M,Black,2016-08-10,483.0,0.0,0,0.0,0
1294,5075,44850,3228421,misdemeanor,drug,2018-08-03,258,3778372,22.284931506849315,M,Black,2018-05-11,84.0,0.0,0,0.0,0
2648,4794,81982,5276835,felony,drug,2017-08-29,904,5427759,26.80821917808219,M,Black,2017-07-31,845.0,0.0,0,1.0,1
6090,1775,2018384,6075194,misdemeanor,other,2017-02-24,17,6075194,32.26849315068493,F,White,2017-02-24,120.0,25657.0,0,0.0,0
3109,3754,98350,5894808,misdemeanor,drug,2017-04-13,183,4251991,53.772602739726025,M,Black,2018-03-02,-1032.0,0.0,0,0.0,1
1935,2910,64186,3733495,misdemeanor,drug,2018-05-21,917,6203506,35.85753424657534,M,Black,2017-01-24,138.0,88.0,0,0.0,0
2030,449,66832,11341319,misdemeanor,drug,2012-07-30,892,4100820,33.62465753424657,M,Black,2018-03-28,-1105.0,0.0,0,0.0,1
5421,1905,1137620,7278496,misdemeanor,property,2016-04-03,845,3130830,33.10958904109589,M,Black,2018-08-24,-1135.0,0.0,0,0.0,0
3899,2172,349867,8750156,misdemeanor,drug,2015-01-07,676,6357251,23.82191780821918,F,White,2016-12-09,-111.0,0.0,0,0.0,0
3954,1134,379371,8762876,felony,property,2014-12-31,946,4641585,25.254794520547943,M,,2017-12-14,-1079.0,0.0,0,0.0,0
5820,1886,1499946,6322340,misdemeanor,violent,2016-12-19,653,6322340,25.86849315068493,M,White,2016-12-19,24.0,0.0,0,0.0,1
4151,3697,542158,8157349,misdemeanor,property,2015-07-15,216,6837789,31.87945205479452,M,mixed,2016-07-16,81.0,0.0,0,0.0,0
4990,2965,1058203,10470293,misdemeanor,drug,2013-06-05,373,7234140,27.33150684931507,M,Black,2016-04-15,0.0,0.0,0,0.0,0
1563,4708,51576,8551568,misdemeanor,other,2015-03-11,159,3138306,52.04657534246575,M,Black,2018-08-23,0.0,0.0,0,0.0,1
1305,4399,45181,3240494,misdemeanor,other,2018-08-01,207,3488332,19.26849315068493,M,Black,2018-07-05,0.0,0.0,0,0.0,2
2726,4927,83299,1237826,felony,violent,2019-07-25,452,6983854,18.164383561643834,,Black,2016-06-04,132.0,0.0,1,0.0,0
411,143,14780,6948168,misdemeanor,drug,2016-06-14,175,11966928,22.197260273972603,M,White,2016-04-12,1217.0,0.0,0,0.0,1
6435,2506,3231517,8947480,misdemeanor,property,2014-10-24,898,3512764,28.975342465753425,M,Black,2018-06-30,-1559.0,3385.0,0,0.0,0
4458,4915,908756,3798799,misdemeanor,property,2018-05-08,350,7027943,35.915068493150685,M,Black,2016-05-21,-25.0,0.0,0,0.0,0
6359,4045,3074655,6891149,misdemeanor,property,2016-07-04,723,6891149,58.4,M,Asian,2016-07-04,-708.0,3018.0,0,0.0,0
5594,2732,1302726,10367978,misdemeanor,property,2013-07-11,878,2950470,32.536986301369865,M,White,2018-09-27,-1805.0,0.0,0,0.0,2
3066,6100,92826,9658779,misdemeanor,other,2014-03-07,746,6037598,40.84657534246576,M,Black,2017-03-07,-1096.0,0.0,0,0.0,0
6036,5283,1781403,7203601,felony,violent,2016-04-22,832,7203601,24.386301369863013,M,White,2016-04-22,154.0,0.0,1,0.0,1
5102,173,1065449,1591013,misdemeanor,drug,2019-05-20,635,6236432,32.635616438356166,M,White,2017-01-13,203.0,116.0,0,0.0,0
1054,4322,32341,6555075,felony,violent,2016-10-09,722,6850726,18.654794520547945,M,Black,2016-07-13,303.0,0.0,1,1.0,2
2023,471,66829,7988451,felony,violent,2015-09-04,793,6871709,48.30684931506849,M,White,2016-07-06,25.0,0.0,1,0.0,2
2538,4520,79024,12007080,felony,property,2018-09-26,52,6759183,37.75616438356165,M,Black,2016-08-10,0.0,0.0,1,0.0,0
28,845,2326,3228229,felony,drug,2018-08-03,807,7591648,31.378082191780823,M,Black,2016-01-06,878.0,0.0,0,0.0,1
3556,6054,262806,2491948,misdemeanor,property,2018-12-26,32,2491948,60.84931506849315,M,Black,2018-12-26,955.0,0.0,0,0.0,0
179,4383,8089,7928983,felony,drug,2015-09-23,586,4652942,22.35890410958904,M,Black,2017-12-12,-1721.0,0.0,0,0.0,0
2614,1201,81423,7063563,felony,violent,2016-05-12,972,7063563,51.45205479452055,M,Black,2016-05-12,881.0,0.0,0,0.0,1
2708,1271,83127,3991676,felony,violent,2018-04-05,890,6186016,21.172602739726027,M,Black,2017-01-28,1538.0,0.0,0,0.0,0
4431,5896,883902,5996828,misdemeanor,property,2017-03-19,439,7153262,20.334246575342465,M,Black,2016-05-07,-31.0,0.0,0,0.0,0
4993,2987,1058203,5802923,misdemeanor,drug,2017-05-07,373,7234140,27.33150684931507,M,Black,2016-04-15,-89.0,0.0,0,0.0,0
3112,3817,98350,10311123,misdemeanor,other,2013-07-31,183,4251991,53.772602739726025,M,Black,2018-03-02,320.0,0.0,0,0.0,1
5359,1904,1129092,7293236,misdemeanor,property,2016-03-30,583,6971419,31.638356164383563,F,White,2016-06-08,-185.0,1210.0,0,0.0,4
910,4270,27558,4448872,misdemeanor,property,2018-01-25,54,4448872,37.512328767123286,M,Black,2018-01-25,-292.0,0.0,0,0.0,1
510,4829,15930,5787609,misdemeanor,drug,2017-05-10,335,4079940,26.504109589041096,M,Black,2018-03-31,0.0,0.0,0,0.0,0
4317,3748,754085,5633837,felony,property,2017-06-16,673,5633837,66.23835616438356,M,mixed,2017-06-16,1.0,3545.0,0,1.0,0
6199,5891,2508428,1065649,misdemeanor,other,2019-08-29,68,5769400,35.37808219178082,M,White,2017-05-16,490.0,0.0,0,0.0,0
4628,4909,929734,2778082,misdemeanor,property,2018-10-30,297,2971473,40.465753424657535,M,White,2018-09-24,343.0,0.0,0,0.0,0
4496,1221,910069,5059604,misdemeanor,violent,2017-10-05,408,5059604,27.77260273972603,F,mixed,2017-10-05,1408.0,205.0,0,0.0,1
5828,1861,1509614,7465708,misdemeanor,property,2016-02-13,424,7369356,52.19178082191781,M,White,2016-03-09,-315.0,0.0,0,0.0,0
5306,1694,1119846,6662303,felony,property,2016-09-07,914,7485908,19.312328767123287,M,Black,2016-02-08,0.0,0.0,1,0.0,3
6281,5399,2792559,8847299,misdemeanor,other,2014-11-29,614,6313370,50.71780821917808,M,White,2016-12-21,-962.0,0.0,0,0.0,0
4677,913,953314,8828548,misdemeanor,drug,2014-12-06,800,5373998,23.87123287671233,M,White,2017-08-10,246.0,1723.0,0,0.0,0
3680,4163,320631,6185123,misdemeanor,property,2017-01-29,996,6305418,31.63013698630137,M,Black,2016-12-23,23.0,0.0,0,0.0,0
1743,1087,57265,10182869,felony,drug,2013-09-11,116,5435848,31.40821917808219,M,Black,2017-07-29,-1206.0,0.0,0,0.0,0
6389,2538,3166359,1704789,misdemeanor,property,2019-05-06,180,2903760,33.0986301369863,M,mixed,2018-10-06,19.0,23022.0,0,0.0,0
4210,2087,670471,5339923,felony,property,2017-08-17,384,5339923,31.03013698630137,F,Black,2017-08-17,395.0,2904.0,0,0.0,1
3350,3787,207810,1521450,misdemeanor,violent,2019-06-02,511,3739546,27.51780821917808,M,Black,2018-05-20,303.0,0.0,0,0.0,0
2410,5576,76733,4609649,misdemeanor,drug,2017-12-21,48,4573842,27.47945205479452,F,White,2017-12-30,408.0,0.0,0,0.0,0
4391,3283,848761,7189038,felony,property,2016-04-28,613,7291921,30.10410958904109,M,White,2016-03-31,28.0,0.0,1,0.0,0
421,4470,14780,755773,misdemeanor,drug,2019-10-28,175,11966928,22.197260273972603,M,White,2016-04-12,1294.0,0.0,0,0.0,1
2288,5545,74595,10072716,misdemeanor,other,2013-10-22,148,2568623,38.24109589041096,M,Black,2018-12-10,52.0,0.0,0,0.0,0
2681,898,82604,9924034,misdemeanor,violent,2013-12-08,129,2576292,34.865753424657534,M,Black,2018-12-07,-17.0,0.0,0,0.0,2
3042,3768,92826,3186875,misdemeanor,other,2018-08-12,746,6037598,40.84657534246576,M,Black,2017-03-07,211.0,0.0,0,0.0,0
2046,22,67140,5145527,felony,other,2017-09-20,204,5670555,29.33150684931507,M,Black,2017-06-07,-569.0,204.0,0,0.0,2
2368,5815,75450,11377195,misdemeanor,other,2012-07-17,81,7462166,53.10410958904109,M,White,2016-02-16,0.0,0.0,0,0.0,0
6004,5338,1712911,4642420,misdemeanor,other,2017-12-14,991,4642420,75.55616438356165,M,White,2017-12-14,126.0,2372.0,0,0.0,0
4049,278,483280,7688698,misdemeanor,drug,2015-12-06,691,7165449,21.66575342465753,M,White,2016-05-03,-45.0,1041.0,0,0.0,0
804,6393,26596,8514739,misdemeanor,other,2015-03-23,137,7370720,46.40547945205479,M,mixed,2016-03-09,-18.0,0.0,0,0.0,0
3844,2772,342694,6486630,misdemeanor,violent,2016-10-29,465,6486630,19.843835616438355,F,White,2016-10-29,-950.0,0.0,0,0.0,0
3143,3685,101916,9142926,misdemeanor,property,2014-08-20,504,7278705,25.991780821917807,M,Black,2016-04-03,126.0,146.0,0,0.0,0
2785,838,84823,2778145,felony,violent,2018-10-30,400,2922877,24.0,M,Black,2018-10-02,2084.0,0.0,0,1.0,3
1216,3055,41664,6345606,felony,drug,2016-12-13,747,6659636,31.375342465753423,F,White,2016-09-08,-1015.0,874.0,0,1.0,1
6182,5880,2456906,6196462,felony,other,2017-01-26,728,6639316,22.794520547945204,F,White,2016-09-14,134.0,0.0,1,1.0,0
5890,4971,1571572,5014551,misdemeanor,property,2017-10-14,2,5014551,39.394520547945206,F,Black,2017-10-14,524.0,2108.0,0,0.0,0
3520,5356,253477,7525406,misdemeanor,other,2016-01-28,970,7019251,51.3013698630137,M,White,2016-05-24,-71.0,0.0,0,0.0,0
2003,5978,65964,10398758,misdemeanor,other,2013-06-30,229,6725060,24.34794520547945,M,Black,2016-08-20,-2705.0,0.0,0,0.0,1
4157,6103,542158,9172574,misdemeanor,other,2014-08-09,216,6837789,31.87945205479452,M,mixed,2016-07-16,117.0,0.0,0,0.0,0
4314,3922,750540,6170652,misdemeanor,violent,2017-02-02,750,5637824,23.654794520547945,M,Black,2017-06-15,-85.0,1502.0,0,0.0,0
940,6075,27785,604392,misdemeanor,property,2019-11-29,69,4280859,19.4,M,Black,2018-02-26,861.0,0.0,0,0.0,1
3744,388,336042,4317176,misdemeanor,other,2018-02-18,610,5170311,55.30684931506849,M,White,2017-09-15,-70.0,0.0,0,0.0,0
4007,1952,451627,9650515,felony,property,2014-03-10,293,6724161,44.64109589041096,M,Black,2016-08-21,457.0,0.0,0,0.0,1
913,6332,27558,285027,felony,violent,2020-02-04,54,4448872,37.512328767123286,M,Black,2018-01-25,1120.0,0.0,0,0.0,1
1649,2381,56090,6946186,misdemeanor,property,2016-06-15,362,6916269,18.29041095890411,M,White,2016-06-25,-10.0,0.0,0,0.0,0
5217,3280,1075503,6659770,felony,violent,2016-09-08,212,6623957,61.09041095890411,M,Black,2016-09-19,-1.0,0.0,1,0.0,1
460,5777,15340,10702900,misdemeanor,other,2013-03-16,237,5697246,39.5972602739726,M,White,2017-05-31,0.0,0.0,0,0.0,0
3837,4672,339988,10510168,misdemeanor,other,2013-05-22,139,5998375,56.57534246575342,M,,2017-03-17,-3.0,0.0,0,0.0,0
2990,3539,92636,2901076,misdemeanor,property,2018-10-08,896,5155920,56.05479452054794,M,Black,2017-09-19,-33.0,0.0,0,0.0,0
2697,1008,82666,3264932,misdemeanor,property,2018-07-27,295,7394502,43.78356164383562,M,Black,2016-03-02,908.0,0.0,0,0.0,0
4090,2890,533988,6349198,misdemeanor,property,2016-12-12,110,6485726,27.197260273972603,M,White,2016-10-30,410.0,0.0,0,0.0,0
5524,5941,1281927,3602021,misdemeanor,other,2018-06-14,458,3451139,19.22739726027397,M,White,2018-07-12,-28.0,0.0,0,0.0,0
4004,1297,451627,9841521,misdemeanor,other,2014-01-01,293,6724161,44.64109589041096,M,Black,2016-08-21,-251.0,0.0,0,0.0,1
464,5782,15340,10702891,misdemeanor,other,2013-03-16,237,5697246,39.5972602739726,M,White,2017-05-31,0.0,0.0,0,0.0,0
6089,1807,1992727,6491621,misdemeanor,property,2016-10-27,328,6182084,27.421917808219177,F,Other,2017-01-30,354.0,0.0,0,0.0,0
4338,6166,786744,3490313,misdemeanor,property,2018-07-05,425,3490313,52.75616438356165,M,Black,2018-07-05,-61.0,807.0,0,0.0,0
6313,5603,2880190,3877005,misdemeanor,drug,2018-04-24,446,3877005,20.30958904109589,M,Black,2018-04-24,-57.0,0.0,0,0.0,0
5092,163,1065197,2510506,misdemeanor,violent,2018-12-19,190,5821772,18.03835616438356,M,White,2017-05-01,597.0,0.0,0,0.0,0
3991,3653,434345,11462875,misdemeanor,property,2012-06-17,482,5527499,52.1972602739726,F,mixed,2017-07-10,-1849.0,0.0,0,0.0,0
2580,1402,80524,6966857,felony,violent,2016-06-09,828,6978316,38.4,M,Black,2016-06-06,3.0,0.0,1,0.0,5
591,2358,21966,566294,misdemeanor,other,2019-12-05,274,5161682,40.01095890410959,M,White,2017-09-18,1065.0,0.0,0,0.0,0
650,2337,24750,9031591,misdemeanor,drug,2014-09-24,313,2586870,35.0958904109589,M,White,2018-12-06,422.0,0.0,0,0.0,0
1013,2603,29538,7932932,felony,property,2015-09-22,756,4502396,35.553424657534244,M,Black,2018-01-16,-775.0,0.0,0,0.0,1
5517,3178,1273296,5612796,misdemeanor,property,2017-06-20,666,6762675,28.167123287671235,F,White,2016-08-10,-118.0,0.0,0,0.0,0
2388,2724,76548,4716605,misdemeanor,violent,2017-11-30,209,5008666,27.293150684931508,M,Black,2017-10-16,-241.0,978.0,0,0.0,0
5758,4482,1439871,7030740,misdemeanor,other,2016-05-20,835,7030740,30.698630136986303,M,White,2016-05-20,-45.0,0.0,0,0.0,0
3005,4552,92636,4777558,misdemeanor,property,2017-11-20,896,5155920,56.05479452054794,M,Black,2017-09-19,-480.0,0.0,0,0.0,0
3818,642,339988,6325168,misdemeanor,property,2016-12-18,139,5998375,56.57534246575342,M,,2017-03-17,56.0,0.0,0,0.0,0
1427,5939,48528,3601975,misdemeanor,other,2018-06-14,155,3851361,25.53972602739726,M,White,2018-04-29,472.0,0.0,0,0.0,0
3784,4675,338042,6074091,misdemeanor,other,2017-02-24,580,6074091,43.61095890410959,F,White,2017-02-24,114.0,0.0,0,0.0,0
3064,6037,92826,6139694,misdemeanor,other,2017-02-09,746,6037598,40.84657534246576,M,Black,2017-03-07,304.0,0.0,0,0.0,0
6511,4266,3605472,3869807,felony,other,2018-04-25,228,3869807,21.052054794520547,F,Black,2018-04-25,-129.0,1206.0,0,1.0,0
4586,4840,915957,11163905,misdemeanor,other,2012-09-27,70,7206185,48.07671232876712,M,mixed,2016-04-21,-484.0,0.0,0,0.0,0
2725,4813,83299,2054651,misdemeanor,drug,2019-03-15,452,6983854,18.164383561643834,,Black,2016-06-04,1014.0,0.0,0,0.0,0
6255,3136,2597745,2700058,misdemeanor,violent,2018-11-14,657,2700058,56.92602739726028,M,White,2018-11-14,0.0,0.0,0,0.0,0
924,6480,27558,2829487,misdemeanor,other,2018-10-20,54,4448872,37.512328767123286,M,Black,2018-01-25,172.0,0.0,0,0.0,1
2567,3285,80009,6851520,misdemeanor,drug,2016-07-13,312,6688760,32.86027397260274,M,,2016-08-30,0.0,0.0,0,0.0,2
2698,1161,82666,8236432,misdemeanor,violent,2015-06-20,295,7394502,43.78356164383562,M,Black,2016-03-02,-1133.0,0.0,0,0.0,0
4005,1455,451627,10560226,misdemeanor,violent,2013-05-05,293,6724161,44.64109589041096,M,Black,2016-08-21,-241.0,0.0,0,0.0,1
5246,5817,1111687,5742697,misdemeanor,other,2017-05-23,950,5936371,33.51780821917808,M,White,2017-04-03,-1210.0,0.0,0,0.0,0
479,628,15353,7873773,misdemeanor,property,2015-10-12,560,3039691,34.391780821917806,F,White,2018-09-11,632.0,0.0,0,0.0,3
850,4239,27249,7024593,misdemeanor,property,2016-05-23,960,6478529,22.87945205479452,M,Black,2016-11-01,752.0,0.0,0,0.0,3
3616,6104,311707,8992396,misdemeanor,other,2014-10-08,641,6106630,35.1945205479452,M,Black,2017-02-16,-862.0,0.0,0,0.0,0
4685,5188,953314,5146566,misdemeanor,other,2017-09-20,800,5373998,23.87123287671233,M,White,2017-08-10,41.0,0.0,0,0.0,0
5561,3333,1297492,8127671,misdemeanor,drug,2015-07-24,33,6957590,22.775342465753425,M,White,2016-06-13,741.0,0.0,0,0.0,0
1408,524,48211,11019857,misdemeanor,property,2012-11-20,843,3250281,34.2,M,White,2018-07-30,-2236.0,0.0,0,0.0,0
2670,1216,82486,5051269,misdemeanor,property,2017-10-07,186,5256465,25.63013698630137,M,Black,2017-09-01,627.0,0.0,0,0.0,3
1406,4674,48080,6272693,misdemeanor,other,2017-01-05,512,6445341,38.95890410958904,M,Black,2016-11-11,-714.0,0.0,0,0.0,0
5618,2673,1307676,7282808,misdemeanor,violent,2016-04-01,383,6704112,35.09315068493151,M,White,2016-08-26,-153.0,0.0,0,0.0,0
741,4157,26152,5131756,misdemeanor,property,2017-09-23,671,4957370,27.528767123287672,M,Black,2017-10-24,314.0,0.0,0,0.0,1
732,5417,25670,6605844,misdemeanor,other,2016-09-22,690,3949162,35.26301369863014,F,Black,2018-04-12,-567.0,0.0,0,0.0,0
2597,886,81249,10609260,misdemeanor,drug,2013-04-18,529,3377366,50.26849315068493,M,Black,2018-07-24,173.0,0.0,0,0.0,0
4336,3603,780656,6969145,felony,property,2016-06-09,65,6969145,19.66575342465753,M,Black,2016-06-09,-930.0,298.0,0,1.0,0
2183,4583,69777,6226502,misdemeanor,other,2017-01-17,868,5594049,27.216438356164385,M,Other,2017-06-24,-158.0,0.0,0,0.0,2
6295,2820,2871747,4317459,misdemeanor,property,2018-02-18,658,6601849,53.79726027397261,M,Black,2016-09-23,40.0,0.0,0,0.0,0
5785,114,1465404,11956956,misdemeanor,violent,2016-09-28,448,6759197,27.92602739726028,M,White,2016-08-10,0.0,0.0,0,0.0,0
1441,743,49472,9003559,misdemeanor,drug,2014-10-03,119,7563566,32.298630136986304,M,Black,2016-01-14,-46.0,0.0,0,0.0,0
2919,3553,91883,729953,misdemeanor,property,2019-11-04,903,7408614,25.14246575342466,F,Black,2016-02-27,213.0,0.0,0,0.0,0
1504,966,51323,4573585,misdemeanor,property,2017-12-30,811,4837325,32.26027397260274,M,White,2017-11-13,-100.0,456.0,0,0.0,0
378,94,14260,1957954,misdemeanor,violent,2019-04-02,625,12005344,19.30958904109589,M,,2018-01-15,711.0,595.0,0,0.0,0
3312,3831,184900,8898229,misdemeanor,drug,2014-11-12,554,7157228,24.46849315068493,M,Black,2016-05-06,-619.0,0.0,0,0.0,0
4147,2504,542158,9888558,misdemeanor,property,2013-12-17,216,6837789,31.87945205479452,M,mixed,2016-07-16,307.0,0.0,0,0.0,0
3358,3596,210420,6496625,misdemeanor,other,2016-10-26,173,6496625,21.895890410958906,F,Black,2016-10-26,-1082.0,0.0,0,0.0,0
2833,5098,85806,10389967,misdemeanor,other,2020-12-22,14,6816869,30.0986301369863,M,White,2016-07-23,1707.0,0.0,0,0.0,0
2376,6236,75450,5334207,felony,other,2017-08-18,81,7462166,53.10410958904109,M,White,2016-02-16,-762.0,0.0,0,0.0,0
4765,1523,988101,11235695,felony,property,2012-09-04,57,6185866,33.271232876712325,M,Black,2017-01-28,-1445.0,0.0,0,0.0,0
6192,3304,2497447,3089778,felony,violent,2018-09-02,543,5560404,55.80821917808219,F,Black,2017-07-04,425.0,0.0,0,1.0,0
4690,905,960754,9449629,misdemeanor,violent,2014-05-18,862,7408280,23.98630136986301,M,Black,2016-02-27,-1312.0,2808.0,0,0.0,0
2885,3575,91690,8895046,misdemeanor,other,2014-11-13,952,5883395,25.66575342465753,M,Black,2017-04-17,-1010.0,0.0,0,0.0,0
4606,1459,922587,10031581,misdemeanor,property,2013-11-05,587,7345698,29.36164383561644,M,Black,2016-03-16,-862.0,0.0,0,0.0,0
807,6396,26596,8299955,misdemeanor,other,2015-06-01,137,7370720,46.40547945205479,M,mixed,2016-03-09,-193.0,0.0,0,0.0,0
6497,6415,3515003,6870397,misdemeanor,other,2016-07-07,304,6870397,50.06301369863014,M,mixed,2016-07-07,-355.0,40789.0,0,0.0,0
4716,1448,961194,3673007,misdemeanor,property,2018-05-31,945,3394043,55.55068493150685,M,Black,2018-07-20,-102.0,0.0,0,0.0,0
5311,1900,1120637,6352870,misdemeanor,property,2016-12-10,647,6352870,51.23561643835617,M,White,2016-12-10,-212.0,791.0,0,0.0,0
517,5299,16944,9361077,misdemeanor,other,2014-06-09,503,3471309,39.66849315068493,M,White,2018-07-09,-794.0,0.0,0,0.0,0
5290,5305,1116388,5601903,misdemeanor,property,2017-06-22,309,6585372,26.942465753424656,M,Black,2016-09-29,-50.0,0.0,0,0.0,1
4566,4848,913768,10199827,misdemeanor,other,2013-09-05,675,7583303,41.04383561643836,M,Black,2016-01-08,-855.0,0.0,0,0.0,0
426,5661,14780,978311,misdemeanor,property,2019-09-14,175,11966928,22.197260273972603,M,White,2016-04-12,-356.0,0.0,0,0.0,1
3243,6006,126282,7848536,misdemeanor,other,2015-10-17,3,3573863,36.465753424657535,M,Black,2018-06-20,-838.0,0.0,0,0.0,0
4064,303,525326,7213308,misdemeanor,drug,2016-04-19,77,7213308,61.583561643835615,M,White,2016-04-19,-11.0,1108.0,0,0.0,0
6092,1770,2079709,6411247,misdemeanor,property,2016-11-17,767,6411247,76.73972602739725,F,White,2016-11-17,-388.0,56995.0,0,0.0,0
93,1658,4741,4236057,misdemeanor,property,2018-03-05,421,4609251,33.49589041095891,M,White,2017-12-21,0.0,0.0,0,0.0,0
2119,4008,69058,7920523,misdemeanor,violent,2015-09-25,402,7255033,49.24931506849315,F,mixed,2016-04-10,319.0,0.0,0,0.0,0
3246,3715,131507,6995889,misdemeanor,property,2016-06-01,919,6995889,31.076712328767123,M,mixed,2016-06-01,1241.0,0.0,0,0.0,0
1536,1520,51504,11435111,misdemeanor,drug,2012-06-26,838,7041731,48.94794520547945,M,Black,2016-05-18,-478.0,0.0,0,0.0,0
4149,2561,542158,10762487,misdemeanor,property,2013-02-23,216,6837789,31.87945205479452,M,mixed,2016-07-16,-327.0,0.0,0,0.0,0
2510,109,79024,11935772,misdemeanor,violent,2015-01-20,52,6759183,37.75616438356165,M,Black,2016-08-10,-188.0,0.0,0,0.0,0
322,1609,12751,5601400,felony,other,2017-06-22,73,4435364,26.40821917808219,M,Black,2018-01-27,1875.0,0.0,0,0.0,2
3124,6082,98350,312486,misdemeanor,other,2020-01-30,183,4251991,53.772602739726025,M,Black,2018-03-02,505.0,0.0,0,0.0,1
4946,5218,1039827,6456810,misdemeanor,property,2016-11-08,361,3839724,22.438356164383563,M,Black,2018-05-01,-539.0,0.0,0,0.0,0
5679,2249,1309509,6632821,misdemeanor,property,2016-09-15,754,2495644,31.46849315068493,M,White,2018-12-24,145.0,0.0,0,0.0,0
2768,1946,84199,10593154,felony,property,2013-04-23,553,7563283,22.12054794520548,M,Black,2016-01-14,-6.0,0.0,1,0.0,0
3267,6011,146410,6511633,misdemeanor,other,2016-10-21,518,5763206,53.31506849315068,M,Black,2017-05-17,513.0,0.0,0,0.0,1
6075,5294,1806016,5147741,misdemeanor,drug,2017-09-20,608,5290353,22.063013698630137,M,White,2017-08-27,-160.0,0.0,0,0.0,1
4277,3721,721126,7453819,misdemeanor,property,2016-02-18,730,7453819,50.013698630136986,M,Black,2016-02-18,-1453.0,876.0,0,0.0,0
5965,5418,1615681,6984069,misdemeanor,other,2016-06-04,537,6984069,18.88767123287672,M,White,2016-06-04,-1172.0,0.0,0,0.0,0
994,2478,28865,3516456,misdemeanor,drug,2018-06-29,86,5883782,20.852054794520548,M,Black,2017-04-17,446.0,0.0,0,0.0,1
6415,5669,3198370,6916328,misdemeanor,other,2016-06-25,514,6916329,40.895890410958906,M,White,2016-06-25,0.0,0.0,0,0.0,0
379,162,14260,3121947,misdemeanor,violent,2018-08-27,625,12005344,19.30958904109589,M,,2018-01-15,-218.0,0.0,0,0.0,0
5541,5101,1292211,2858541,misdemeanor,drug,2018-10-15,717,4460552,21.145205479452056,M,Black,2018-01-23,265.0,0.0,0,0.0,1
308,4764,11936,6689905,felony,property,2016-08-29,20,7158353,60.92602739726028,M,Black,2016-05-05,89.0,0.0,1,0.0,2
2774,1219,84410,6047692,misdemeanor,drug,2017-03-03,517,5974264,42.84109589041096,F,Black,2017-03-24,-41.0,0.0,0,0.0,0
1272,6291,43838,4848855,misdemeanor,violent,2017-11-09,34,4301105,25.852054794520548,M,Black,2018-02-21,-647.0,0.0,0,0.0,1
1974,385,65745,3464865,felony,property,2018-07-10,954,2673805,27.67945205479452,M,White,2018-11-19,2.0,0.0,1,0.0,0
1961,9,65387,3514373,misdemeanor,other,2018-06-29,392,7194627,18.813698630136987,M,Black,2016-04-26,66.0,0.0,0,0.0,0
273,684,10237,11148449,misdemeanor,violent,2012-10-03,516,3013712,26.4986301369863,M,Black,2018-09-16,-1679.0,166.0,0,0.0,0
816,6414,26596,8621181,misdemeanor,other,2015-02-13,137,7370720,46.40547945205479,M,mixed,2016-03-09,-201.0,0.0,0,0.0,0
4724,4865,961819,9170656,misdemeanor,other,2014-08-10,849,4667298,38.298630136986304,M,Black,2017-12-10,-965.0,0.0,0,0.0,0
4135,3738,540719,6240675,misdemeanor,property,2017-01-13,785,6561693,19.350684931506848,M,Black,2016-10-06,-16.0,0.0,0,0.0,0
4006,1525,451627,10964320,misdemeanor,drug,2012-12-08,293,6724161,44.64109589041096,M,Black,2016-08-21,-148.0,0.0,0,0.0,1
3498,3513,248206,5297910,misdemeanor,property,2017-08-25,118,5297910,31.421917808219177,M,Black,2017-08-25,-159.0,747.0,0,0.0,0
5917,2234,1602937,3957343,misdemeanor,drug,2018-04-11,240,4143130,44.59452054794521,F,White,2018-03-21,-62.0,0.0,0,0.0,0
5904,5076,1588377,3391743,misdemeanor,drug,2018-07-21,893,4998162,21.09315068493151,M,Black,2017-10-17,284.0,0.0,0,0.0,0
5022,5747,1059734,498935,misdemeanor,other,2019-12-20,308,6984750,27.78904109589041,F,Black,2016-06-04,2527.0,0.0,0,0.0,0
1821,4912,58583,4285077,felony,drug,2018-02-24,266,3982258,27.813698630136987,M,Black,2018-04-07,1271.0,0.0,0,0.0,2
6385,6307,3121881,4496581,felony,other,2018-01-17,112,4263198,31.095890410958905,M,mixed,2018-02-28,637.0,0.0,0,0.0,1
6080,1791,1985162,4328012,misdemeanor,property,2018-02-15,152,4328012,36.55342465753424,M,White,2018-02-15,768.0,25086.0,0,0.0,0
5950,2227,1610763,5329497,felony,violent,2017-08-19,840,5330582,36.07945205479452,M,Black,2017-08-19,190.0,0.0,1,0.0,0
5669,2157,1309509,7050917,misdemeanor,property,2016-05-16,754,2495644,31.46849315068493,M,White,2018-12-24,840.0,0.0,0,0.0,0
1209,5061,40226,2288061,misdemeanor,drug,2019-02-04,206,3212729,31.235616438356164,M,Black,2018-08-07,141.0,0.0,0,0.0,0
1990,334,65964,9677832,misdemeanor,drug,2014-02-27,229,6725060,24.34794520547945,M,Black,2016-08-20,438.0,0.0,0,0.0,1
4249,4198,720250,10437030,misdemeanor,property,2013-06-17,884,5705381,31.14246575342466,M,Black,2017-05-30,151.0,0.0,0,0.0,1
5703,4000,1348192,4323469,misdemeanor,violent,2018-02-16,966,5474682,19.54520547945205,M,Black,2017-07-21,210.0,0.0,0,0.0,0
677,2510,25060,9315454,misdemeanor,violent,2014-06-24,718,4796664,25.947945205479453,F,Black,2017-11-19,-1331.0,0.0,0,0.0,0
111,1737,4931,2021500,misdemeanor,other,2019-03-21,24,2500555,18.38082191780822,M,Black,2018-12-21,455.0,190.0,0,0.0,0
13,1335,2003,11443719,felony,drug,2012-06-22,325,3551844,53.465753424657535,M,Black,2018-06-22,-466.0,0.0,0,0.0,0
5419,1874,1137620,2633968,felony,property,2018-11-27,845,3130830,33.10958904109589,M,Black,2018-08-24,221.0,0.0,1,0.0,0
6373,6342,3097517,4759270,misdemeanor,drug,2017-11-26,215,3864977,37.23561643835617,M,,2018-04-26,-66.0,0.0,0,0.0,1
4492,1567,909864,7744326,misdemeanor,drug,2015-11-18,80,6892870,22.273972602739725,M,Black,2016-07-02,-227.0,0.0,0,0.0,0
6514,3842,3664742,9599248,felony,drug,2014-03-27,648,7478500,21.77260273972603,M,Black,2016-02-10,-1594.0,58974.0,0,0.0,0
4196,56,597360,5885165,felony,drug,2017-04-16,471,5885165,23.21917808219178,M,Black,2017-04-16,-367.0,11273.0,0,1.0,0
2704,924,83127,7576483,misdemeanor,violent,2016-01-11,890,6186016,21.172602739726027,M,Black,2017-01-28,-847.0,0.0,0,0.0,0
2297,5620,74595,2073689,misdemeanor,drug,2019-03-13,148,2568623,38.24109589041096,M,Black,2018-12-10,160.0,0.0,0,0.0,0
1174,6279,36554,7851517,misdemeanor,other,2015-10-16,459,6704707,36.23835616438356,M,mixed,2016-08-26,93.0,0.0,0,0.0,0
4887,1514,1009164,978015,misdemeanor,property,2019-09-14,804,7293010,26.153424657534245,M,Black,2016-03-30,720.0,0.0,0,0.0,0
4951,5585,1039918,3885604,misdemeanor,property,2018-04-23,735,3743125,43.69315068493151,F,White,2018-05-18,3.0,0.0,0,0.0,0
6439,5414,3243981,7603993,misdemeanor,property,2016-01-02,218,7603993,59.67397260273973,M,White,2016-01-02,0.0,0.0,0,0.0,0
6442,5421,3249683,7005361,misdemeanor,other,2016-05-28,729,7005361,34.47123287671233,M,White,2016-05-28,-105.0,255.0,0,0.0,0
3147,4207,101916,9218695,misdemeanor,property,2014-07-25,504,7278705,25.991780821917807,M,Black,2016-04-03,163.0,0.0,0,0.0,0
5126,3323,1072559,10358545,misdemeanor,property,2013-07-15,467,6845142,55.02739726027397,M,White,2016-07-15,81.0,0.0,0,0.0,0
4428,3307,883902,3559253,misdemeanor,violent,2018-06-22,439,7153262,20.334246575342465,M,Black,2016-05-07,776.0,0.0,0,0.0,0
2289,5546,74595,8862121,misdemeanor,drug,2014-11-23,148,2568623,38.24109589041096,M,Black,2018-12-10,397.0,0.0,0,0.0,0
5318,5227,1123886,6021815,misdemeanor,other,2017-03-10,667,4973926,25.756164383561643,M,Black,2017-10-22,-226.0,0.0,0,0.0,0
1405,4603,48080,2505370,misdemeanor,property,2018-12-20,512,6445341,38.95890410958904,M,Black,2016-11-11,197.0,0.0,0,0.0,0
1092,4104,33253,11318783,felony,other,2012-08-07,649,4284534,24.306849315068494,M,Black,2018-02-25,-6.0,0.0,1,0.0,0
3923,2254,351751,19588028,misdemeanor,drug,2012-01-10,171,6215292,23.90410958904109,F,White,2017-01-20,-2452.0,0.0,0,0.0,0
5408,1828,1137620,5422220,misdemeanor,property,2017-08-01,845,3130830,33.10958904109589,M,Black,2018-08-24,794.0,0.0,0,0.0,0
3311,3601,184900,6816608,felony,property,2016-07-23,554,7157228,24.46849315068493,M,Black,2016-05-06,354.0,0.0,1,0.0,0
2130,4572,69058,3940193,misdemeanor,other,2018-04-14,402,7255033,49.24931506849315,F,mixed,2016-04-10,76.0,0.0,0,0.0,0
1063,4196,32779,10023171,misdemeanor,drug,2013-11-08,261,6049457,27.38082191780822,M,Black,2017-03-03,-1211.0,0.0,0,0.0,1
4126,3619,539354,4818638,misdemeanor,property,2017-11-15,365,4818638,51.27945205479452,M,Black,2017-11-15,-772.0,86.0,0,0.0,0
4378,3403,847994,487581,misdemeanor,violent,2019-12-23,156,7311479,25.2986301369863,M,Black,2016-03-25,1243.0,0.0,0,0.0,0
3460,3840,239629,8787305,misdemeanor,drug,2014-12-20,547,5585793,27.71780821917808,M,Black,2017-06-27,710.0,0.0,0,0.0,1
833,4305,26679,7619999,misdemeanor,property,2015-12-27,224,6916481,31.117808219178084,M,Black,2016-06-25,557.0,0.0,0,0.0,0
6197,3290,2508428,5485957,misdemeanor,drug,2017-07-19,68,5769400,35.37808219178082,M,White,2017-05-16,64.0,0.0,0,0.0,0
1616,619,55112,10125691,misdemeanor,property,2013-09-30,225,7200043,46.46849315068493,M,White,2016-04-23,480.0,0.0,0,0.0,0
1028,2577,29542,6094563,misdemeanor,drug,2017-02-20,881,4668826,28.698630136986303,F,White,2017-12-09,-292.0,0.0,0,0.0,0
5245,3208,1111687,5550829,misdemeanor,other,2020-09-14,950,5936371,33.51780821917808,M,White,2017-04-03,-81.0,0.0,0,0.0,0
847,4197,27249,10417309,misdemeanor,drug,2013-06-24,960,6478529,22.87945205479452,M,Black,2016-11-01,185.0,0.0,0,0.0,3
5123,3320,1072559,11253684,misdemeanor,property,2012-08-29,467,6845142,55.02739726027397,M,White,2016-07-15,-1228.0,703.0,0,0.0,0
757,4364,26152,3439945,misdemeanor,violent,2018-07-13,671,4957370,27.528767123287672,M,Black,2017-10-24,262.0,0.0,0,0.0,1
2693,4877,82604,8108988,misdemeanor,other,2015-07-29,129,2576292,34.865753424657534,M,Black,2018-12-07,478.0,0.0,0,0.0,2
483,2688,15353,3039691,misdemeanor,property,2018-09-11,560,3039691,34.391780821917806,F,White,2018-09-11,-48.0,0.0,0,0.0,3
6412,5665,3198323,6743620,misdemeanor,other,2016-08-15,808,6743620,19.964383561643835,M,White,2016-08-15,-370.0,5618.0,0,0.0,0
3826,4617,339988,13648807,misdemeanor,other,2012-04-26,139,5998375,56.57534246575342,M,,2017-03-17,93.0,0.0,0,0.0,0
2989,3538,92636,2715207,misdemeanor,property,2018-11-10,896,5155920,56.05479452054794,M,Black,2017-09-19,425.0,0.0,0,0.0,0
2972,3463,92636,6870865,misdemeanor,property,2016-07-07,896,5155920,56.05479452054794,M,Black,2017-09-19,102.0,0.0,0,0.0,0
3848,1129,342986,9199251,misdemeanor,violent,2014-07-31,427,3234875,50.80821917808219,M,Black,2018-08-02,-365.0,0.0,0,0.0,2
3890,373,347083,3412511,misdemeanor,violent,2018-07-17,739,3412511,19.0027397260274,F,White,2018-07-17,-259.0,2639.0,0,0.0,0
2978,3476,92636,7194554,misdemeanor,property,2016-04-26,896,5155920,56.05479452054794,M,Black,2017-09-19,-2.0,0.0,0,0.0,0
3701,2034,323098,3149710,misdemeanor,property,2018-08-21,127,5801992,31.42465753424657,M,Black,2017-05-07,-1.0,0.0,0,0.0,0
6407,5655,3192537,5291767,misdemeanor,other,2017-08-26,924,5291769,49.96986301369863,M,White,2017-08-26,-60.0,103.0,0,0.0,0
863,4278,27249,2445964,misdemeanor,property,2019-01-04,960,6478529,22.87945205479452,M,Black,2016-11-01,-59.0,0.0,0,0.0,3
2547,5833,79145,7547059,misdemeanor,other,2016-01-19,495,4185409,26.87945205479452,F,White,2018-03-14,-785.0,0.0,0,0.0,0
5631,2702,1307719,2153660,misdemeanor,drug,2019-02-28,911,3086994,22.10136986301369,M,Black,2018-09-03,178.0,0.0,0,0.0,2
3277,3838,162419,9223160,felony,drug,2014-07-24,329,7017218,33.38082191780822,M,Black,2016-05-25,64.0,0.0,1,0.0,0
3220,5974,122092,10211190,misdemeanor,other,2013-09-02,442,2547343,45.96986301369863,M,mixed,2018-12-13,-2270.0,0.0,0,0.0,0
1066,4539,32779,8607800,misdemeanor,other,2015-02-19,261,6049457,27.38082191780822,M,Black,2017-03-03,340.0,0.0,0,0.0,1
4972,3362,1055115,11537447,felony,property,2012-05-25,226,7371681,57.56164383561644,M,White,2016-03-09,-49.0,0.0,1,0.0,1
828,4209,26679,9280653,misdemeanor,drug,2014-07-04,224,6916481,31.117808219178084,M,Black,2016-06-25,173.0,0.0,0,0.0,0
168,737,8089,9699722,misdemeanor,other,2014-02-20,586,4652942,22.35890410958904,M,Black,2017-12-12,-925.0,256.0,0,0.0,0
854,4265,27249,3580766,misdemeanor,property,2018-06-19,960,6478529,22.87945205479452,M,Black,2016-11-01,-185.0,0.0,0,0.0,3
2934,6012,92220,6515483,misdemeanor,other,2016-10-20,629,6515483,61.131506849315066,M,,2016-10-20,604.0,0.0,0,0.0,0
3399,6190,224737,2453019,felony,drug,2019-01-03,232,7216810,21.2986301369863,F,Black,2016-04-19,989.0,0.0,0,1.0,0
4661,894,942846,10882719,misdemeanor,drug,2013-01-10,662,7476023,44.3013698630137,M,Black,2016-02-10,-2081.0,84.0,0,0.0,0
2605,4911,81249,2901847,misdemeanor,property,2018-10-07,529,3377366,50.26849315068493,M,Black,2018-07-24,697.0,0.0,0,0.0,0
2537,4514,79024,2953447,felony,property,2018-09-26,52,6759183,37.75616438356165,M,Black,2016-08-10,777.0,0.0,0,0.0,0
4857,5695,1003853,3388991,felony,other,2018-07-23,393,3388991,42.69041095890411,M,White,2018-07-23,237.0,0.0,1,1.0,1
5390,1690,1134813,6993682,felony,violent,2016-06-01,478,5928260,19.339726027397266,M,Black,2017-04-04,27.0,0.0,1,0.0,6
54,868,2778,4660173,misdemeanor,violent,2017-12-11,35,4871957,29.649315068493152,M,mixed,2017-11-05,0.0,0.0,0,0.0,0
3150,4219,101916,7716418,misdemeanor,property,2015-11-27,504,7278705,25.991780821917807,M,Black,2016-04-03,224.0,0.0,0,0.0,0
1391,419,48080,6445341,felony,property,2016-11-11,512,6445341,38.95890410958904,M,Black,2016-11-11,-545.0,0.0,0,0.0,0
6306,5624,2871747,1489755,misdemeanor,drug,2019-06-07,658,6601849,53.79726027397261,M,Black,2016-09-23,-118.0,0.0,0,0.0,0
3501,4084,251820,4329979,misdemeanor,property,2018-02-15,461,4307219,31.624657534246577,M,Black,2018-02-20,458.0,0.0,0,0.0,0
5301,5217,1117726,7288288,misdemeanor,property,2016-03-31,519,7288288,50.95616438356164,M,Black,2016-03-31,836.0,0.0,0,0.0,0
1151,4346,35320,7298388,misdemeanor,property,2016-03-29,544,3607980,24.339726027397266,M,Black,2018-06-13,-170.0,0.0,0,0.0,2
2017,4606,66046,1237343,misdemeanor,property,2019-07-25,909,5057571,24.473972602739725,M,Black,2017-10-06,105.0,0.0,0,0.0,0
4960,2376,1052139,7963882,misdemeanor,property,2015-09-11,891,6537189,48.367123287671234,M,White,2016-10-14,0.0,0.0,0,0.0,0
6368,4159,3097517,5594854,felony,violent,2017-06-24,215,3864977,37.23561643835617,M,,2018-04-26,-180.0,0.0,1,0.0,1
4129,3928,540315,5238488,misdemeanor,drug,2017-09-06,664,5238488,19.673972602739727,F,Black,2017-09-06,-79.0,128.0,0,0.0,0
146,2291,6614,8201490,felony,violent,2015-07-02,107,5913001,25.3972602739726,M,White,2017-04-09,-1080.0,930.0,0,0.0,1
2043,3965,66936,9517416,misdemeanor,drug,2014-04-23,926,4531245,46.2958904109589,M,Black,2018-01-10,-1151.0,0.0,0,0.0,0
2993,3548,92636,1834377,misdemeanor,property,2019-04-24,896,5155920,56.05479452054794,M,Black,2017-09-19,-60.0,0.0,0,0.0,0
4494,4690,909864,9934093,misdemeanor,drug,2013-12-05,80,6892870,22.273972602739725,M,Black,2016-07-02,-706.0,0.0,0,0.0,0
233,17,9102,4983747,felony,property,2017-10-19,521,4983747,24.898630136986306,M,Black,2017-10-19,-320.0,58.0,0,0.0,0
4330,6152,767695,4534880,misdemeanor,drug,2018-01-10,964,4534880,39.654794520547945,M,Black,2018-01-10,-854.0,642.0,0,0.0,0
3288,3841,173473,9592452,misdemeanor,property,2014-03-29,404,7552078,50.16712328767123,M,Black,2016-01-16,-248.0,0.0,0,0.0,0
5837,1726,1515517,3265123,misdemeanor,violent,2018-07-27,549,4397666,38.52876712328767,M,White,2018-02-02,677.0,4795.0,0,0.0,2
1141,4106,35320,10658502,felony,violent,2013-04-01,544,3607980,24.339726027397266,M,Black,2018-06-13,-1977.0,272.0,0,0.0,2
5639,2681,1308319,5968338,misdemeanor,other,2017-03-27,46,5819314,19.27671232876712,M,Black,2017-05-02,-36.0,0.0,0,0.0,0
2357,2767,75450,7462166,misdemeanor,property,2016-02-16,81,7462166,53.10410958904109,M,White,2016-02-16,-1232.0,24.0,0,0.0,0
529,4801,17881,4452193,misdemeanor,drug,2018-01-24,753,4771776,31.526027397260275,M,Black,2017-11-21,275.0,0.0,0,0.0,2
4520,4870,910635,9227882,misdemeanor,other,2014-07-22,841,4973877,61.01643835616439,M,Black,2017-10-22,-76.0,0.0,0,0.0,0
4627,4791,929734,4772121,misdemeanor,drug,2017-11-21,297,2971473,40.465753424657535,M,White,2018-09-24,579.0,0.0,0,0.0,0
3709,5205,323098,3246302,misdemeanor,property,2018-07-31,127,5801992,31.42465753424657,M,Black,2017-05-07,-409.0,0.0,0,0.0,0
3956,4754,379371,8633900,misdemeanor,other,2015-02-09,946,4641585,25.254794520547943,M,,2017-12-14,-714.0,0.0,0,0.0,0
6377,6289,3103734,6101374,misdemeanor,other,2017-02-17,721,6101374,23.493150684931507,M,mixed,2017-02-17,-95.0,1359.0,0,0.0,0
1923,2936,63935,6200754,misdemeanor,property,2017-01-25,341,7021379,29.64109589041096,F,White,2016-05-24,507.0,0.0,0,0.0,1
3920,2230,351751,6215292,misdemeanor,property,2017-01-20,171,6215292,23.90410958904109,F,White,2017-01-20,169.0,0.0,0,0.0,0
2734,4898,83582,5186512,misdemeanor,drug,2017-09-13,842,5186512,21.26027397260274,M,Black,2017-09-13,-726.0,0.0,0,0.0,2
192,1908,8778,5749970,misdemeanor,violent,2017-05-20,827,7307141,34.32876712328767,M,Black,2016-03-26,764.0,0.0,0,0.0,3
6129,2657,2248903,7276075,misdemeanor,property,2016-04-04,913,7276076,33.21095890410959,M,White,2016-04-04,0.0,0.0,0,0.0,0
2878,6031,91611,5546181,misdemeanor,other,2017-07-06,102,5490784,30.58082191780822,M,Black,2017-07-18,-12.0,0.0,0,0.0,0
2942,3888,92254,6417469,misdemeanor,property,2016-11-16,413,4354694,25.13150684931507,M,Black,2018-02-11,660.0,0.0,0,0.0,0
3942,4660,358578,2534472,misdemeanor,other,2018-12-14,423,2511968,38.64109589041096,M,,2018-12-19,253.0,0.0,0,0.0,2
4893,1949,1009164,10058759,misdemeanor,violent,2013-10-27,804,7293010,26.153424657534245,M,Black,2016-03-30,-1646.0,0.0,0,0.0,0
5676,2208,1309509,6942391,misdemeanor,drug,2016-06-16,754,2495644,31.46849315068493,M,White,2018-12-24,83.0,0.0,0,0.0,0
2182,4582,69777,5594049,misdemeanor,violent,2017-06-24,868,5594049,27.216438356164385,M,Other,2017-06-24,180.0,0.0,0,0.0,2
3964,2567,380061,9204308,misdemeanor,drug,2014-07-30,981,7417657,28.87123287671233,F,White,2016-02-25,-287.0,0.0,0,0.0,2
6285,5387,2793559,4387357,felony,other,2018-02-05,147,4662342,45.61643835616438,M,White,2017-12-11,57.0,0.0,1,1.0,0
3841,328,342694,4929704,misdemeanor,violent,2020-09-01,465,6486630,19.843835616438355,F,White,2016-10-29,888.0,0.0,0,0.0,0
1950,491,65316,630717,felony,violent,2019-11-22,429,6863214,36.42739726027397,M,Black,2016-07-08,2664.0,0.0,0,1.0,1
6419,2579,3212405,6286340,felony,property,2017-01-02,940,6143190,27.942465753424656,M,Black,2017-02-08,-330.0,742.0,0,0.0,1
3787,277,339988,8296775,misdemeanor,property,2015-06-01,139,5998375,56.57534246575342,M,,2017-03-17,1017.0,0.0,0,0.0,0
2316,5622,74677,1987676,misdemeanor,drug,2019-03-28,294,6355703,28.54520547945205,M,White,2016-12-09,1697.0,0.0,0,0.0,0
5957,5751,1610763,1893112,misdemeanor,other,2019-04-13,840,5330582,36.07945205479452,M,Black,2017-08-19,-11.0,0.0,0,0.0,0
2071,3482,67939,7277251,misdemeanor,property,2016-04-04,707,5475688,60.42191780821918,M,Black,2017-07-21,25.0,0.0,0,0.0,0
5168,5901,1072559,11341182,misdemeanor,other,2012-07-31,467,6845142,55.02739726027397,M,White,2016-07-15,-18.0,0.0,0,0.0,0
2901,3518,91718,6028961,misdemeanor,property,2017-03-09,25,6028961,29.572602739726022,M,Black,2017-03-09,-517.0,28.0,0,0.0,0
5868,790,1543625,6828868,misdemeanor,violent,2016-07-19,441,4283852,56.85753424657534,M,Black,2018-02-25,473.0,0.0,0,0.0,0
3434,5824,230959,9368979,misdemeanor,other,2014-06-06,875,3128626,28.09041095890411,M,mixed,2018-08-25,-930.0,0.0,0,0.0,0
299,4389,11885,5071753,felony,other,2017-10-03,894,5223686,39.12876712328767,M,Black,2017-09-09,24.0,0.0,1,1.0,1
5958,5752,1610763,58056,misdemeanor,property,2020-04-01,840,5330582,36.07945205479452,M,Black,2017-08-19,354.0,0.0,0,0.0,0
3684,4665,320631,449977,misdemeanor,property,2020-01-01,996,6305418,31.63013698630137,M,Black,2016-12-23,-335.0,0.0,0,0.0,0
897,6331,27382,11098412,misdemeanor,other,2020-12-30,75,7381538,26.56438356164384,M,Black,2016-03-07,1067.0,0.0,0,0.0,0
3822,4531,339988,10428435,misdemeanor,other,2013-06-19,139,5998375,56.57534246575342,M,,2017-03-17,-1439.0,0.0,0,0.0,0
6049,5277,1799436,5754726,felony,drug,2017-05-19,336,5754726,21.36712328767124,M,White,2017-05-19,-142.0,220.0,0,0.0,1
3968,3012,380061,7417657,felony,property,2016-02-25,981,7417657,28.87123287671233,F,White,2016-02-25,-190.0,0.0,1,0.0,2
6218,3341,2558637,5052563,misdemeanor,violent,2017-10-07,318,5052563,19.43013698630137,F,White,2017-10-07,-707.0,0.0,0,0.0,0
1668,973,56410,4690957,misdemeanor,property,2017-12-05,741,4937826,33.4027397260274,M,Black,2017-10-27,440.0,0.0,0,0.0,0
559,204,20010,6983711,misdemeanor,drug,2016-06-04,600,2594291,41.0958904109589,M,White,2018-12-04,310.0,0.0,0,0.0,0
2319,2798,74723,4839157,misdemeanor,drug,2017-11-12,593,4502652,33.131506849315066,M,White,2018-01-16,269.0,0.0,0,0.0,0
3815,584,339988,6010030,misdemeanor,property,2017-03-14,139,5998375,56.57534246575342,M,,2017-03-17,-34.0,0.0,0,0.0,0
6376,4065,3102375,5741406,misdemeanor,property,2017-05-23,812,5741406,55.772602739726025,M,mixed,2017-05-23,-128.0,2875.0,0,0.0,0
2296,5609,74595,2912673,misdemeanor,drug,2018-10-04,148,2568623,38.24109589041096,M,Black,2018-12-10,57.0,0.0,0,0.0,0
2834,5099,85806,350218,misdemeanor,violent,2020-01-22,14,6816869,30.0986301369863,M,White,2016-07-23,-335.0,0.0,0,0.0,0
2758,6014,84027,6677243,misdemeanor,property,2016-09-02,607,2680535,39.26849315068493,M,Black,2018-11-18,368.0,0.0,0,0.0,1
3876,563,344444,6640139,misdemeanor,property,2016-09-13,270,4865164,27.265753424657536,M,Black,2017-11-06,400.0,0.0,0,0.0,1
976,2549,28329,169621,misdemeanor,property,2020-02-27,634,6400651,48.74794520547945,F,Black,2016-11-21,1193.0,0.0,0,0.0,0
5701,3380,1348192,5668710,misdemeanor,other,2017-06-08,966,5474682,19.54520547945205,M,Black,2017-07-21,-1224.0,0.0,0,0.0,0
104,5109,4741,949667,misdemeanor,property,2019-09-19,421,4609251,33.49589041095891,M,White,2017-12-21,146.0,0.0,0,0.0,0
4248,4194,720250,10863640,misdemeanor,other,2013-01-17,884,5705381,31.14246575342466,M,Black,2017-05-30,-2251.0,0.0,0,0.0,1
748,4287,26152,10917892,felony,violent,2012-12-27,671,4957370,27.528767123287672,M,Black,2017-10-24,-2312.0,0.0,0,0.0,1
3560,3531,265085,3783442,misdemeanor,property,2018-05-11,541,3232676,43.10410958904109,M,Black,2018-08-03,-153.0,0.0,0,0.0,0
6333,4107,3000544,10306860,felony,property,2013-08-01,419,5607185,22.46027397260274,M,mixed,2017-06-21,-1536.0,0.0,0,0.0,0
5757,4479,1439871,6890662,misdemeanor,other,2016-07-04,835,7030740,30.698630136986303,M,White,2016-05-20,784.0,0.0,0,0.0,0
3387,6145,220893,6210564,misdemeanor,other,2017-01-23,523,7488749,18.24109589041096,F,Black,2016-02-08,-36.0,0.0,0,0.0,0
2992,3545,92636,1411743,misdemeanor,property,2019-06-23,896,5155920,56.05479452054794,M,Black,2017-09-19,492.0,0.0,0,0.0,0
2387,5643,75570,3260505,misdemeanor,drug,2018-07-29,677,4741552,26.2027397260274,M,White,2017-11-28,-484.0,0.0,0,0.0,0
3400,3480,226290,7256175,misdemeanor,violent,2016-04-09,538,7256175,33.347945205479455,M,mixed,2016-04-09,-999.0,1553.0,0,0.0,0
3930,554,358458,8247591,misdemeanor,other,2015-06-16,160,6746136,28.85753424657534,M,mixed,2016-08-13,846.0,0.0,0,0.0,0
5415,1839,1137620,565603,misdemeanor,property,2019-12-05,845,3130830,33.10958904109589,M,Black,2018-08-24,74.0,0.0,0,0.0,0
1365,4400,47154,3407233,felony,other,2018-07-18,965,3578573,30.68493150684932,M,Black,2018-06-19,29.0,0.0,1,1.0,0
1884,2914,62440,10759615,felony,violent,2013-02-25,702,3472322,54.43835616438356,M,White,2018-07-09,-64.0,0.0,1,0.0,1
4616,1246,929734,5226390,misdemeanor,drug,2017-09-08,297,2971473,40.465753424657535,M,White,2018-09-24,581.0,0.0,0,0.0,0
3594,6083,301613,130559,misdemeanor,property,2020-03-06,834,5513065,20.295890410958904,M,Black,2017-07-13,-143.0,0.0,0,0.0,0
3359,3468,212874,7376190,felony,property,2016-03-08,250,7184393,41.35068493150685,M,mixed,2016-04-29,-232.0,2454.0,0,0.0,1
191,1896,8778,8430126,misdemeanor,violent,2015-04-17,827,7307141,34.32876712328767,M,Black,2016-03-26,-367.0,0.0,0,0.0,3
4521,4871,910635,9269918,misdemeanor,other,2014-07-08,841,4973877,61.01643835616439,M,Black,2017-10-22,-14.0,0.0,0,0.0,0
5269,5829,1114013,6388244,felony,other,2016-11-25,407,4457859,48.7945205479452,F,Black,2018-01-24,218.0,0.0,1,0.0,1
2094,362,69058,5354790,misdemeanor,other,2017-08-14,402,7255033,49.24931506849315,F,mixed,2016-04-10,-65.0,0.0,0,0.0,0
6518,3916,3668762,5918533,felony,violent,2017-04-07,987,5918533,29.13150684931507,M,Black,2017-04-07,200.0,1332.0,0,1.0,0
556,115,20010,11956901,misdemeanor,drug,2016-10-17,600,2594291,41.0958904109589,M,White,2018-12-04,347.0,0.0,0,0.0,0
1699,2062,56410,4046512,misdemeanor,property,2020-07-28,741,4937826,33.4027397260274,M,Black,2017-10-27,507.0,0.0,0,0.0,0
4465,991,909315,4524392,misdemeanor,violent,2018-01-11,410,4524392,22.035616438356165,M,Black,2018-01-11,830.0,0.0,0,0.0,0
4076,2646,531993,7322233,misdemeanor,drug,2016-03-22,802,5598101,52.59178082191781,M,White,2017-06-23,309.0,0.0,0,0.0,1
6118,4661,2143682,4437585,misdemeanor,property,2018-01-26,646,5014497,54.484931506849314,M,White,2017-10-14,104.0,0.0,0,0.0,0
2899,6053,91690,3083790,misdemeanor,other,2018-09-04,952,5883395,25.66575342465753,M,Black,2017-04-17,1428.0,0.0,0,0.0,0
6034,2135,1781403,6503991,misdemeanor,other,2016-10-24,832,7203601,24.386301369863013,M,White,2016-04-22,245.0,2262.0,0,0.0,1
3284,5883,172713,4874761,misdemeanor,drug,2017-11-04,323,4874761,24.2054794520548,M,Black,2017-11-04,1983.0,0.0,0,0.0,1
5304,1363,1119846,8906725,felony,other,2014-11-08,914,7485908,19.312328767123287,M,Black,2016-02-08,-65.0,0.0,1,0.0,3
4976,3397,1055115,7300056,misdemeanor,property,2016-03-29,226,7371681,57.56164383561644,M,White,2016-03-09,821.0,0.0,0,0.0,1
163,1378,7833,7940960,felony,other,2015-09-18,969,2827385,40.71232876712329,F,Black,2018-10-21,968.0,0.0,0,0.0,0
2869,3633,91481,4319416,misdemeanor,property,2018-02-17,117,4650173,21.28219178082192,M,Black,2017-12-13,390.0,0.0,0,0.0,0
3431,3491,230959,5389656,misdemeanor,property,2017-08-08,875,3128626,28.09041095890411,M,mixed,2018-08-25,-63.0,0.0,0,0.0,0
4533,5194,911263,5871160,misdemeanor,property,2017-04-19,380,7281409,25.528767123287672,M,Black,2016-04-01,-1059.0,0.0,0,0.0,0
4880,4995,1009103,3679683,misdemeanor,drug,2018-05-30,871,5293905,24.052054794520547,F,Black,2017-08-25,278.0,0.0,0,0.0,1
3538,394,259056,1327786,felony,property,2019-07-09,59,4219078,40.772602739726025,M,Black,2018-03-08,325.0,741.0,0,0.0,1
348,5068,13178,7905613,misdemeanor,other,2015-09-30,363,6641052,20.01095890410959,M,Black,2016-09-13,-856.0,0.0,0,0.0,5
5778,4511,1457941,8121440,misdemeanor,other,2015-07-26,120,7138010,43.21917808219178,F,White,2016-05-11,-290.0,0.0,0,0.0,0
